id,orderId,userId,type,description,reportedAt,attachments,severity,status,resolvedAt,resolvedBy,issueRef
253db228-f565-43ef-bcde-e1a30c6f302e,COM-56472,USR-3587,LivraisonRetard,"J'ai attendu 2 heures pour ma commande, très frustrant.",3/19/2025 15:16,image_8453.jpg,élevé,Escaladé,,,REF-185737
ffe6d842-ac29-4098-91f8-ff077f01f179,COM-86154,USR-6050,ArticleManquant,"Commande incomplète, pizza non livré.",6/2/2025 15:16,,faible,Résolu,6/4/2025 2:16,MOD-15,REF-671383
14853e31-611d-4095-b8ab-fbeec98096a9,COM-52161,USR-7738,MauvaiseQualité,"sushi avait un goût trempé, expérience horrible.",7/6/2024 15:16,image_3151.jpg,élevé,Résolu,7/6/2024 16:16,MOD-13,REF-374689
98472235-bd2b-4605-96fb-b793e3db317b,COM-97412,USR-8971,ServiceClient,"Service client correct, mais pourrait être plus rapide.",4/26/2025 15:16,,faible,Résolu,4/28/2025 4:16,MOD-5,REF-436592
951667e5-fbe0-4f00-9f3e-777bc6a536d1,COM-13547,USR-7549,NourritureEndommagée,"Commande endommagée, frites était légèrement gâté.",4/23/2025 15:16,image_3712.jpg,élevé,Ouvert,,,REF-144800
379e29ba-a271-4263-b13b-1bb4e347e529,COM-18897,USR-4431,NourritureEndommagée,"pâtes était sans goût, qualité inacceptable.",7/12/2024 15:16,,élevé,Ouvert,,,REF-796907
9608c3c9-96c3-461d-b338-d4c40ea2f3a8,COM-59496,USR-8092,CommandeErronée,"Commande incorrecte, mais le goût de dessert était acceptable.",10/17/2024 15:16,"image_6289.jpg,image_7626.jpg",moyen,Résolu,10/18/2024 17:16,MOD-15,REF-103944
dbb38ea1-51ce-45d0-bf83-62819f7269d1,COM-18272,USR-8829,MauvaiseQualité,"boisson n'était pas terrible, qualité moyenne.",12/16/2024 15:16,,faible,Ouvert,,,REF-498626
d5ba031c-6706-4b7c-bd92-262dc91f79af,COM-66375,USR-5958,ProblèmePaiement,"Problème de paiement, remboursement requis immédiatement.",9/15/2024 15:16,image_1547.jpg,élevé,Ouvert,,,REF-566639
c4cc8090-8617-438b-987d-1ed23be848a3,COM-13423,USR-4272,ServiceClient,"Service client injoignable, c'est insupportable !",8/15/2024 15:16,image_9757.jpg,élevé,Ouvert,,,REF-154385
8424cbfa-1d1d-4bd4-bb77-3a0805766fca,COM-72444,USR-6933,ProblèmePaiement,"Problème de paiement, remboursement requis immédiatement.",4/22/2025 15:16,image_2490.jpg,élevé,Escaladé,,,REF-937413
0fbe02f1-bc4c-4157-b8e1-56e50dfa1d4f,COM-19943,USR-8185,MauvaiseQualité,"boisson était mal emballé, totalement dégoûtant !",9/17/2024 15:16,image_4345.jpg,élevé,Escaladé,,,REF-822636
21cd87d4-2406-4520-948b-6b0a72974d42,COM-96063,USR-8309,LivraisonRetard,"La nourriture est arrivée avec 30 minutes de retard, service décevant.",10/28/2024 15:16,image_9496.jpg,élevé,Résolu,10/28/2024 22:16,MOD-9,REF-402440
10aadeab-d3b7-44fa-a915-bf23e02fc724,COM-71119,USR-9041,ProblèmePaiement,"Problème de paiement, remboursement requis immédiatement.",3/21/2025 15:16,,élevé,Résolu,3/21/2025 16:16,MOD-14,REF-604171
c6623924-f5b1-4bbd-a02c-c36f281140ad,COM-27222,USR-1131,ProblèmePaiement,"Problème mineur avec le paiement, veuillez vérifier.",4/30/2025 15:16,image_9242.jpg,élevé,Escaladé,,,REF-547565
742eec11-e53b-4302-8cbc-822b3bd1c1fa,COM-64585,USR-5516,ArticleManquant,"Manque boisson, service médiocre.",8/14/2024 15:16,,faible,Escaladé,,,REF-242746
3b5f7d79-e923-48bc-9e68-0501f1da6d1a,COM-92855,USR-6102,MauvaiseQualité,"pizza avait un goût trempé, expérience horrible.",2/15/2025 15:16,image_8583.jpg,élevé,Ouvert,,,REF-216851
6e8363fb-3499-4fda-8fa4-db4eab1ae686,COM-52115,USR-6289,ServiceClient,"Petit souci avec le support, mais acceptable.",6/13/2025 15:16,,faible,Résolu,6/13/2025 21:16,MOD-13,REF-252525
0c0950af-4b1d-4de8-a60b-fb7195e8b5ed,COM-41564,USR-1027,LivraisonRetard,"Livraison en retard de 30 minutes, c'est gênant mais acceptable.",6/7/2025 15:16,,moyen,Résolu,6/9/2025 7:16,MOD-3,REF-698491
19ec2cd4-384d-4fc0-ae87-0a75898a3271,COM-66260,USR-6466,CommandeErronée,"Commande incorrecte, mais le goût de pizza était acceptable.",7/27/2024 15:16,,faible,Escaladé,,,REF-401126
c81d65bb-a8d4-4ecd-89d0-899493c8d9e0,COM-20617,USR-2623,MauvaiseQualité,"sushi n'était pas terrible, qualité moyenne.",9/25/2024 15:16,,faible,Résolu,9/26/2024 16:16,MOD-6,REF-372530
f329a852-e8c3-4148-a576-17c490ede914,COM-51732,USR-7960,ServiceClient,"Service client injoignable, c'est insupportable !",11/25/2024 15:16,,élevé,Ouvert,,,REF-680708
f981ad1c-5149-4014-8b4d-f7e7081f8d8b,COM-42791,USR-2485,ServiceClient,"Le service client n'a pas résolu mon problème, frustrant.",5/5/2025 15:16,"image_7609.jpg,image_7511.jpg",élevé,Ouvert,,,REF-297391
e7c8fbd8-dc5a-4735-925b-8f0bd73c3f76,COM-78803,USR-9394,CommandeErronée,"Mauvais article livré, pâtes à la place de pâtes.",10/17/2024 15:16,,faible,Résolu,10/18/2024 20:16,MOD-8,REF-502806
7e1216af-9a5e-468c-94d3-675f728813eb,COM-69537,USR-4825,NourritureEndommagée,"Commande endommagée, boisson était légèrement mal emballé.",5/29/2025 15:16,,faible,Ouvert,,,REF-594914
10df5a59-067b-4b6b-8c3a-a38c49b81b45,COM-36850,USR-8605,CommandeErronée,J'ai reçu salade au lieu de frites.,4/24/2025 15:16,"image_2576.jpg,image_6443.jpg",faible,Ouvert,,,REF-756103
874df2c7-4443-485a-9713-5ca9b6eaee52,COM-63477,USR-7922,ServiceClient,"Mauvaise expérience avec le support, très décevant.",6/3/2025 15:16,,moyen,Résolu,6/4/2025 6:16,MOD-19,REF-777520
6b3740b8-c932-4e67-958e-5db7152e31da,COM-11770,USR-5076,ProblèmePaiement,"Problème de paiement, remboursement requis immédiatement.",10/4/2024 15:16,image_3121.jpg,élevé,Ouvert,,,REF-558565
e852c0f4-6a36-4de7-9ce8-3bc1a8c20569,COM-78171,USR-8128,ProblèmePaiement,"Petite erreur de facturation, mais gênante.",6/17/2025 15:16,"image_5380.jpg,image_3303.jpg",élevé,Ouvert,,,REF-268701
43c6dec2-780f-4f88-b386-65594d04b6ed,COM-63270,USR-4606,CommandeErronée,J'ai reçu dessert au lieu de sushi.,7/1/2024 15:16,,faible,Résolu,7/2/2024 23:16,MOD-1,REF-569932
5bea15e8-2340-40cb-a40c-a403180ad8a5,COM-17460,USR-3346,NourritureEndommagée,"Commande endommagée, burger était légèrement brûlé.",4/25/2025 15:16,,faible,Escaladé,,,REF-779790
5fb955c2-cd36-410f-bff1-53775f5ddb15,COM-17397,USR-2887,LivraisonRetard,"La nourriture est arrivée avec 30 minutes de retard, service décevant.",1/17/2025 15:16,,moyen,Ouvert,,,REF-535693
17fe394c-b68b-46f2-a857-6ac25c8bc59d,COM-65874,USR-2392,ArticleManquant,"Pas de sauce, c'est inacceptable et frustrant !",4/24/2025 15:16,image_5103.jpg,élevé,Escaladé,,,REF-112898
308f00f6-0c1e-4da9-9b50-95e90980f885,COM-47949,USR-2982,MauvaiseQualité,"sauce était gâté, je ne commanderai plus.",2/27/2025 15:16,image_2745.jpg,élevé,Ouvert,,,REF-642149
933657d1-160a-4d96-9cf1-7fb3aca4ce75,COM-75651,USR-4392,ServiceClient,"Le service client n'a pas résolu mon problème, frustrant.",6/18/2025 15:16,,moyen,Ouvert,,,REF-902934
fc5c3a00-8b81-4815-b648-abc1c82b303b,COM-94509,USR-3963,LivraisonRetard,"J'ai attendu 1 heure pour ma commande, très frustrant.",8/19/2024 15:16,image_7890.jpg,élevé,Résolu,8/20/2024 23:16,MOD-16,REF-736141
edfe0742-b73d-40a0-b2d8-0039bb99172d,COM-59010,USR-7232,LivraisonRetard,"Livraison en retard de 2 heures, c'est gênant mais acceptable.",8/14/2024 15:16,image_4021.jpg,élevé,Ouvert,,,REF-799387
179de85d-6519-4e4c-9c3c-f4c4b176833e,COM-69300,USR-6175,NourritureEndommagée,"Tout était moisi, expérience catastrophique.",5/18/2025 15:16,,élevé,Escaladé,,,REF-255525
833cdedf-f637-4c86-a16c-f724c4c418f3,COM-37241,USR-1428,ProblèmePaiement,"Surfacturation de la commande, service client désastreux.",5/15/2025 15:16,image_9300.jpg,élevé,Résolu,5/17/2025 4:16,MOD-17,REF-288183
05b96fee-f7f2-4149-a2c4-ebe3debfbfd6,COM-53890,USR-4034,ServiceClient,"Mauvaise expérience avec le support, très décevant.",3/3/2025 15:16,,moyen,Escaladé,,,REF-695506
ea7c7914-0ad2-450f-8fe5-2f78607574eb,COM-50999,USR-5265,ServiceClient,"Le service client n'a pas résolu mon problème, frustrant.",5/20/2025 15:16,image_3669.jpg,élevé,Résolu,5/21/2025 19:16,MOD-19,REF-963733
b83948bb-d4b9-45cf-8d1e-c4dd238f0246,COM-47133,USR-2060,NourritureEndommagée,"frites est arrivé gâté, besoin d'un remplacement.",4/24/2025 15:16,"image_1103.jpg,image_3038.jpg",élevé,Ouvert,,,REF-731378
91573e01-910d-42c2-974e-1318653d0f27,COM-91040,USR-5926,ArticleManquant,"Je n'ai pas reçu frites, besoin d'un remboursement.",7/15/2024 15:16,image_7906.jpg,faible,Résolu,7/16/2024 1:16,MOD-12,REF-402360
3a8df474-980a-4ac1-9f9b-d067ad8b102a,COM-36122,USR-6514,ServiceClient,"Service client correct, mais pourrait être plus rapide.",5/13/2025 15:16,,faible,Résolu,5/14/2025 7:16,MOD-2,REF-834902
0742df2b-f5f1-474b-b677-e72d59bab476,COM-29499,USR-6980,MauvaiseQualité,"Qualité médiocre de frites, très frustrant.",2/12/2025 15:16,"image_6462.jpg,image_5444.jpg",élevé,Ouvert,,,REF-933024
21c6005c-1efc-4c0a-a993-e8d5e58cb2b4,COM-90494,USR-1646,NourritureEndommagée,"La commande était sans goût, très déçu.",12/9/2024 15:16,,faible,Escaladé,,,REF-178128
97c324ec-a413-4ff2-9914-6d83ed3f7319,COM-56968,USR-5705,ArticleManquant,"Pas de boisson, c'est inacceptable et frustrant !",1/26/2025 15:16,,moyen,Escaladé,,,REF-479948
30746d79-b4a4-4cba-a0c3-dad4ba6a9666,COM-42953,USR-4308,CommandeErronée,"Livré sushi, mais je voulais sauce, c'est inacceptable.",6/15/2025 15:16,,faible,Escaladé,,,REF-461328
d8345707-9dbf-4737-886a-389c99a543ac,COM-97865,USR-5818,ServiceClient,"Service client correct, mais pourrait être plus rapide.",5/29/2025 15:16,,faible,Résolu,5/31/2025 10:16,MOD-4,REF-398043
78d1fc6b-dac1-46e9-84ff-49c736fb4e5c,COM-79311,USR-9765,CommandeErronée,J'ai reçu sandwich au lieu de dessert.,2/14/2025 15:16,"image_3233.jpg,image_4595.jpg",faible,Ouvert,,,REF-781297
ce48aeed-9e94-46c9-a2fe-14cbfac2f4a6,COM-41418,USR-6671,ServiceClient,"Service client injoignable, c'est insupportable !",5/24/2025 15:16,,élevé,Ouvert,,,REF-807978
b3da7d1a-d421-4d5c-ba77-44c9bf378f91,COM-40215,USR-9044,NourritureEndommagée,"Tout était froid, expérience catastrophique.",5/31/2025 15:16,,élevé,Ouvert,,,REF-555806
72219263-b5f4-48a2-881c-0ab9e5f48abf,COM-28486,USR-5591,ServiceClient,"Petit souci avec le support, mais acceptable.",7/30/2024 15:16,image_9397.jpg,moyen,Escaladé,,,REF-407588
a9c45498-c68a-46e5-8f10-2649c595391b,COM-43332,USR-8461,ServiceClient,"Service client injoignable, c'est insupportable !",1/1/2025 15:16,,élevé,Résolu,1/2/2025 17:16,MOD-20,REF-839828
e1d2def4-d529-4927-b697-58417f6e4dfc,COM-14326,USR-2059,CommandeErronée,J'ai reçu sushi au lieu de salade.,4/4/2025 15:16,,faible,Ouvert,,,REF-650085
c1aa4d66-dd7f-49f5-806a-2e23cff01e73,COM-74771,USR-9083,ArticleManquant,"Je n'ai pas reçu sushi, besoin d'un remboursement.",8/24/2024 15:16,image_5045.jpg,faible,Escaladé,,,REF-597450
e7e4273f-b874-4dea-bed1-c68d70cd42df,COM-39687,USR-6123,CommandeErronée,"J'ai commandé sandwich, mais j'ai reçu boisson.",6/3/2025 15:16,"image_3052.jpg,image_2287.jpg",faible,Ouvert,,,REF-742155
85e738c8-ccbf-4465-bfcb-4aadbf42def9,COM-63803,USR-6944,ProblèmePaiement,"Problème de paiement, remboursement requis immédiatement.",8/4/2024 15:16,"image_5912.jpg,image_4111.jpg",élevé,Résolu,8/6/2024 7:16,MOD-12,REF-526009
dbe34995-b5dc-41bf-888f-8cf9a9fda509,COM-98686,USR-6764,MauvaiseQualité,"burger n'était pas terrible, qualité moyenne.",3/1/2025 15:16,,faible,Escaladé,,,REF-141875
c7175a64-5735-43dc-93fd-29b251154873,COM-77234,USR-7448,ProblèmePaiement,"Erreur de facturation pour pâtes, très frustrant.",9/14/2024 15:16,,moyen,Escaladé,,,REF-370276
37e7521b-14b3-43c9-8e53-74e442a1cda5,COM-42479,USR-9008,ProblèmePaiement,"Petite erreur de facturation, mais gênante.",1/8/2025 15:16,image_4017.jpg,élevé,Escaladé,,,REF-317438
90af84d6-3a7c-4e19-8d1d-ebe8819aeb10,COM-11842,USR-8545,ServiceClient,"Mauvaise expérience avec le support, très décevant.",6/17/2025 15:16,image_1420.jpg,élevé,Ouvert,,,REF-144494
20282c74-54a8-45d7-9d13-bc8d8ca7404f,COM-11995,USR-6649,CommandeErronée,"Commande incorrecte, mais le goût de boisson était acceptable.",12/25/2024 15:16,image_6377.jpg,moyen,Escaladé,,,REF-760276
9c689e45-6f17-4b50-9517-a588664b2b56,COM-47557,USR-3380,ProblèmePaiement,"Petite erreur de facturation, mais gênante.",8/19/2024 15:16,,moyen,Escaladé,,,REF-278395
8d1f96be-1dda-4a07-9a40-42ad04fd3418,COM-30627,USR-3010,CommandeErronée,"Commande incorrecte, mais le goût de pâtes était acceptable.",8/15/2024 15:16,image_4552.jpg,moyen,Résolu,8/17/2024 3:16,MOD-16,REF-417313
4bce118e-3119-4400-ae72-613ecd15f9e4,COM-61287,USR-3657,ServiceClient,"Service client injoignable, c'est insupportable !",6/22/2025 15:16,,élevé,Ouvert,,,REF-332772
664289d1-f432-4df8-b7d5-78e54660a249,COM-85873,USR-2256,MauvaiseQualité,"frites n'était pas terrible, qualité moyenne.",9/4/2024 15:16,,faible,Ouvert,,,REF-934601
0147c062-1478-4947-9e23-5c6b6ccc0242,COM-88026,USR-9178,ServiceClient,"Service client injoignable, c'est insupportable !",11/12/2024 15:16,"image_6520.jpg,image_5812.jpg",élevé,Escaladé,,,REF-151355
095fa6a9-580e-45e5-9902-dae15145ff92,COM-61818,USR-1659,ProblèmePaiement,"Surfacturation de la commande, service client désastreux.",8/20/2024 15:16,,élevé,Résolu,8/21/2024 17:16,MOD-8,REF-293954
ed1e79d8-8861-4dc0-8294-8e8c5ab93317,COM-71487,USR-3617,ServiceClient,"Mauvaise expérience avec le support, très décevant.",7/6/2024 15:16,,moyen,Résolu,7/8/2024 12:16,MOD-7,REF-978466
503cbd15-bd5f-4650-aad2-f195af98c8f0,COM-73263,USR-5684,MauvaiseQualité,"La nourriture était trempé, pas à la hauteur.",7/11/2024 15:16,,faible,Ouvert,,,REF-110429
ef0e63fd-01bf-4f27-bfe1-dc7ae00f7dd0,COM-62094,USR-9074,MauvaiseQualité,"Qualité médiocre de dessert, très frustrant.",4/21/2025 15:16,,moyen,Ouvert,,,REF-509475
4ab862f8-e48e-4bbc-a807-8968f115a3d7,COM-85349,USR-7035,ServiceClient,"Petit souci avec le support, mais acceptable.",2/5/2025 15:16,image_9072.jpg,moyen,Résolu,2/5/2025 16:16,MOD-11,REF-493157
40e4c993-9ea5-4c0b-b1b0-40e6e57071da,COM-50521,USR-1798,MauvaiseQualité,"salade était gâté, totalement dégoûtant !",1/11/2025 15:16,image_9657.jpg,élevé,Escaladé,,,REF-462662
01f059d6-56aa-44ba-b015-91aa59a49a34,COM-81589,USR-7236,LivraisonRetard,"La nourriture est arrivée avec 1 heure de retard, service décevant.",7/27/2024 15:16,image_9919.jpg,élevé,Ouvert,,,REF-818457
0c4435eb-789c-4de0-85a1-66f165b3fcd4,COM-43201,USR-9468,NourritureEndommagée,"Tout était gâté, expérience catastrophique.",9/27/2024 15:16,,élevé,Ouvert,,,REF-816028
c3421999-74ab-4d33-ba8c-9b2f328337f0,COM-94584,USR-2197,ArticleManquant,"Petit souci, il manquait frites dans la commande.",10/31/2024 15:16,,faible,Escaladé,,,REF-472616
7c8aacf1-7f6b-4961-903b-f37971fd1edb,COM-28642,USR-8658,ArticleManquant,"pizza manquant, veuillez résoudre immédiatement.",10/21/2024 15:16,,moyen,Ouvert,,,REF-793760
ddafc50a-1d6c-4d0d-968c-5012b90bd220,COM-86262,USR-1672,CommandeErronée,"Livré pâtes, mais je voulais salade, c'est inacceptable.",5/23/2025 15:16,image_5749.jpg,moyen,Ouvert,,,REF-177853
6ca4928c-19a2-4788-80fc-75b82c43e307,COM-75800,USR-8961,LivraisonRetard,"Livraison en retard de 30 minutes, c'est gênant mais acceptable.",7/18/2024 15:16,,moyen,Escaladé,,,REF-910804
a1d13cc3-1071-4a22-993b-6766460a63e3,COM-27247,USR-7911,ServiceClient,"Petit souci avec le support, mais acceptable.",11/24/2024 15:16,,faible,Escaladé,,,REF-221303
bab1dfc9-e026-4b53-9eca-17c4f034dfd8,COM-53835,USR-3110,MauvaiseQualité,"sushi était gâté, je ne commanderai plus.",8/21/2024 15:16,,élevé,Escaladé,,,REF-156166
4a8b7451-c235-4c8a-9a2e-292b3803edc5,COM-16052,USR-5914,ArticleManquant,"Je n'ai pas reçu sandwich, besoin d'un remboursement.",9/16/2024 15:16,image_4374.jpg,faible,Escaladé,,,REF-862783
6cc10f7a-1679-4b81-b349-23a031760a45,COM-27587,USR-1960,ServiceClient,"Service client correct, mais pourrait être plus rapide.",11/11/2024 15:16,,faible,Résolu,11/13/2024 8:16,MOD-16,REF-541944
57aa233f-eef8-4f71-ab74-70811066ec1f,COM-23691,USR-7538,NourritureEndommagée,"Tout était trempé, expérience catastrophique.",9/4/2024 15:16,image_4907.jpg,élevé,Résolu,9/6/2024 5:16,MOD-18,REF-972148
bf15143d-76a7-460f-9329-d2764d6cf3be,COM-81187,USR-4206,MauvaiseQualité,"Le goût de frites était un peu mal emballé, mais acceptable.",5/9/2025 15:16,,faible,Escaladé,,,REF-901781
42973e8d-a37d-4b6e-a55e-b8f92ea816f6,COM-61436,USR-7214,NourritureEndommagée,"sushi livré gâté, c'est scandaleux et dangereux !",6/18/2025 15:16,,élevé,Escaladé,,,REF-236277
48390ff5-7ac3-4220-ba9e-a71442cdd3ae,COM-29443,USR-2879,LivraisonRetard,"La nourriture est arrivée avec 3 heures de retard, service décevant.",6/27/2025 15:16,,élevé,Escaladé,,,REF-728958
b2d33851-97d1-4808-8aff-5fd46fa8ebf8,COM-22075,USR-6612,MauvaiseQualité,"frites n'était pas terrible, qualité moyenne.",5/8/2025 15:16,image_9041.jpg,moyen,Résolu,5/9/2025 2:16,MOD-6,REF-908493
bcb809cc-c5d4-401c-aed2-6dea8689a8b5,COM-16165,USR-1989,ServiceClient,"Le service client n'a pas résolu mon problème, frustrant.",4/28/2025 15:16,,moyen,Ouvert,,,REF-911997
0787eb1a-93ec-4fe6-8b80-e6dae21896f1,COM-73105,USR-4934,LivraisonRetard,"La nourriture est arrivée avec 2 heures de retard, service décevant.",10/16/2024 15:16,,élevé,Ouvert,,,REF-779442
3487e5bc-8d64-4f2c-9bcd-babaa5a0d173,COM-72418,USR-4657,CommandeErronée,"Commande incorrecte, mais le goût de sauce était acceptable.",5/16/2025 15:16,,faible,Ouvert,,,REF-995586
cd206ca0-4f7f-4474-be92-e5cfecd96003,COM-10449,USR-8195,NourritureEndommagée,"Tout était sans goût, expérience catastrophique.",7/20/2024 15:16,"image_6577.jpg,image_3263.jpg",élevé,Résolu,7/22/2024 11:16,MOD-7,REF-997477
4a114a22-2162-4d86-be09-d2bce9de9abf,COM-30200,USR-5891,NourritureEndommagée,"La commande était moisi, très déçu.",1/19/2025 15:16,,élevé,Résolu,1/20/2025 13:16,MOD-19,REF-967012
d1cab3af-8384-4921-8fe5-8899845568b4,COM-93303,USR-4570,CommandeErronée,"Mauvais article livré, sandwich à la place de sushi.",2/7/2025 15:16,image_1344.jpg,faible,Ouvert,,,REF-531300
f84eb90d-755a-4c2b-bc92-e0fe5d45a3c9,COM-78506,USR-2142,ArticleManquant,Pourriez-vous vérifier pourquoi burger n'était pas inclus ?,2/16/2025 15:16,,faible,Escaladé,,,REF-689286
b1d2a75f-c74c-460a-aad6-33e39fa3f8fe,COM-88543,USR-3356,LivraisonRetard,"J'ai attendu 90 minutes pour ma commande, très frustrant.",4/21/2025 15:16,,moyen,Escaladé,,,REF-373430
970ca680-d9dd-461b-bc08-5bfffa82dc61,COM-51987,USR-9840,NourritureEndommagée,"burger livré sans goût, c'est scandaleux et dangereux !",3/7/2025 15:16,image_5316.jpg,élevé,Ouvert,,,REF-219162
8b550b06-9773-4629-a0f8-1c6e031a441e,COM-90170,USR-1979,ServiceClient,"Service client injoignable, c'est insupportable !",11/5/2024 15:16,,élevé,Escaladé,,,REF-869587
26e83ee7-d4bd-430d-9194-1943bcde79ea,COM-97982,USR-2174,MauvaiseQualité,"Très mauvaise qualité de burger, immangeable.",4/12/2025 15:16,image_8665.jpg,élevé,Ouvert,,,REF-987191
30b32f77-28b4-4f33-8d53-1991b1da308b,COM-61765,USR-1110,ServiceClient,"Service client injoignable, c'est insupportable !",7/14/2024 15:16,,élevé,Ouvert,,,REF-500824
e7e1d79f-08e6-452e-8955-8a3cf392b23f,COM-74294,USR-6094,ArticleManquant,"Pas de dessert, c'est inacceptable et frustrant !",2/16/2025 15:16,"image_7421.jpg,image_6813.jpg",élevé,Escaladé,,,REF-131996
35d86ebf-b236-495e-ac09-e1732c360ccf,COM-15197,USR-3281,ArticleManquant,"Manque dessert, service médiocre.",5/26/2025 15:16,image_9891.jpg,moyen,Ouvert,,,REF-486474
c4f3624a-6a68-41c4-8d08-c00fb3cbf941,COM-25995,USR-3329,NourritureEndommagée,"pâtes était un peu trempé, mais mangeable.",7/13/2024 15:16,,faible,Ouvert,,,REF-322921
59e390ee-1179-4419-b842-0bc5ab6b78dc,COM-29570,USR-2060,ServiceClient,"Mauvaise expérience avec le support, très décevant.",3/31/2025 15:16,,moyen,Résolu,4/1/2025 10:16,MOD-4,REF-928367
4d5ac745-84fb-414b-b54b-cc8ea328d15f,COM-31404,USR-9897,ArticleManquant,"Petit souci, il manquait sandwich dans la commande.",3/18/2025 15:16,,faible,Résolu,3/20/2025 1:16,MOD-7,REF-883493
38aed6bf-0338-4a09-8138-cf285ea6591f,COM-76847,USR-6935,CommandeErronée,"Erreur sur ma commande : frites au lieu de sandwich, très agaçant.",2/25/2025 15:16,,moyen,Escaladé,,,REF-857273
3a715ffd-846b-4bb2-800f-80948cf823bd,COM-50562,USR-6876,NourritureEndommagée,"salade livré brûlé, c'est scandaleux et dangereux !",5/2/2025 15:16,"image_1472.jpg,image_2274.jpg",élevé,Escaladé,,,REF-155578
9d4a4a1c-e221-49f3-be1e-3814cfa93433,COM-88551,USR-8878,ServiceClient,"Réponse lente du service client, qualité médiocre.",2/8/2025 15:16,,faible,Résolu,2/10/2025 1:16,MOD-2,REF-156492
a7723fd1-4874-4654-ae92-1928591ef2b0,COM-55912,USR-9720,NourritureEndommagée,"La nourriture était trempé, totalement immangeable.",7/9/2024 15:16,image_4243.jpg,élevé,Résolu,7/9/2024 22:16,MOD-5,REF-290975
e7e10af8-35a3-4347-8d1a-244dccff7f6f,COM-15465,USR-8374,CommandeErronée,J'ai reçu pâtes au lieu de salade.,9/3/2024 15:16,,faible,Ouvert,,,REF-210768
5b8e57a9-7af7-4426-8abe-261cc5bbfc9e,COM-85635,USR-7925,CommandeErronée,"Mauvais article livré, burger à la place de salade.",6/26/2025 15:16,,faible,Ouvert,,,REF-149350
0a5b2ed1-d645-4e7f-a138-a24b40b6a354,COM-17052,USR-4121,ProblèmePaiement,"J'ai été facturé deux fois pour ma commande, c'est inacceptable !",9/29/2024 15:16,"image_1188.jpg,image_5290.jpg",élevé,Ouvert,,,REF-415921
0d62a455-6ea4-49e7-a2c2-fe7269889023,COM-29905,USR-3242,LivraisonRetard,"Petit retard de 2 heures, mais la nourriture était correcte.",10/30/2024 15:16,image_6885.jpg,élevé,Ouvert,,,REF-869848
b96e23d0-f57a-42e4-a939-32ff75f4814c,COM-87045,USR-2974,ServiceClient,"Réponse lente du service client, qualité médiocre.",11/17/2024 15:16,"image_2906.jpg,image_4894.jpg",moyen,Résolu,11/19/2024 13:16,MOD-6,REF-146313
6c8e4c04-ba59-4d1f-81ee-c965b9be7989,COM-84274,USR-7520,LivraisonRetard,"Livraison en retard de 90 minutes, c'est gênant mais acceptable.",1/14/2025 15:16,image_1401.jpg,élevé,Résolu,1/15/2025 6:16,MOD-2,REF-857593
21987b59-d411-4f20-a395-18a27df5f993,COM-28055,USR-3524,MauvaiseQualité,"Qualité médiocre de frites, très frustrant.",1/17/2025 15:16,,moyen,Escaladé,,,REF-171134
119c827a-3d4b-4be4-96c2-8ae2c1da1604,COM-94298,USR-7076,ProblèmePaiement,"J'ai été facturé deux fois pour ma commande, c'est inacceptable !",4/17/2025 15:16,,élevé,Résolu,4/18/2025 3:16,MOD-12,REF-130590
4b55db80-50e0-4e04-9b07-8113fad40ea9,COM-32190,USR-9495,ArticleManquant,"Manque dessert, service médiocre.",10/17/2024 15:16,image_4323.jpg,moyen,Escaladé,,,REF-439243
aa09b6e6-09ba-42d9-b80b-8e3c7266d3ee,COM-41392,USR-9680,ArticleManquant,Pourriez-vous vérifier pourquoi dessert n'était pas inclus ?,9/26/2024 15:16,,faible,Ouvert,,,REF-280618
6e6e363b-2c63-42c5-99f1-44d7edfb3a52,COM-90374,USR-3144,ServiceClient,"Mauvaise expérience avec le support, très décevant.",10/28/2024 15:16,,moyen,Résolu,10/30/2024 9:16,MOD-9,REF-237002
1e774417-4019-49ec-935f-73fd2f001c41,COM-59892,USR-5523,LivraisonRetard,"Commande arrivée après 3 heures, vraiment pas satisfait.",2/8/2025 15:16,"image_3183.jpg,image_7112.jpg",élevé,Résolu,2/9/2025 7:16,MOD-19,REF-292635
93f5f603-0d10-4001-9ce4-a49e5cdbf97c,COM-90164,USR-8843,MauvaiseQualité,"sushi était brûlé, totalement dégoûtant !",5/26/2025 15:16,"image_2806.jpg,image_1590.jpg",élevé,Résolu,5/26/2025 19:16,MOD-4,REF-161799
b787b74f-eeac-4940-b0ca-b884509443c4,COM-60222,USR-5212,CommandeErronée,"Mauvais article livré, pâtes à la place de pâtes.",7/9/2024 15:16,"image_9669.jpg,image_4447.jpg",faible,Escaladé,,,REF-579227
32ee2efb-6c64-4b0c-936c-8739a26efe14,COM-38211,USR-6075,ArticleManquant,Pourriez-vous vérifier pourquoi salade n'était pas inclus ?,11/13/2024 15:16,,faible,Résolu,11/14/2024 20:16,MOD-17,REF-962314
2cacb3db-bfc2-4be4-8332-1e5753c11de1,COM-74412,USR-5360,MauvaiseQualité,"Le goût de burger était un peu écrasé, mais acceptable.",8/30/2024 15:16,"image_4932.jpg,image_2447.jpg",moyen,Résolu,8/31/2024 23:16,MOD-1,REF-616343
440d7d45-cc77-4924-bafb-34fcf5cab112,COM-92640,USR-5085,ServiceClient,"Service client injoignable, c'est insupportable !",12/21/2024 15:16,"image_7541.jpg,image_5544.jpg",élevé,Résolu,12/23/2024 6:16,MOD-16,REF-213496
51ec5397-8ed8-47d8-a57c-942a6e8f8f90,COM-59055,USR-5658,LivraisonRetard,"La commande a été livrée avec 1 heure de retard, la nourriture était froide.",4/27/2025 15:16,image_9159.jpg,élevé,Escaladé,,,REF-566196
2ba710db-62c0-4bb1-8e44-8509a655116a,COM-62593,USR-9375,LivraisonRetard,"Commande arrivée après 1 heure, vraiment pas satisfait.",10/27/2024 15:16,"image_2387.jpg,image_5725.jpg",élevé,Escaladé,,,REF-672362
2f2eb618-ff03-4139-89f5-f26782cfe2e9,COM-62113,USR-7667,LivraisonRetard,"Livraison en retard de 30 minutes, c'est gênant mais acceptable.",12/21/2024 15:16,"image_6665.jpg,image_5321.jpg",élevé,Résolu,12/23/2024 14:16,MOD-13,REF-984084
1965c861-d524-4286-a5dd-14d7fd40d9b4,COM-12283,USR-2699,LivraisonRetard,"J'ai attendu 3 heures pour ma commande, très frustrant.",9/15/2024 15:16,"image_5382.jpg,image_2679.jpg",élevé,Résolu,9/17/2024 10:16,MOD-3,REF-604990
518fcec2-b4e7-45ae-9a48-472dd7e6a447,COM-49622,USR-7512,NourritureEndommagée,"burger était moisi, qualité inacceptable.",10/30/2024 15:16,,élevé,Ouvert,,,REF-254317
06ae70a5-d130-4acc-8d52-edcd654f631d,COM-52689,USR-9267,NourritureEndommagée,"sandwich livré froid, c'est scandaleux et dangereux !",6/11/2025 15:16,image_5984.jpg,élevé,Résolu,6/12/2025 14:16,MOD-13,REF-737811
97c27734-12bc-4ad9-9875-57e283b61cd0,COM-48794,USR-6352,MauvaiseQualité,"pâtes était brûlé, totalement dégoûtant !",10/18/2024 15:16,,élevé,Ouvert,,,REF-195379
4695a258-83cd-499d-8dff-4a5aea6e0aa2,COM-11258,USR-6996,ServiceClient,"Mauvaise expérience avec le support, très décevant.",4/5/2025 15:16,,moyen,Escaladé,,,REF-981712
aef72e1a-fe5d-4b6f-a031-262123904628,COM-82463,USR-8053,CommandeErronée,"Petite erreur, j'ai reçu frites au lieu de salade.",12/28/2024 15:16,,faible,Résolu,12/30/2024 13:16,MOD-14,REF-117619
c0730fff-8ba5-44c9-a4b4-50141b9c97c7,COM-25710,USR-1164,ArticleManquant,"Je n'ai pas reçu dessert, besoin d'un remboursement.",7/27/2024 15:16,"image_1833.jpg,image_6363.jpg",faible,Escaladé,,,REF-163286
b419fb0e-fe9c-4c8a-ae24-402349d7f89a,COM-81601,USR-8701,ServiceClient,"Service client correct, mais pourrait être plus rapide.",6/13/2025 15:16,image_6123.jpg,moyen,Résolu,6/14/2025 8:16,MOD-13,REF-790650
16911a69-6569-44f5-8811-e432973d8787,COM-88555,USR-1405,NourritureEndommagée,"dessert était un peu gâté, mais mangeable.",3/12/2025 15:16,image_5908.jpg,élevé,Escaladé,,,REF-260159
264a4044-c319-42b7-bb3a-99fe849bf7b4,COM-73079,USR-7371,ServiceClient,"Mauvaise expérience avec le support, très décevant.",4/11/2025 15:16,image_1658.jpg,élevé,Ouvert,,,REF-190963
9ac16b7d-02fb-4220-a32c-a01429f3673d,COM-28008,USR-1055,CommandeErronée,"Petite erreur, j'ai reçu pâtes au lieu de frites.",12/18/2024 15:16,"image_5147.jpg,image_6865.jpg",faible,Escaladé,,,REF-662182
f50ca3cb-5b33-4507-9c5b-a1b3cd0fa2f4,COM-48906,USR-2671,ArticleManquant,Pourriez-vous vérifier pourquoi sushi n'était pas inclus ?,2/27/2025 15:16,,faible,Ouvert,,,REF-660003
b8ec1e86-0e3c-4a7a-9c0b-fcbf85ee45b4,COM-69207,USR-1096,CommandeErronée,J'ai reçu burger au lieu de frites.,11/14/2024 15:16,,faible,Résolu,11/15/2024 20:16,MOD-19,REF-920827
7ec2ab05-6b25-49a6-bed8-f317d11b1bc3,COM-43119,USR-6551,CommandeErronée,"Petite erreur, j'ai reçu dessert au lieu de salade.",9/15/2024 15:16,,faible,Ouvert,,,REF-781360
02f2e7df-67c7-4c16-828d-c55fe54eed58,COM-54744,USR-9863,MauvaiseQualité,"La nourriture était gâté, pas à la hauteur.",1/16/2025 15:16,,élevé,Résolu,1/17/2025 0:16,MOD-1,REF-624081
8c48ea08-b4d5-4954-9438-228dcce26e59,COM-93413,USR-4061,ArticleManquant,"Manque boisson, service médiocre.",11/7/2024 15:16,"image_7449.jpg,image_9602.jpg",moyen,Résolu,11/9/2024 10:16,MOD-6,REF-612576
4cfc40cc-d60c-43b6-91be-1d58584336cd,COM-16581,USR-5878,LivraisonRetard,"Petit retard de 2 heures, mais la nourriture était correcte.",9/29/2024 15:16,,élevé,Ouvert,,,REF-215645
e0452c02-40bb-4790-83e6-b99da307dffe,COM-66347,USR-2063,NourritureEndommagée,"La commande était trempé, très déçu.",7/22/2024 15:16,"image_5896.jpg,image_2338.jpg",faible,Ouvert,,,REF-858769
cdbf00d6-2beb-4f98-8539-708b07ee9e34,COM-66442,USR-3587,MauvaiseQualité,"burger avait un goût trempé, expérience horrible.",1/19/2025 15:16,,élevé,Résolu,1/20/2025 7:16,MOD-18,REF-418758
b21d817e-1c3e-47d9-8e80-c15b055a21c7,COM-91385,USR-8400,ArticleManquant,"Commande incomplète, sauce non livré.",12/4/2024 15:16,image_2620.jpg,faible,Résolu,12/5/2024 4:16,MOD-13,REF-408426
4effe8fd-0373-4c7e-a595-87d5eb10259b,COM-98362,USR-3006,ServiceClient,"Service client injoignable, c'est insupportable !",8/3/2024 15:16,"image_7284.jpg,image_1528.jpg",élevé,Ouvert,,,REF-169631
11221195-4ae1-41ad-ba4a-c41518e08184,COM-45328,USR-5461,LivraisonRetard,"Livraison en retard de 30 minutes, c'est gênant mais acceptable.",11/22/2024 15:16,image_3971.jpg,élevé,Résolu,11/24/2024 4:16,MOD-1,REF-251672
7e551381-2863-470e-90f3-0ed0fb737da7,COM-71569,USR-4555,CommandeErronée,"Erreur sur ma commande : boisson au lieu de salade, très agaçant.",11/5/2024 15:16,"image_3971.jpg,image_2722.jpg",élevé,Escaladé,,,REF-827945
e4c88bee-7016-48d4-94a5-9fc84ab2b203,COM-45642,USR-8109,NourritureEndommagée,"Tout était trempé, expérience catastrophique.",9/10/2024 15:16,,élevé,Escaladé,,,REF-741987
bf5ac61e-c485-46e9-bf60-f4a6eb0605d9,COM-72811,USR-8334,ServiceClient,"Mauvaise expérience avec le support, très décevant.",2/1/2025 15:16,image_2858.jpg,élevé,Escaladé,,,REF-693126
2fba0f33-0ea2-4da3-bdc0-445ee1f7fd17,COM-45491,USR-8472,CommandeErronée,J'ai reçu sandwich au lieu de sauce.,1/4/2025 15:16,,faible,Résolu,1/6/2025 14:16,MOD-15,REF-154005
e1001b66-5d0a-4d2d-8e77-36fd7cbe3706,COM-80802,USR-4241,MauvaiseQualité,"dessert était moisi, je ne commanderai plus.",6/23/2025 15:16,,élevé,Ouvert,,,REF-711477
4174d350-de3a-42ba-8ad1-9f36cd3713b4,COM-10059,USR-5099,ArticleManquant,"Il manque dessert dans ma commande, très décevant.",4/11/2025 15:16,,moyen,Ouvert,,,REF-236552
78115646-140e-42cb-89dc-211b1f5fd243,COM-29070,USR-3889,NourritureEndommagée,"La nourriture était froid, totalement immangeable.",5/24/2025 15:16,"image_8344.jpg,image_8411.jpg",élevé,Escaladé,,,REF-680872
c8ec8428-601a-49bf-92e0-b97f65825a8d,COM-80943,USR-5354,LivraisonRetard,"La commande a été livrée avec 3 heures de retard, la nourriture était froide.",5/7/2025 15:16,"image_1760.jpg,image_8523.jpg",élevé,Escaladé,,,REF-160913
c4f9b152-51ab-4a93-b7e1-faad6dc1db47,COM-18907,USR-1006,MauvaiseQualité,"burger avait un goût brûlé, expérience horrible.",7/3/2024 15:16,,élevé,Résolu,7/4/2024 18:16,MOD-8,REF-650689
fb182646-b2ed-469a-bbf0-ccf2799c1f6d,COM-28883,USR-5242,ServiceClient,"Réponse lente du service client, qualité médiocre.",4/21/2025 15:16,,faible,Escaladé,,,REF-214496
7f364965-40e4-459d-8397-1dd1c5fce9ee,COM-18692,USR-3511,NourritureEndommagée,"La nourriture était sans goût, totalement immangeable.",9/1/2024 15:16,image_3799.jpg,élevé,Résolu,9/3/2024 3:16,MOD-6,REF-367099
5a2e1dcc-35ef-485f-8b78-afb29827db97,COM-75765,USR-8639,LivraisonRetard,"Petit retard de 1 heure, mais la nourriture était correcte.",8/11/2024 15:16,,moyen,Résolu,8/12/2024 21:16,MOD-14,REF-536946
7c504f84-26be-4df4-bfc8-275670548b39,COM-15707,USR-9531,NourritureEndommagée,"sushi est arrivé écrasé, besoin d'un remplacement.",8/15/2024 15:16,,faible,Résolu,8/17/2024 2:16,MOD-1,REF-780526
f89203f2-43eb-428b-b21f-2e64ab8b7960,COM-37441,USR-4744,LivraisonRetard,"Commande arrivée après 3 heures, vraiment pas satisfait.",4/18/2025 15:16,,élevé,Résolu,4/19/2025 11:16,MOD-4,REF-898761
a84fe933-6350-4ad9-ac7a-54946cbe0d13,COM-44163,USR-4428,ArticleManquant,"Commande incomplète, pizza non livré.",8/25/2024 15:16,,faible,Ouvert,,,REF-993721
64cc281f-af23-485c-b561-86a56d157150,COM-84415,USR-1484,MauvaiseQualité,"pâtes était trempé, je ne commanderai plus.",10/12/2024 15:16,image_3214.jpg,faible,Escaladé,,,REF-600807
784dacfc-688a-4278-97ce-0b98d88c77fd,COM-51495,USR-9177,LivraisonRetard,"J'ai attendu 1 heure pour ma commande, très frustrant.",9/20/2024 15:16,,moyen,Escaladé,,,REF-271081
61bf139b-f199-4cc9-b38d-ab5f084166a4,COM-49743,USR-7263,MauvaiseQualité,"Qualité médiocre de salade, très frustrant.",8/25/2024 15:16,,moyen,Ouvert,,,REF-521977
b26fec53-a91c-412d-b1f7-b9e6fd656e6a,COM-18408,USR-8742,CommandeErronée,"Erreur sur ma commande : dessert au lieu de salade, très agaçant.",8/21/2024 15:16,,moyen,Ouvert,,,REF-141715
db11bd5c-9fac-45dd-8cb1-304a318768e4,COM-13431,USR-1527,ArticleManquant,"Manque burger, service médiocre.",11/9/2024 15:16,,faible,Résolu,11/11/2024 5:16,MOD-16,REF-547473
9cb4fd8f-e6db-4d6e-91ee-07dc5dea06cc,COM-32523,USR-5039,MauvaiseQualité,"pâtes était brûlé, je ne commanderai plus.",8/14/2024 15:16,,faible,Résolu,8/15/2024 16:16,MOD-6,REF-309312
b15b5f41-b276-40fd-8e15-039003d1e8ef,COM-44877,USR-1817,CommandeErronée,J'ai reçu sushi au lieu de pizza.,9/9/2024 15:16,image_2309.jpg,faible,Escaladé,,,REF-467069
93e6393b-3ba4-4bff-a35e-e6562ed7d59c,COM-86178,USR-8028,NourritureEndommagée,"Tout était froid, expérience catastrophique.",6/13/2025 15:16,,élevé,Résolu,6/15/2025 13:16,MOD-11,REF-259439
2e6d0118-5ddf-4099-bbcf-328a2b96619b,COM-21769,USR-7780,ProblèmePaiement,"Erreur de facturation pour sandwich, très frustrant.",5/12/2025 15:16,,moyen,Résolu,5/14/2025 1:16,MOD-6,REF-777975
27e712f8-a2ae-4a35-899b-1af2e9b9959a,COM-39129,USR-3368,NourritureEndommagée,"frites livré gâté, c'est scandaleux et dangereux !",5/28/2025 15:16,,élevé,Ouvert,,,REF-391074
c38cbac7-6955-48fe-a549-b1313e7cf1bb,COM-47987,USR-4818,MauvaiseQualité,"burger n'était pas terrible, qualité moyenne.",1/26/2025 15:16,,faible,Résolu,1/27/2025 7:16,MOD-1,REF-207705
36a1d711-25e3-4feb-be1a-1ae3dde197c6,COM-66566,USR-6797,MauvaiseQualité,"pizza avait un goût mal emballé, expérience horrible.",12/8/2024 15:16,image_8855.jpg,élevé,Escaladé,,,REF-357487
04d26353-ea5b-48db-847c-e1b6f25b3d99,COM-31620,USR-1174,LivraisonRetard,"La nourriture est arrivée avec 90 minutes de retard, service décevant.",2/1/2025 15:16,image_2775.jpg,élevé,Escaladé,,,REF-851128
98016eb2-bd72-4cd1-ba43-ffa9c8178e64,COM-13957,USR-4748,ArticleManquant,"Pas de dessert, c'est inacceptable et frustrant !",10/14/2024 15:16,,moyen,Résolu,10/15/2024 1:16,MOD-16,REF-675633
69d8cadf-14de-4e92-8caf-0a26081742aa,COM-54839,USR-8234,ArticleManquant,"Petit souci, il manquait boisson dans la commande.",1/19/2025 15:16,,faible,Résolu,1/21/2025 2:16,MOD-15,REF-802394
59aebeab-01e4-4a8b-8869-86b683e71841,COM-40047,USR-6508,MauvaiseQualité,"pâtes n'était pas terrible, qualité moyenne.",7/5/2024 15:16,,faible,Résolu,7/5/2024 17:16,MOD-20,REF-766972
5d138c2b-eaca-4386-8bb7-634a390135b0,COM-91731,USR-6002,LivraisonRetard,"La nourriture est arrivée avec 2 heures de retard, service décevant.",6/30/2025 15:16,image_5201.jpg,élevé,Ouvert,,,REF-270801
d6647934-7561-4714-8a8e-11b587a5cc0c,COM-80964,USR-7580,MauvaiseQualité,"pâtes avait un goût moisi, expérience horrible.",2/8/2025 15:16,image_8277.jpg,élevé,Résolu,2/8/2025 19:16,MOD-7,REF-156106
435618bd-bac2-40a3-a96c-729276661f26,COM-90130,USR-7795,ArticleManquant,"Il manque sandwich dans ma commande, très décevant.",11/9/2024 15:16,,moyen,Ouvert,,,REF-990943
23ff6ce4-1efe-48e7-9ef1-cb5d7808d8d9,COM-47243,USR-5863,NourritureEndommagée,"pâtes était un peu moisi, mais mangeable.",11/18/2024 15:16,,élevé,Escaladé,,,REF-155812
4eb1ced9-12b9-4e10-8034-c78749d7a6e3,COM-11015,USR-1417,CommandeErronée,"Commande erronée livrée, j'ai eu boisson et non pâtes.",4/22/2025 15:16,,faible,Ouvert,,,REF-741751
226ad860-7b3f-4f54-ac9c-804ba96ac190,COM-62342,USR-9992,ProblèmePaiement,"Problème de paiement, remboursement requis immédiatement.",8/23/2024 15:16,"image_5753.jpg,image_9378.jpg",élevé,Ouvert,,,REF-883336
22ca24fd-15b0-462f-ac55-6085635a1df8,COM-17544,USR-5282,CommandeErronée,"Livré burger, mais je voulais frites, c'est inacceptable.",8/17/2024 15:16,image_1410.jpg,moyen,Escaladé,,,REF-879331
1789092d-d4e6-460d-9376-a2217d3fd5df,COM-21375,USR-1621,LivraisonRetard,"Livraison retardée de 1 heure, totalement inacceptable !",7/14/2024 15:16,,moyen,Résolu,7/15/2024 13:16,MOD-7,REF-801524
30ae43e4-ce1c-435a-9ede-8de4cc71d914,COM-13295,USR-3560,CommandeErronée,"Erreur sur ma commande : pizza au lieu de salade, très agaçant.",10/9/2024 15:16,,moyen,Escaladé,,,REF-386759
8602e67c-b336-456d-8c24-db0c0f87f2cc,COM-47564,USR-8287,ProblèmePaiement,"Problème de paiement, remboursement requis immédiatement.",4/21/2025 15:16,image_2655.jpg,élevé,Escaladé,,,REF-954541
cbafa168-6184-4c64-a88e-5c0654d600fb,COM-34566,USR-9782,CommandeErronée,"Livré sushi, mais je voulais pizza, c'est inacceptable.",3/25/2025 15:16,,faible,Escaladé,,,REF-101888
058d557a-90a8-4a33-a65e-483662cec17c,COM-17323,USR-5959,LivraisonRetard,"Livraison en retard de 2 heures, c'est gênant mais acceptable.",12/14/2024 15:16,image_9753.jpg,élevé,Escaladé,,,REF-768536
129b10c6-ed29-46b3-814d-600492ad411f,COM-50992,USR-5610,MauvaiseQualité,"Qualité médiocre de pâtes, très frustrant.",5/6/2025 15:16,,moyen,Résolu,5/8/2025 1:16,MOD-16,REF-457292
34d4b01e-6de8-4eca-ba29-5655bd63d11e,COM-22185,USR-6936,NourritureEndommagée,"sandwich est arrivé moisi, besoin d'un remplacement.",10/23/2024 15:16,,élevé,Résolu,10/25/2024 2:16,MOD-14,REF-585031
6bfd5162-2d50-468d-968c-1f424197edf4,COM-14650,USR-2186,MauvaiseQualité,"Très mauvaise qualité de boisson, immangeable.",1/14/2025 15:16,,élevé,Escaladé,,,REF-244540
4f03a827-5401-4c3f-b49d-c1a84d8512c1,COM-12901,USR-5006,CommandeErronée,"Commande erronée livrée, j'ai eu frites et non sandwich.",1/27/2025 15:16,,faible,Escaladé,,,REF-298218
6e079b05-4a7b-4e2f-a4a3-551a7c2cc289,COM-25101,USR-5046,NourritureEndommagée,"La commande était mal emballé, très déçu.",3/29/2025 15:16,,faible,Ouvert,,,REF-504169
610b8c2c-20ae-4833-823e-9f593e59b1ef,COM-44759,USR-5547,MauvaiseQualité,"pizza avait un goût froid, expérience horrible.",1/22/2025 15:16,,élevé,Ouvert,,,REF-619392
4e8062ee-af1c-495d-a733-5e6bc9ba786f,COM-72749,USR-7226,CommandeErronée,"Petite erreur, j'ai reçu dessert au lieu de burger.",11/9/2024 15:16,,faible,Escaladé,,,REF-730175
ea36cd82-d60b-4bee-87be-e3b9c5c85c9a,COM-74386,USR-5077,NourritureEndommagée,"sauce était écrasé, qualité inacceptable.",7/28/2024 15:16,,élevé,Résolu,7/29/2024 6:16,MOD-3,REF-125626
569c47f5-557b-47ad-8d53-9c116c9fcd83,COM-93065,USR-1141,MauvaiseQualité,"burger n'était pas terrible, qualité moyenne.",9/13/2024 15:16,,faible,Résolu,9/13/2024 22:16,MOD-10,REF-487329
f887721a-7bcf-44c7-b025-148bb38e3901,COM-65721,USR-5721,NourritureEndommagée,"La commande était brûlé, très déçu.",11/20/2024 15:16,,faible,Résolu,11/21/2024 23:16,MOD-1,REF-333653
a5f12029-c9a6-454b-bb7c-f08255506cff,COM-45693,USR-5664,MauvaiseQualité,"La nourriture était mal emballé, pas à la hauteur.",3/5/2025 15:16,,faible,Ouvert,,,REF-413428
587fdd03-f7af-4617-a700-0cc350a618e1,COM-47790,USR-6395,NourritureEndommagée,"Tout était gâté, expérience catastrophique.",11/28/2024 15:16,"image_4854.jpg,image_6018.jpg",élevé,Escaladé,,,REF-417985
7140a321-6657-4965-9bda-06489e0fb0eb,COM-11059,USR-5254,MauvaiseQualité,"pâtes avait un goût moisi, expérience horrible.",1/11/2025 15:16,"image_5648.jpg,image_1807.jpg",élevé,Escaladé,,,REF-138374
37f07a26-ba75-4927-98a2-31c2e656a882,COM-26870,USR-9303,LivraisonRetard,"Livraison retardée de 3 heures, totalement inacceptable !",12/3/2024 15:16,,élevé,Escaladé,,,REF-837872
37be08b4-3758-4b38-9a4f-4ba4bf8095ac,COM-84864,USR-7763,LivraisonRetard,"Livraison retardée de 90 minutes, totalement inacceptable !",10/30/2024 15:16,image_9729.jpg,élevé,Escaladé,,,REF-754743
e8971cf5-fd6c-4e99-9d2b-efc540044c4e,COM-73478,USR-6983,ServiceClient,"Réponse lente du service client, qualité médiocre.",6/30/2025 15:16,image_9258.jpg,moyen,Escaladé,,,REF-130995
120ab0a1-8dcc-4786-8b03-d9138af6998c,COM-80490,USR-2387,ProblèmePaiement,"Problème mineur avec le paiement, veuillez vérifier.",7/23/2024 15:16,image_4784.jpg,élevé,Ouvert,,,REF-627816
2576b137-8744-434e-8828-0538e51dcaf3,COM-96723,USR-6423,NourritureEndommagée,"Commande endommagée, pâtes était légèrement moisi.",4/13/2025 15:16,image_9237.jpg,élevé,Ouvert,,,REF-342107
2c9e2217-ee97-4141-8bad-7def8d63e5cb,COM-64557,USR-3537,ServiceClient,"Service client injoignable, c'est insupportable !",4/7/2025 15:16,,élevé,Résolu,4/8/2025 16:16,MOD-14,REF-317201
30880b78-7477-4955-af92-3ea177116f31,COM-45392,USR-1369,MauvaiseQualité,"Très mauvaise qualité de sushi, immangeable.",6/25/2025 15:16,,élevé,Escaladé,,,REF-326555
6b4055af-2803-4796-9235-2068c8612c61,COM-93171,USR-1776,NourritureEndommagée,"pâtes est arrivé mal emballé, besoin d'un remplacement.",6/14/2025 15:16,,faible,Résolu,6/15/2025 0:16,MOD-6,REF-609464
d1d3ecb7-4f83-4e18-9cc5-c16f5ada7fcf,COM-22293,USR-9708,ServiceClient,"Petit souci avec le support, mais acceptable.",8/10/2024 15:16,"image_2658.jpg,image_4279.jpg",moyen,Ouvert,,,REF-109690
21c7916f-9106-4d02-922a-c5a8303db512,COM-81519,USR-1930,NourritureEndommagée,"pâtes était un peu trempé, mais mangeable.",8/19/2024 15:16,,faible,Résolu,8/21/2024 5:16,MOD-15,REF-985113
a0be21c9-7f0b-47b0-9a9f-3eb339b5a647,COM-71485,USR-2678,ServiceClient,"Réponse lente du service client, qualité médiocre.",8/25/2024 15:16,image_1230.jpg,moyen,Résolu,8/26/2024 15:16,MOD-16,REF-322394
7945c211-ff13-444f-b15e-852287abd8a7,COM-57111,USR-3919,ServiceClient,"Service client correct, mais pourrait être plus rapide.",9/23/2024 15:16,,faible,Résolu,9/24/2024 0:16,MOD-5,REF-850706
9af1dcd8-09dd-4ce6-9fc6-ed9e7a96db1b,COM-86660,USR-9488,LivraisonRetard,"La nourriture est arrivée avec 3 heures de retard, service décevant.",7/8/2024 15:16,,élevé,Escaladé,,,REF-278213
148962b8-82e7-4ef4-811a-050a35beeb82,COM-94061,USR-2905,CommandeErronée,"Petite erreur, j'ai reçu sandwich au lieu de burger.",11/10/2024 15:16,"image_3603.jpg,image_3420.jpg",faible,Résolu,11/11/2024 6:16,MOD-19,REF-477596
0cc88091-65d9-43be-9ab5-c3c57998a70a,COM-10280,USR-9931,CommandeErronée,"Livré sushi, mais je voulais dessert, c'est inacceptable.",3/3/2025 15:16,,faible,Escaladé,,,REF-597452
73e1f51b-2440-463c-9767-7bf4c303b6ac,COM-93134,USR-8475,ProblèmePaiement,"J'ai été facturé deux fois pour ma commande, c'est inacceptable !",8/14/2024 15:16,,élevé,Escaladé,,,REF-533154
55239096-1387-4b0c-9528-1d229cb38028,COM-83804,USR-4751,MauvaiseQualité,"pizza était trempé, je ne commanderai plus.",4/5/2025 15:16,,faible,Résolu,4/6/2025 13:16,MOD-13,REF-822987
0aada344-9b11-43bb-81d5-0c84323ab858,COM-77624,USR-7541,NourritureEndommagée,"La nourriture était gâté, totalement immangeable.",5/27/2025 15:16,"image_5937.jpg,image_4314.jpg",élevé,Ouvert,,,REF-746404
42261d55-8589-47ca-806c-d87fa1783e4a,COM-87538,USR-7520,ProblèmePaiement,"Problème de paiement, remboursement requis immédiatement.",1/4/2025 15:16,,élevé,Résolu,1/5/2025 14:16,MOD-1,REF-836896
6e099dfd-9d82-43d5-b0a5-83adcb394140,COM-57629,USR-8390,MauvaiseQualité,"burger était sans goût, totalement dégoûtant !",2/15/2025 15:16,,élevé,Escaladé,,,REF-667667
6428a273-b942-40de-8d2b-eac84d9efce1,COM-19010,USR-2415,CommandeErronée,"Commande incorrecte, mais le goût de pizza était acceptable.",4/3/2025 15:16,,faible,Ouvert,,,REF-550094
54ca5cf1-9aeb-439e-bd5a-679b241d34f2,COM-40596,USR-7401,ServiceClient,"Réponse lente du service client, qualité médiocre.",10/31/2024 15:16,image_8658.jpg,moyen,Résolu,11/2/2024 9:16,MOD-4,REF-939973
198161f4-082f-4ffe-ab76-e4533132a623,COM-73964,USR-4299,LivraisonRetard,"Livraison en retard de 2 heures, c'est gênant mais acceptable.",6/30/2025 15:16,,élevé,Escaladé,,,REF-154543
22c0fbd7-8f80-441a-be03-5311025076eb,COM-65748,USR-5289,CommandeErronée,J'ai reçu sauce au lieu de sauce.,9/8/2024 15:16,,faible,Ouvert,,,REF-318290
75d929a6-399c-46ee-8c44-d6d25aedb6f5,COM-64176,USR-3808,ServiceClient,"Service client correct, mais pourrait être plus rapide.",4/24/2025 15:16,image_8227.jpg,moyen,Escaladé,,,REF-493272
3bfa7910-f440-4d41-a448-14ececa27d0b,COM-59879,USR-8813,CommandeErronée,J'ai reçu pâtes au lieu de pizza.,10/18/2024 15:16,image_5771.jpg,faible,Ouvert,,,REF-770033
5ee2e890-470f-4fac-8853-086b10da2685,COM-85384,USR-8674,ArticleManquant,"Manque sandwich, service médiocre.",7/1/2024 15:16,,faible,Escaladé,,,REF-132021
e76cd3a1-0c6d-4206-9760-434c125ca5e0,COM-99197,USR-5038,ArticleManquant,"Commande incomplète, dessert non livré.",8/21/2024 15:16,image_3712.jpg,faible,Escaladé,,,REF-431243
cb6afbc7-ddee-4983-9f22-4e4794ac5a9b,COM-19795,USR-9717,NourritureEndommagée,"frites est arrivé moisi, besoin d'un remplacement.",11/4/2024 15:16,,élevé,Résolu,11/5/2024 0:16,MOD-11,REF-324027
ee6f7d43-ac83-4369-ba26-042c24e50b3c,COM-30342,USR-2696,ProblèmePaiement,"Surfacturation de la commande, service client désastreux.",3/12/2025 15:16,,élevé,Ouvert,,,REF-736389
d360a825-53c8-492a-84ae-fe3fb9c84ca8,COM-46282,USR-2148,MauvaiseQualité,"La nourriture était trempé, pas à la hauteur.",12/4/2024 15:16,"image_7809.jpg,image_8271.jpg",faible,Escaladé,,,REF-369467
15d747ad-2dda-4519-a1f2-b3f3f41a1d5e,COM-24336,USR-1118,NourritureEndommagée,"salade livré froid, c'est scandaleux et dangereux !",10/3/2024 15:16,image_8053.jpg,élevé,Escaladé,,,REF-358941
46bee792-795e-41eb-abcd-efdbd19787ac,COM-61578,USR-5253,MauvaiseQualité,"dessert était moisi, je ne commanderai plus.",7/23/2024 15:16,image_3880.jpg,élevé,Résolu,7/24/2024 18:16,MOD-20,REF-409439
0021d4f2-8382-44dc-91c2-ac84f7b969f2,COM-28625,USR-3371,NourritureEndommagée,"Tout était gâté, expérience catastrophique.",2/26/2025 15:16,"image_5163.jpg,image_6443.jpg",élevé,Ouvert,,,REF-215057
8ab57d11-b37a-447a-9ce7-39adc862f859,COM-24698,USR-1366,MauvaiseQualité,"dessert n'était pas terrible, qualité moyenne.",3/25/2025 15:16,,faible,Résolu,3/26/2025 17:16,MOD-7,REF-627975
da47156c-6a24-4118-b610-e8287feaa3dc,COM-98399,USR-4208,ProblèmePaiement,"J'ai été facturé deux fois pour ma commande, c'est inacceptable !",11/13/2024 15:16,,élevé,Résolu,11/15/2024 8:16,MOD-2,REF-538245
4cd44797-67f2-4394-977a-2a16fd4be427,COM-54882,USR-7843,CommandeErronée,"Erreur sur ma commande : dessert au lieu de pizza, très agaçant.",10/29/2024 15:16,,élevé,Résolu,10/29/2024 18:16,MOD-5,REF-530852
aaa49a53-cd5b-4e62-ac7d-4276f4ae45f7,COM-82479,USR-9488,MauvaiseQualité,"frites n'était pas terrible, qualité moyenne.",9/20/2024 15:16,,moyen,Ouvert,,,REF-734509
393f0de8-143b-465d-853a-f83853d3250c,COM-18720,USR-3883,CommandeErronée,"Livré sauce, mais je voulais sandwich, c'est inacceptable.",6/1/2025 15:16,,faible,Escaladé,,,REF-721927
a2379d71-f6e7-473a-8105-a61900f4bf5e,COM-65672,USR-7799,CommandeErronée,"Commande erronée livrée, j'ai eu salade et non salade.",10/30/2024 15:16,,faible,Résolu,11/1/2024 13:16,MOD-2,REF-267266
d5fa600a-ddcd-4ab2-a5f8-46b872e5eb74,COM-64130,USR-9635,ArticleManquant,Pourriez-vous vérifier pourquoi sushi n'était pas inclus ?,8/7/2024 15:16,image_6047.jpg,faible,Escaladé,,,REF-347115
99623bd7-ed8b-4fbe-b9f0-cab065172a77,COM-65544,USR-8608,ArticleManquant,"Commande incomplète, burger non livré.",4/3/2025 15:16,,faible,Résolu,4/5/2025 7:16,MOD-20,REF-759753
99e3b3db-17ae-4910-94e0-42465ba9b0c8,COM-66475,USR-9996,LivraisonRetard,"Livraison retardée de 2 heures, totalement inacceptable !",12/17/2024 15:16,,élevé,Ouvert,,,REF-344463
4a3b8175-57dc-450d-bd2c-01e8017b4944,COM-88353,USR-8916,ProblèmePaiement,"Erreur de facturation pour dessert, très frustrant.",3/2/2025 15:16,,moyen,Ouvert,,,REF-941798
5827736c-672a-4761-aca3-9b08fd3732b2,COM-75059,USR-7942,LivraisonRetard,"Livraison retardée de 90 minutes, totalement inacceptable !",4/30/2025 15:16,"image_6206.jpg,image_6088.jpg",élevé,Résolu,5/1/2025 10:16,MOD-4,REF-227471
035874fe-c531-423f-92bd-13d620770dbd,COM-11076,USR-1885,ArticleManquant,"Je n'ai pas reçu salade, besoin d'un remboursement.",11/7/2024 15:16,image_2561.jpg,faible,Escaladé,,,REF-275523
4ceaaac1-6e5c-4559-b6f2-cd5da7fcb463,COM-14820,USR-6167,ServiceClient,"Réponse lente du service client, qualité médiocre.",4/18/2025 15:16,,moyen,Résolu,4/20/2025 0:16,MOD-18,REF-899835
8980e463-3fdf-46c8-9962-1c4b23d438ff,COM-59081,USR-6777,ArticleManquant,"Je n'ai pas reçu sauce, besoin d'un remboursement.",9/14/2024 15:16,,faible,Ouvert,,,REF-472683
277bf170-d02c-4778-ad1a-200230d7737a,COM-49203,USR-2625,MauvaiseQualité,"Le goût de dessert était un peu brûlé, mais acceptable.",5/31/2025 15:16,,faible,Escaladé,,,REF-509354
f917ce1f-d0e5-4633-80da-3d69717a5db1,COM-18950,USR-9301,ServiceClient,"Mauvaise expérience avec le support, très décevant.",7/7/2024 15:16,,moyen,Escaladé,,,REF-171089
8acb671a-6678-44ea-be2b-39d52645a730,COM-38797,USR-1654,ServiceClient,"Service client correct, mais pourrait être plus rapide.",4/12/2025 15:16,,faible,Résolu,4/14/2025 14:16,MOD-19,REF-497816
4713d169-2c68-47cd-bf37-256b016f95d7,COM-59315,USR-5947,CommandeErronée,"J'ai commandé pizza, mais j'ai reçu pizza.",5/8/2025 15:16,,faible,Escaladé,,,REF-825877
81439780-c969-4e05-a32f-78e9b567f9cd,COM-57191,USR-6447,MauvaiseQualité,"Le goût de sushi était un peu mal emballé, mais acceptable.",4/10/2025 15:16,,faible,Résolu,4/10/2025 21:16,MOD-14,REF-457845
28ab201a-cf9b-4410-a7ba-6de1ce4ad998,COM-31235,USR-2299,LivraisonRetard,"Livraison retardée de 2 heures, totalement inacceptable !",5/11/2025 15:16,,élevé,Escaladé,,,REF-261840
cb183e6c-8e49-415b-b500-4918e9437213,COM-71378,USR-9852,ServiceClient,"Service client correct, mais pourrait être plus rapide.",6/20/2025 15:16,"image_2948.jpg,image_5576.jpg",moyen,Résolu,6/20/2025 20:16,MOD-15,REF-162923
c5fef4ff-69af-4697-a858-7f39700db4a6,COM-57517,USR-2835,ProblèmePaiement,"Erreur de facturation pour salade, très frustrant.",2/1/2025 15:16,image_7203.jpg,élevé,Ouvert,,,REF-402789
097dad89-fa3a-4d93-944e-a61bd47d5f54,COM-36639,USR-9722,ProblèmePaiement,"Petite erreur de facturation, mais gênante.",12/16/2024 15:16,,moyen,Escaladé,,,REF-755747
01ba4dff-ade7-46d4-8967-e1f2926e5629,COM-38377,USR-3785,ServiceClient,"Petit souci avec le support, mais acceptable.",6/28/2025 15:16,,faible,Ouvert,,,REF-438053
6ebfb555-7f46-4230-a323-d9a94835fe0c,COM-24983,USR-9966,ProblèmePaiement,"J'ai été facturé deux fois pour ma commande, c'est inacceptable !",1/12/2025 15:16,,élevé,Escaladé,,,REF-310707
18fe6af6-a3c9-462d-b6dc-e58b18a365a6,COM-29765,USR-3045,ProblèmePaiement,"Problème mineur avec le paiement, veuillez vérifier.",11/14/2024 15:16,,moyen,Ouvert,,,REF-271255
328eb5b7-8844-4109-a373-b3210f22c0aa,COM-15819,USR-2323,LivraisonRetard,"La commande a été livrée avec 3 heures de retard, la nourriture était froide.",10/11/2024 15:16,image_1881.jpg,élevé,Ouvert,,,REF-965563
7f5cf4d8-4839-4e7b-8ee1-dc083e43cb2f,COM-29039,USR-9490,MauvaiseQualité,"Très mauvaise qualité de frites, immangeable.",2/12/2025 15:16,image_2071.jpg,élevé,Ouvert,,,REF-660477
e958b825-18b2-4951-9da9-b67952188ece,COM-66902,USR-8839,LivraisonRetard,"Commande arrivée après 3 heures, vraiment pas satisfait.",4/22/2025 15:16,,élevé,Ouvert,,,REF-453383
415cac83-c589-4cb9-afa9-fd4ec386042c,COM-48913,USR-6259,NourritureEndommagée,"burger était gâté, qualité inacceptable.",2/15/2025 15:16,,élevé,Ouvert,,,REF-106643
d5714369-2e24-44f7-9b22-5c55ec8babd0,COM-21081,USR-7409,ServiceClient,"Le service client n'a pas résolu mon problème, frustrant.",8/14/2024 15:16,,moyen,Résolu,8/15/2024 11:16,MOD-18,REF-526551
c119ea8a-c65f-441c-b360-39bdde23fc5d,COM-86745,USR-7007,ProblèmePaiement,"Problème de paiement, remboursement requis immédiatement.",10/7/2024 15:16,,élevé,Résolu,10/8/2024 11:16,MOD-19,REF-764720
712953e0-39fb-4931-90cb-54f5d9b5ba14,COM-17923,USR-8513,NourritureEndommagée,"frites était un peu écrasé, mais mangeable.",9/16/2024 15:16,image_5539.jpg,faible,Résolu,9/18/2024 6:16,MOD-1,REF-166290
5c3a2311-11f0-481b-b846-99b203493184,COM-15253,USR-8638,ProblèmePaiement,"J'ai été facturé deux fois pour ma commande, c'est inacceptable !",6/15/2025 15:16,,élevé,Escaladé,,,REF-234199
713bd9f0-ad3f-4630-b6e7-8fd2ea61bcea,COM-68956,USR-2660,ArticleManquant,"sushi manquant, veuillez résoudre immédiatement.",6/6/2025 15:16,image_8610.jpg,élevé,Escaladé,,,REF-762966
7dada43d-456a-4423-8571-5072666df5ea,COM-75174,USR-2701,MauvaiseQualité,"La nourriture était mal emballé, pas à la hauteur.",3/24/2025 15:16,image_2570.jpg,faible,Escaladé,,,REF-783397
28622859-ac52-4538-af16-2e335d8e3ef6,COM-17562,USR-3854,ServiceClient,"Service client injoignable, c'est insupportable !",3/2/2025 15:16,,élevé,Résolu,3/4/2025 11:16,MOD-7,REF-848927
288e3689-a133-41da-988b-a65a52622662,COM-47642,USR-3671,NourritureEndommagée,"salade livré trempé, c'est scandaleux et dangereux !",8/20/2024 15:16,image_5127.jpg,élevé,Résolu,8/22/2024 3:16,MOD-6,REF-205616
1a51fccc-389c-403b-831d-b7aa4c83f05c,COM-98344,USR-4697,ArticleManquant,Pourriez-vous vérifier pourquoi salade n'était pas inclus ?,12/23/2024 15:16,image_5620.jpg,faible,Escaladé,,,REF-709975
a3dd1fc3-fede-4d17-9a47-674fa0cef93e,COM-21415,USR-9334,CommandeErronée,"J'ai commandé burger, mais j'ai reçu pizza.",9/17/2024 15:16,,faible,Résolu,9/18/2024 0:16,MOD-13,REF-441142
2be0063d-7202-4eaf-b6c2-80d5f829b34d,COM-86471,USR-5266,LivraisonRetard,"Livraison retardée de 3 heures, totalement inacceptable !",11/18/2024 15:16,,élevé,Escaladé,,,REF-396929
f67c2534-0715-4380-9a98-62d23de3357c,COM-62642,USR-6353,NourritureEndommagée,"Commande endommagée, pâtes était légèrement sans goût.",3/9/2025 15:16,image_1935.jpg,faible,Résolu,3/11/2025 14:16,MOD-4,REF-898753
63647e38-5702-47ac-8562-bf9497eb449b,COM-49207,USR-7665,ProblèmePaiement,"Problème de paiement, remboursement requis immédiatement.",2/7/2025 15:16,image_7636.jpg,élevé,Escaladé,,,REF-925627
13d2867f-2e21-47c3-89e5-508659bc95e3,COM-81867,USR-7798,CommandeErronée,"Commande incorrecte, mais le goût de frites était acceptable.",5/28/2025 15:16,,faible,Résolu,5/29/2025 13:16,MOD-6,REF-890340
f1c1e03a-e922-4caf-96bb-66658a2f3dfa,COM-52189,USR-8467,LivraisonRetard,"Livraison en retard de 3 heures, c'est gênant mais acceptable.",4/30/2025 15:16,,élevé,Ouvert,,,REF-326104
31d8f97f-a40b-4e4d-98b4-22ef9c8e139f,COM-58911,USR-2124,CommandeErronée,"Mauvais article livré, pizza à la place de boisson.",12/11/2024 15:16,image_8234.jpg,faible,Escaladé,,,REF-451846
57fbc3f1-37ec-4009-ba5e-b5ae1b34bf3f,COM-32273,USR-5978,CommandeErronée,"Mauvais article livré, sushi à la place de sushi.",11/21/2024 15:16,image_3275.jpg,moyen,Ouvert,,,REF-685783
d27c41b5-05b9-4976-9a75-dfa44263047c,COM-43715,USR-1255,ArticleManquant,"Je n'ai pas reçu boisson, besoin d'un remboursement.",7/26/2024 15:16,,faible,Résolu,7/28/2024 8:16,MOD-12,REF-224725
c29ea353-5ee9-43e3-b39f-f2a7ca37ce5f,COM-21508,USR-2169,ProblèmePaiement,"Surfacturation de la commande, service client désastreux.",5/18/2025 15:16,,élevé,Escaladé,,,REF-195185
25db462e-3e10-4bd6-bf93-e0f4c6d46ad0,COM-57406,USR-7342,CommandeErronée,"J'ai commandé burger, mais j'ai reçu sandwich.",3/18/2025 15:16,"image_3076.jpg,image_2047.jpg",faible,Escaladé,,,REF-543757
cc97b39b-bcd0-4571-a301-8e690b5657b0,COM-86175,USR-3707,ProblèmePaiement,"Erreur de facturation pour sushi, très frustrant.",11/5/2024 15:16,image_8236.jpg,élevé,Escaladé,,,REF-264370
f6c041f5-f570-44be-a259-57fcfdc1d080,COM-13197,USR-9533,ArticleManquant,"Petit souci, il manquait sushi dans la commande.",10/14/2024 15:16,,faible,Escaladé,,,REF-530246
bf07d57f-69a7-4fc2-9bdf-fb4088ec0a14,COM-31790,USR-8509,CommandeErronée,"Commande erronée livrée, j'ai eu dessert et non sauce.",12/15/2024 15:16,,faible,Ouvert,,,REF-533294
967c54c6-a96e-487d-b350-107145878201,COM-43409,USR-3158,MauvaiseQualité,"Qualité médiocre de salade, très frustrant.",4/7/2025 15:16,image_9966.jpg,élevé,Ouvert,,,REF-860761
7ac72cdc-d6e3-4dd9-88d3-720bff9a89ea,COM-55988,USR-6356,ServiceClient,"Le service client n'a pas résolu mon problème, frustrant.",4/1/2025 15:16,,moyen,Ouvert,,,REF-329633
2ce14973-bfdc-4dce-8d9a-0695f2d65943,COM-19339,USR-5044,ServiceClient,"Service client correct, mais pourrait être plus rapide.",12/31/2024 15:16,image_3345.jpg,moyen,Ouvert,,,REF-797061
3a568a10-24e7-4bb3-98e5-5a7329586b77,COM-52738,USR-9541,MauvaiseQualité,"La nourriture était mal emballé, pas à la hauteur.",10/21/2024 15:16,"image_3901.jpg,image_6154.jpg",faible,Résolu,10/22/2024 23:16,MOD-3,REF-686581
39a4f7a5-9274-4a24-881d-7462f706dbe5,COM-56106,USR-3421,ArticleManquant,"Je n'ai pas reçu pâtes, besoin d'un remboursement.",9/17/2024 15:16,,faible,Escaladé,,,REF-410436
3405b4bb-3aa1-4d01-821e-3eec404f9aec,COM-34597,USR-5471,CommandeErronée,"Livré pizza, mais je voulais pâtes, c'est inacceptable.",3/19/2025 15:16,image_2003.jpg,moyen,Ouvert,,,REF-751828
0400c911-6a62-4898-a1a6-f0ada7ee1082,COM-62519,USR-9987,ServiceClient,"Le service client n'a pas résolu mon problème, frustrant.",5/9/2025 15:16,image_4616.jpg,élevé,Escaladé,,,REF-543746
b1552152-6c72-401b-9aca-415f5125aab8,COM-32221,USR-1041,LivraisonRetard,"La nourriture est arrivée avec 1 heure de retard, service décevant.",9/10/2024 15:16,image_6884.jpg,élevé,Résolu,9/10/2024 16:16,MOD-2,REF-106937
d558199d-bf8e-4ec8-909e-62f2d7130d3a,COM-89229,USR-9436,MauvaiseQualité,"La nourriture était gâté, pas à la hauteur.",8/5/2024 15:16,"image_5492.jpg,image_2777.jpg",élevé,Ouvert,,,REF-762229
f4889ac5-d964-4015-ad01-1205af8f058c,COM-63583,USR-2545,CommandeErronée,"Mauvais article livré, dessert à la place de sauce.",7/29/2024 15:16,,faible,Résolu,7/30/2024 4:16,MOD-11,REF-566965
c7b340a4-edda-4b0c-8fbf-4e5f823f05c5,COM-90213,USR-3292,ArticleManquant,"Manque frites, service médiocre.",8/1/2024 15:16,,faible,Ouvert,,,REF-475981
9ae874e0-4169-4a4d-81ec-4eb0e0fc091d,COM-91518,USR-2332,LivraisonRetard,"La nourriture est arrivée avec 2 heures de retard, service décevant.",1/25/2025 15:16,,élevé,Escaladé,,,REF-358233
28952055-9493-4900-b990-f80403bdf81a,COM-29783,USR-1426,ServiceClient,"Service client injoignable, c'est insupportable !",10/10/2024 15:16,image_8951.jpg,élevé,Escaladé,,,REF-725066
fbedadba-91c6-4245-bd73-524b20ba8670,COM-72500,USR-9337,ArticleManquant,"Manque sauce, service médiocre.",8/10/2024 15:16,,faible,Résolu,8/11/2024 1:16,MOD-6,REF-879202
d9a4899b-d2b8-4046-a6c7-40b3c5cecc76,COM-33982,USR-1950,CommandeErronée,"Livré pâtes, mais je voulais salade, c'est inacceptable.",8/2/2024 15:16,,faible,Ouvert,,,REF-919376
13990dda-a815-4b31-ad5f-564d6313c43a,COM-74628,USR-6918,ProblèmePaiement,"Erreur de facturation pour boisson, très frustrant.",9/28/2024 15:16,,moyen,Ouvert,,,REF-908816
be06a2e8-1f32-42bc-8bf1-917db3adb7cb,COM-98846,USR-4642,MauvaiseQualité,"Qualité médiocre de sauce, très frustrant.",4/1/2025 15:16,,moyen,Résolu,4/3/2025 12:16,MOD-18,REF-818432
b1b801b8-e3cc-4af5-82aa-76d84cf3ebc5,COM-80075,USR-2110,CommandeErronée,"Commande incorrecte, mais le goût de pizza était acceptable.",7/27/2024 15:16,image_3517.jpg,moyen,Ouvert,,,REF-242930
11edfe45-3b81-4107-81a1-1cc64cf2f460,COM-85693,USR-5568,MauvaiseQualité,"sandwich était brûlé, totalement dégoûtant !",8/22/2024 15:16,,élevé,Ouvert,,,REF-438549
e0ffb507-e816-4e0d-b492-06185095d9fa,COM-31014,USR-6511,LivraisonRetard,"La nourriture est arrivée avec 2 heures de retard, service décevant.",4/15/2025 15:16,,élevé,Résolu,4/17/2025 11:16,MOD-7,REF-643562
b8cf7ce9-4ccc-40df-ad0e-269eecaa6bc5,COM-28624,USR-7513,LivraisonRetard,"Petit retard de 2 heures, mais la nourriture était correcte.",5/26/2025 15:16,,élevé,Escaladé,,,REF-340640
61dd3521-525c-4432-8ecf-e6ac80344352,COM-68497,USR-1396,ProblèmePaiement,"Problème mineur avec le paiement, veuillez vérifier.",11/12/2024 15:16,"image_5705.jpg,image_9475.jpg",élevé,Résolu,11/13/2024 20:16,MOD-19,REF-809178
45953a5e-c739-4f53-84a9-5f937117c333,COM-64370,USR-2340,ProblèmePaiement,"Problème de paiement, remboursement requis immédiatement.",6/12/2025 15:16,,élevé,Escaladé,,,REF-335216
f331c4bd-c5a7-4aea-a4ba-e4d7fe8e7e26,COM-33939,USR-2621,MauvaiseQualité,"Le goût de burger était un peu trempé, mais acceptable.",10/20/2024 15:16,,faible,Escaladé,,,REF-303854
b87594a0-6f94-4e73-a00b-7100fe110568,COM-68238,USR-7310,ServiceClient,"Le service client n'a pas résolu mon problème, frustrant.",10/13/2024 15:16,image_7498.jpg,élevé,Escaladé,,,REF-119751
4a64fe4b-fccf-48b3-8511-96961c2a2e35,COM-19398,USR-9800,ArticleManquant,"frites manquant, veuillez résoudre immédiatement.",10/14/2024 15:16,,moyen,Résolu,10/16/2024 13:16,MOD-17,REF-186493
6fe78c52-50e3-4039-8553-b1445c9903a8,COM-85600,USR-2032,ProblèmePaiement,"Erreur de facturation pour frites, très frustrant.",8/12/2024 15:16,,moyen,Résolu,8/13/2024 20:16,MOD-8,REF-305121
a2be2dc0-def4-4b3a-8d08-35bf30e35d2c,COM-82005,USR-2075,CommandeErronée,"J'ai commandé pâtes, mais j'ai reçu salade.",4/19/2025 15:16,,faible,Escaladé,,,REF-894505
19578123-7e94-4ab5-a7f4-7a0efd8c5050,COM-25239,USR-1206,ArticleManquant,"Je n'ai pas reçu frites, besoin d'un remboursement.",7/21/2024 15:16,,faible,Ouvert,,,REF-610584
fa87d847-2173-475f-b9cb-06c3e0d75dec,COM-98601,USR-6581,MauvaiseQualité,"sandwich était trempé, totalement dégoûtant !",7/9/2024 15:16,"image_9518.jpg,image_6046.jpg",élevé,Ouvert,,,REF-101296
a27b91e8-1689-47a4-a21f-2e36d1059ca8,COM-56661,USR-4402,ProblèmePaiement,"Erreur de facturation pour salade, très frustrant.",9/21/2024 15:16,image_7972.jpg,élevé,Escaladé,,,REF-785609
39df4463-612f-4005-b853-688e8eaefb58,COM-76320,USR-3177,NourritureEndommagée,"La commande était froid, très déçu.",1/31/2025 15:16,image_4307.jpg,moyen,Escaladé,,,REF-327383
e4f85da2-13b0-4950-aa26-da9cc4df2d59,COM-84737,USR-8693,ProblèmePaiement,"J'ai été facturé deux fois pour ma commande, c'est inacceptable !",6/3/2025 15:16,image_5412.jpg,élevé,Résolu,6/3/2025 19:16,MOD-12,REF-277620
b320d2a7-91a3-4bea-ad4e-be19d8ff20d6,COM-27112,USR-5438,LivraisonRetard,"La nourriture est arrivée avec 90 minutes de retard, service décevant.",9/21/2024 15:16,,moyen,Escaladé,,,REF-729305
7a182d71-c9e1-4ce5-9f45-6815b08d6bb8,COM-71414,USR-8502,ProblèmePaiement,"Erreur de facturation pour dessert, très frustrant.",4/18/2025 15:16,,moyen,Ouvert,,,REF-650012
c177efa4-6959-4999-81d5-d4a3996c51dd,COM-93829,USR-8748,ArticleManquant,"Pas de frites, c'est inacceptable et frustrant !",11/7/2024 15:16,,moyen,Escaladé,,,REF-661381
cc041308-5210-4c24-a575-eff2c37008be,COM-40072,USR-5982,NourritureEndommagée,"boisson était moisi, qualité inacceptable.",9/24/2024 15:16,,élevé,Résolu,9/25/2024 17:16,MOD-10,REF-948463
796c1dd9-64a0-4329-a533-344947348d34,COM-42264,USR-6353,MauvaiseQualité,"Le goût de pâtes était un peu froid, mais acceptable.",5/26/2025 15:16,,faible,Ouvert,,,REF-722553
3ba8ea5f-d945-4fa5-a105-6611515bf3f0,COM-97922,USR-3914,ArticleManquant,"Manque sushi, service médiocre.",3/12/2025 15:16,,faible,Escaladé,,,REF-496600
b2bd1efb-421f-45bc-bc55-d20a27c2d3a4,COM-66510,USR-2338,LivraisonRetard,"La commande a été livrée avec 30 minutes de retard, la nourriture était froide.",2/14/2025 15:16,"image_5740.jpg,image_6538.jpg",moyen,Résolu,2/15/2025 20:16,MOD-1,REF-739636
b51d5aaf-3e39-4768-ab12-cf4916e2e6c8,COM-72510,USR-8695,ArticleManquant,"Petit souci, il manquait pâtes dans la commande.",5/27/2025 15:16,,faible,Ouvert,,,REF-939531
2970e030-cd4f-4d4f-bc78-cb960bc1f2f5,COM-54813,USR-5993,MauvaiseQualité,"sushi était brûlé, totalement dégoûtant !",7/2/2024 15:16,image_3781.jpg,élevé,Résolu,7/4/2024 0:16,MOD-20,REF-848629
d0c59697-a11a-4e78-9d0d-ebcd389d845e,COM-77484,USR-3848,ServiceClient,"Service client correct, mais pourrait être plus rapide.",12/3/2024 15:16,image_8122.jpg,moyen,Ouvert,,,REF-332104
d036cd66-93a4-486f-abc9-fa15553a3865,COM-19578,USR-1344,NourritureEndommagée,"Tout était moisi, expérience catastrophique.",11/17/2024 15:16,"image_2367.jpg,image_6489.jpg",élevé,Résolu,11/19/2024 14:16,MOD-19,REF-505699
76beee12-6813-4291-bafc-c7a1b66bdec3,COM-81526,USR-9838,MauvaiseQualité,"pizza avait un goût sans goût, expérience horrible.",1/15/2025 15:16,image_9483.jpg,élevé,Résolu,1/17/2025 4:16,MOD-19,REF-240834
ee9082f4-1486-4fec-a122-9432403e0ff3,COM-93272,USR-1038,ServiceClient,"Mauvaise expérience avec le support, très décevant.",1/10/2025 15:16,image_4652.jpg,élevé,Résolu,1/10/2025 20:16,MOD-1,REF-658700
daf36d11-1c5d-40a0-ab50-bbbc2ccf7551,COM-72578,USR-1149,CommandeErronée,"Commande erronée livrée, j'ai eu pizza et non boisson.",10/16/2024 15:16,,faible,Escaladé,,,REF-651927
efdf386b-13bd-4d1d-9327-fc85bdc13929,COM-11978,USR-3963,ProblèmePaiement,"Problème de paiement, remboursement requis immédiatement.",10/4/2024 15:16,image_8747.jpg,élevé,Ouvert,,,REF-640328
4929ea7a-e1c5-4476-acf7-91085ea9171d,COM-66356,USR-9421,NourritureEndommagée,"salade livré trempé, c'est scandaleux et dangereux !",6/28/2025 15:16,,élevé,Ouvert,,,REF-708949
c44659c0-3be2-4354-88b4-a2b409876098,COM-71732,USR-6335,ProblèmePaiement,"Problème de paiement, remboursement requis immédiatement.",5/20/2025 15:16,"image_8521.jpg,image_2964.jpg",élevé,Ouvert,,,REF-459526
27574ab6-269d-47c2-8990-cba9c67a9379,COM-67750,USR-5108,LivraisonRetard,"Retard de 2 heures, c'est scandaleux et dérangeant !",11/23/2024 15:16,,élevé,Escaladé,,,REF-679094
ef0094d3-b870-4693-b5d1-0ba503572bd8,COM-91854,USR-4805,ArticleManquant,"Pas de frites, c'est inacceptable et frustrant !",7/8/2024 15:16,image_4901.jpg,élevé,Escaladé,,,REF-920552
10703345-beeb-4cf8-babb-78e56cb99f3e,COM-26931,USR-6066,ArticleManquant,"sandwich manquant, veuillez résoudre immédiatement.",3/28/2025 15:16,,moyen,Escaladé,,,REF-537840
f395a8ad-79c6-4c49-9809-c7e6ee78a5e0,COM-26707,USR-6974,NourritureEndommagée,"dessert livré froid, c'est scandaleux et dangereux !",1/8/2025 15:16,,élevé,Résolu,1/9/2025 21:16,MOD-15,REF-733615
e260e305-a898-45fc-b5d9-4b54e2365ab0,COM-54166,USR-3568,ProblèmePaiement,"Problème mineur avec le paiement, veuillez vérifier.",12/8/2024 15:16,image_9596.jpg,élevé,Résolu,12/10/2024 1:16,MOD-3,REF-618989
984e8734-e383-4e5f-88bc-f765a9734803,COM-98173,USR-8587,NourritureEndommagée,"La commande était brûlé, très déçu.",5/21/2025 15:16,,faible,Escaladé,,,REF-326459
be0bffc3-8fda-4b4d-8cb3-585f52cc05f3,COM-87496,USR-2555,LivraisonRetard,"Petit retard de 3 heures, mais la nourriture était correcte.",6/17/2025 15:16,image_3689.jpg,élevé,Escaladé,,,REF-772822
aac0a4a3-15e9-4776-88f8-bdded9bb21d9,COM-67775,USR-8976,CommandeErronée,"J'ai commandé sauce, mais j'ai reçu sushi.",1/20/2025 15:16,,faible,Résolu,1/20/2025 18:16,MOD-11,REF-557102
6752ac97-7d66-4ca4-91df-77365acb3e14,COM-80368,USR-7042,MauvaiseQualité,"frites était froid, totalement dégoûtant !",4/9/2025 15:16,,élevé,Résolu,4/11/2025 10:16,MOD-14,REF-276350
9e05dcb1-21db-415c-81b3-8e8ad2c64869,COM-56071,USR-4981,MauvaiseQualité,"La nourriture était moisi, pas à la hauteur.",11/2/2024 15:16,,élevé,Ouvert,,,REF-588473
06a32439-ed41-412c-a3b2-0dba38f39a9e,COM-44253,USR-4673,ArticleManquant,"Je n'ai pas reçu dessert, besoin d'un remboursement.",7/27/2024 15:16,image_3483.jpg,faible,Escaladé,,,REF-217764
f840dab3-6c7d-4e29-9a1c-0af2eb26ddf8,COM-19743,USR-7439,ArticleManquant,"Pas de sandwich, c'est inacceptable et frustrant !",2/12/2025 15:16,image_4700.jpg,élevé,Résolu,2/13/2025 10:16,MOD-5,REF-408843
444f42cb-c52c-4e6d-9715-3f54d4529d0a,COM-63986,USR-2198,ProblèmePaiement,"Problème de paiement, remboursement requis immédiatement.",11/8/2024 15:16,image_8896.jpg,élevé,Escaladé,,,REF-247984
e7aec3f1-a5af-4a95-8cc0-5e0e9b9329ab,COM-77696,USR-5303,ServiceClient,"Le service client n'a pas résolu mon problème, frustrant.",9/23/2024 15:16,,moyen,Résolu,9/24/2024 10:16,MOD-4,REF-215234
b8151dd2-7b8d-4f70-8c3b-cee69fad7eb6,COM-96091,USR-4651,MauvaiseQualité,"dessert n'était pas terrible, qualité moyenne.",6/26/2025 15:16,,faible,Résolu,6/27/2025 7:16,MOD-12,REF-411241
5c76d399-9308-4e73-9191-d531d891bf68,COM-39828,USR-2075,ArticleManquant,"Manque salade, service médiocre.",5/8/2025 15:16,,faible,Résolu,5/9/2025 22:16,MOD-10,REF-558505
2313df91-60b2-49c7-8a95-7801e3ad4b4e,COM-68750,USR-2431,LivraisonRetard,"Livraison en retard de 3 heures, c'est gênant mais acceptable.",6/13/2025 15:16,image_3284.jpg,élevé,Ouvert,,,REF-410458
95a672aa-a14b-488f-baef-0dcd1d5cf148,COM-78722,USR-7693,NourritureEndommagée,"boisson livré sans goût, c'est scandaleux et dangereux !",6/22/2025 15:16,,élevé,Escaladé,,,REF-895498
2566cc49-e97c-4dea-8553-a62b7b70fa59,COM-97034,USR-5123,LivraisonRetard,"Petit retard de 30 minutes, mais la nourriture était correcte.",10/24/2024 15:16,,faible,Résolu,10/26/2024 8:16,MOD-1,REF-989895
c1657a75-f434-4f3e-917b-09c977a36889,COM-61813,USR-1291,NourritureEndommagée,"salade est arrivé froid, besoin d'un remplacement.",6/23/2025 15:16,,faible,Escaladé,,,REF-658106
9a2805f0-82a5-4148-9b2d-6616183295a6,COM-61163,USR-3739,CommandeErronée,"Petite erreur, j'ai reçu salade au lieu de salade.",10/13/2024 15:16,,faible,Escaladé,,,REF-581215
3ccfdaa1-539b-40ff-9452-05c0a022b39b,COM-62047,USR-1289,NourritureEndommagée,"sushi était froid, qualité inacceptable.",6/29/2025 15:16,,élevé,Ouvert,,,REF-853156
fa717a2f-80a7-4427-b78c-02245b5260cc,COM-25967,USR-2485,MauvaiseQualité,"dessert était gâté, totalement dégoûtant !",9/22/2024 15:16,,élevé,Ouvert,,,REF-828667
d3f21113-d3f0-491e-8d69-b576d2d8de18,COM-78514,USR-8721,CommandeErronée,"Livré sandwich, mais je voulais sushi, c'est inacceptable.",4/6/2025 15:16,,faible,Escaladé,,,REF-149136
b706c7e5-14a4-4a6f-8f5a-3f4561eaf4f7,COM-50845,USR-7500,CommandeErronée,"Livré pâtes, mais je voulais sandwich, c'est inacceptable.",9/28/2024 15:16,"image_8437.jpg,image_2405.jpg",moyen,Résolu,9/29/2024 9:16,MOD-2,REF-978778
f3b8b314-1c5d-4905-b802-c39c2bcbd459,COM-83006,USR-2691,LivraisonRetard,"Retard de 3 heures, c'est scandaleux et dérangeant !",4/14/2025 15:16,"image_6134.jpg,image_3153.jpg",élevé,Résolu,4/14/2025 20:16,MOD-19,REF-966086
25913718-e0c7-4c02-a8da-17b9ca7bf064,COM-10395,USR-8322,MauvaiseQualité,"Le goût de salade était un peu écrasé, mais acceptable.",3/4/2025 15:16,image_4602.jpg,moyen,Escaladé,,,REF-450645
d2984cb4-b669-4259-8569-3e27c994554a,COM-70300,USR-6018,NourritureEndommagée,"frites livré gâté, c'est scandaleux et dangereux !",8/3/2024 15:16,image_7089.jpg,élevé,Ouvert,,,REF-711232
59d4b1d1-06cf-4277-9ddc-0a7bb73095e2,COM-92027,USR-3016,ArticleManquant,"Pas de burger, c'est inacceptable et frustrant !",11/23/2024 15:16,"image_5387.jpg,image_7797.jpg",élevé,Résolu,11/24/2024 0:16,MOD-8,REF-685895
355f905d-d7bc-4e84-9ee5-36bd0b657635,COM-67029,USR-3012,ProblèmePaiement,"Petite erreur de facturation, mais gênante.",6/6/2025 15:16,image_6211.jpg,élevé,Escaladé,,,REF-516794
1c4d03c0-923b-4b40-88cf-d164f4b4c929,COM-23140,USR-5581,MauvaiseQualité,"sushi était gâté, je ne commanderai plus.",6/18/2025 15:16,image_7522.jpg,élevé,Escaladé,,,REF-980373
e563cb75-b6fd-4ea9-89b6-6bcbd323eaff,COM-53951,USR-2750,CommandeErronée,"Commande incorrecte, mais le goût de frites était acceptable.",3/28/2025 15:16,,faible,Escaladé,,,REF-511015
525b08a4-24b5-4feb-bdbb-4ba35c981a0c,COM-94907,USR-1538,LivraisonRetard,"Commande arrivée après 30 minutes, vraiment pas satisfait.",9/25/2024 15:16,,moyen,Ouvert,,,REF-612902
fd17c108-1817-4324-8a94-a2a3564957b2,COM-96473,USR-7674,CommandeErronée,"Commande erronée livrée, j'ai eu sandwich et non boisson.",11/4/2024 15:16,,faible,Ouvert,,,REF-109141
3680250b-66b9-430b-a239-379d67b48764,COM-92297,USR-4173,MauvaiseQualité,"La nourriture était écrasé, pas à la hauteur.",11/24/2024 15:16,,faible,Ouvert,,,REF-824087
5b4af313-5960-4176-8cb9-973783e0eaf8,COM-21306,USR-1575,MauvaiseQualité,"Le goût de sauce était un peu moisi, mais acceptable.",6/24/2025 15:16,image_5633.jpg,élevé,Ouvert,,,REF-699090
3ad4fb33-21ca-4f01-b3a6-f5d4bc09496e,COM-97997,USR-5981,CommandeErronée,"Livré burger, mais je voulais burger, c'est inacceptable.",10/19/2024 15:16,,faible,Ouvert,,,REF-734473
295fedb0-77fe-4066-bd6f-ef455dc95851,COM-82391,USR-4036,LivraisonRetard,"Retard de 2 heures, c'est scandaleux et dérangeant !",11/20/2024 15:16,,élevé,Résolu,11/21/2024 18:16,MOD-4,REF-405765
4a73ffb1-c50b-4844-ac95-358d0a26fbd2,COM-71657,USR-6683,ServiceClient,"Service client injoignable, c'est insupportable !",6/15/2025 15:16,,élevé,Ouvert,,,REF-141312
c0905e7b-ef6c-4c7d-b5a0-45b336aa2293,COM-72312,USR-5745,ServiceClient,"Petit souci avec le support, mais acceptable.",1/19/2025 15:16,,faible,Ouvert,,,REF-434588
0858ffae-0da4-4ba6-814d-aa99bba97f40,COM-57140,USR-5767,LivraisonRetard,"J'ai attendu 30 minutes pour ma commande, très frustrant.",4/11/2025 15:16,image_3288.jpg,élevé,Résolu,4/12/2025 22:16,MOD-13,REF-540568
cbaa7367-123f-481f-b2b5-92ccd686047c,COM-28156,USR-5339,ServiceClient,"Service client correct, mais pourrait être plus rapide.",1/14/2025 15:16,,faible,Ouvert,,,REF-890220
87d66ebd-f6f8-43b7-8ac6-b5911f15aa21,COM-44061,USR-7228,LivraisonRetard,"Livraison en retard de 30 minutes, c'est gênant mais acceptable.",7/25/2024 15:16,image_7053.jpg,élevé,Ouvert,,,REF-935686
d8ff7b8a-5181-4d3d-85ab-653db76daf87,COM-77267,USR-5822,LivraisonRetard,"Commande arrivée après 30 minutes, vraiment pas satisfait.",9/21/2024 15:16,,moyen,Ouvert,,,REF-104588
e84ec100-d1ba-4171-a045-b92b883ec9ca,COM-85698,USR-9256,MauvaiseQualité,"dessert avait un goût froid, expérience horrible.",11/21/2024 15:16,,élevé,Escaladé,,,REF-727394
426c45af-5379-4c1d-8c5e-6543cbeff781,COM-48730,USR-8561,CommandeErronée,"Livré sandwich, mais je voulais pizza, c'est inacceptable.",11/3/2024 15:16,image_3371.jpg,moyen,Escaladé,,,REF-938608
99b2288e-e8b3-45b7-9c66-84f12a986092,COM-86702,USR-3855,LivraisonRetard,"Retard de 3 heures, c'est scandaleux et dérangeant !",3/10/2025 15:16,,élevé,Résolu,3/11/2025 15:16,MOD-11,REF-190307
494e36e3-d821-4033-8349-59bdd025629f,COM-32545,USR-6916,MauvaiseQualité,"pizza n'était pas terrible, qualité moyenne.",1/11/2025 15:16,image_9090.jpg,moyen,Escaladé,,,REF-687710
b48da71b-65a4-4f9b-aad4-8294b8ed44e6,COM-45623,USR-5105,ProblèmePaiement,"Problème de paiement, remboursement requis immédiatement.",9/6/2024 15:16,,élevé,Escaladé,,,REF-622284
ee98f0a5-3b86-4d02-9d3c-a4d4fd5a91da,COM-92978,USR-7388,ProblèmePaiement,"J'ai été facturé deux fois pour ma commande, c'est inacceptable !",5/8/2025 15:16,,élevé,Ouvert,,,REF-589624
1a401b77-7f47-4486-ae6e-045fda8b58f7,COM-37016,USR-6947,ServiceClient,"Le service client n'a pas résolu mon problème, frustrant.",9/14/2024 15:16,,moyen,Résolu,9/16/2024 7:16,MOD-13,REF-506342
a7675687-1e8d-442e-976e-b3ec056c66a7,COM-85973,USR-9272,MauvaiseQualité,"sandwich était mal emballé, totalement dégoûtant !",11/27/2024 15:16,,élevé,Résolu,11/27/2024 20:16,MOD-16,REF-355554
f51a79bd-9ffc-4a68-b65b-ef089220550f,COM-47518,USR-1035,NourritureEndommagée,"La nourriture était sans goût, totalement immangeable.",8/19/2024 15:16,,élevé,Escaladé,,,REF-333514
382e8272-4396-4a86-ae21-b1d656737c2f,COM-62262,USR-5279,ProblèmePaiement,"Problème de paiement, remboursement requis immédiatement.",5/13/2025 15:16,"image_2262.jpg,image_9705.jpg",élevé,Escaladé,,,REF-395327
1aa5deee-c6b8-4c43-a4dc-e70db2c744fe,COM-86923,USR-7613,ArticleManquant,"Pas de pâtes, c'est inacceptable et frustrant !",2/1/2025 15:16,image_7537.jpg,élevé,Résolu,2/2/2025 17:16,MOD-13,REF-230105
2ab60728-e9ea-434d-aff5-ce79705bba31,COM-92995,USR-4880,ArticleManquant,"Manque burger, service médiocre.",4/21/2025 15:16,"image_9640.jpg,image_9122.jpg",moyen,Ouvert,,,REF-761043
8f3f9949-38b9-4916-bc82-54212ebc7356,COM-31784,USR-6907,ServiceClient,"Réponse lente du service client, qualité médiocre.",2/13/2025 15:16,,faible,Ouvert,,,REF-217326
4a2ad44d-15b5-4c83-ac1f-f78963cda8bb,COM-53842,USR-9961,ServiceClient,"Service client correct, mais pourrait être plus rapide.",10/5/2024 15:16,,faible,Escaladé,,,REF-851061
756b86cb-3352-443b-916f-b20c0256bc08,COM-15611,USR-9321,NourritureEndommagée,"pâtes était un peu mal emballé, mais mangeable.",5/1/2025 15:16,image_2689.jpg,faible,Résolu,5/2/2025 8:16,MOD-20,REF-945280
26b675f5-70b7-41db-ba04-7174ba9742bd,COM-25520,USR-9561,LivraisonRetard,"Commande arrivée après 2 heures, vraiment pas satisfait.",10/1/2024 15:16,,élevé,Escaladé,,,REF-951472
3b4c2949-bcb8-4ba8-ad50-1bbd7df881bd,COM-34046,USR-4396,NourritureEndommagée,"La commande était mal emballé, très déçu.",11/19/2024 15:16,,faible,Escaladé,,,REF-581278
a2553def-06d7-4142-b9f0-105cdb0cc201,COM-65952,USR-9399,CommandeErronée,"Mauvais article livré, dessert à la place de pizza.",8/22/2024 15:16,,faible,Résolu,8/23/2024 0:16,MOD-10,REF-163882
d8eb1516-fc43-491f-b170-563d881b20cf,COM-42302,USR-8954,LivraisonRetard,"Retard de 90 minutes, c'est scandaleux et dérangeant !",6/15/2025 15:16,image_2575.jpg,élevé,Résolu,6/17/2025 2:16,MOD-14,REF-336304
a4aa3192-1585-4834-a9d6-c0d73e208b2b,COM-26401,USR-9535,MauvaiseQualité,"dessert avait un goût froid, expérience horrible.",7/3/2024 15:16,,élevé,Escaladé,,,REF-435679
4f949d62-68ac-4db3-a5ec-9ddcc718daca,COM-90261,USR-9071,ServiceClient,"Le service client n'a pas résolu mon problème, frustrant.",12/28/2024 15:16,"image_5007.jpg,image_7485.jpg",élevé,Ouvert,,,REF-510156
6376aba5-2f1b-49f3-b5d4-5706d9ed4af8,COM-48586,USR-7647,LivraisonRetard,"La nourriture est arrivée avec 2 heures de retard, service décevant.",2/12/2025 15:16,image_7815.jpg,élevé,Résolu,2/14/2025 9:16,MOD-20,REF-362427
43567cbb-030e-4c73-ad26-a14f3acdcac4,COM-45460,USR-1128,LivraisonRetard,"Retard de 1 heure, c'est scandaleux et dérangeant !",2/15/2025 15:16,,moyen,Résolu,2/17/2025 6:16,MOD-15,REF-691106
94bfa3e0-8665-480b-96d2-b57258bb9609,COM-23205,USR-6736,ServiceClient,"Le service client n'a pas résolu mon problème, frustrant.",1/17/2025 15:16,image_4654.jpg,élevé,Ouvert,,,REF-906841
abbf9c7f-aa0f-465d-bc85-b16075bd0e63,COM-38413,USR-7417,NourritureEndommagée,"sauce était brûlé, qualité inacceptable.",8/27/2024 15:16,,élevé,Ouvert,,,REF-284407
d7929095-ae49-44c1-9f15-63fc2764d9be,COM-84919,USR-5135,MauvaiseQualité,"pâtes était brûlé, totalement dégoûtant !",1/27/2025 15:16,,élevé,Résolu,1/29/2025 4:16,MOD-7,REF-111757
3ecfe7af-027d-4f68-9aa5-54ef6007b3ec,COM-65106,USR-5179,NourritureEndommagée,"dessert est arrivé moisi, besoin d'un remplacement.",3/20/2025 15:16,,élevé,Escaladé,,,REF-582622
2a93fa8b-bbca-41ff-9269-888b01018405,COM-48017,USR-1448,ArticleManquant,"Pas de pâtes, c'est inacceptable et frustrant !",5/6/2025 15:16,,moyen,Ouvert,,,REF-338569
89515748-6e84-4b72-bc1b-358a6e2f8ae5,COM-89765,USR-2742,NourritureEndommagée,"Commande endommagée, frites était légèrement trempé.",7/1/2024 15:16,,faible,Ouvert,,,REF-723022
af6c0016-dcd0-4208-bc0f-7ad71da7585b,COM-75628,USR-5865,ServiceClient,"Réponse lente du service client, qualité médiocre.",10/24/2024 15:16,,faible,Escaladé,,,REF-380447
121b28f4-dea4-48c3-af03-34e79d3989ba,COM-49235,USR-9189,LivraisonRetard,"Livraison retardée de 3 heures, totalement inacceptable !",8/25/2024 15:16,,élevé,Résolu,8/27/2024 10:16,MOD-12,REF-508992
5974d37f-b251-4e26-aa7c-e7c1578c07ca,COM-88431,USR-6672,CommandeErronée,J'ai reçu boisson au lieu de sauce.,11/30/2024 15:16,,faible,Ouvert,,,REF-456397
0b558c1f-ae31-457c-9499-e7e153701375,COM-60086,USR-8834,CommandeErronée,"Petite erreur, j'ai reçu pâtes au lieu de pizza.",6/5/2025 15:16,,faible,Résolu,6/7/2025 13:16,MOD-10,REF-323537
d14600bc-30a4-4386-8f8e-6f1e60c53f04,COM-20656,USR-7923,CommandeErronée,"J'ai commandé pâtes, mais j'ai reçu pizza.",3/6/2025 15:16,,faible,Ouvert,,,REF-545594
e965d828-2c02-4a1d-a92d-719eea9e7536,COM-15627,USR-6906,MauvaiseQualité,"sandwich avait un goût gâté, expérience horrible.",6/28/2025 15:16,image_2480.jpg,élevé,Résolu,6/29/2025 14:16,MOD-12,REF-630660
d7ff2beb-da34-4b9f-aa75-f49a40d584c1,COM-65515,USR-4335,LivraisonRetard,"J'ai attendu 1 heure pour ma commande, très frustrant.",6/17/2025 15:16,image_8052.jpg,élevé,Ouvert,,,REF-873035
22cebbb9-32f4-4cbb-96e8-f6dd1af83bfe,COM-10761,USR-1145,CommandeErronée,"Erreur sur ma commande : boisson au lieu de pizza, très agaçant.",3/23/2025 15:16,,moyen,Résolu,3/24/2025 10:16,MOD-16,REF-561373
b60020bc-c6e0-4d4b-98ad-ad77f1f58fd2,COM-85012,USR-8157,ArticleManquant,Pourriez-vous vérifier pourquoi dessert n'était pas inclus ?,2/6/2025 15:16,"image_8704.jpg,image_5812.jpg",faible,Résolu,2/8/2025 12:16,MOD-13,REF-144836
b9985498-de79-4e41-82aa-a00dfc71bfc9,COM-72289,USR-2041,ServiceClient,"Réponse lente du service client, qualité médiocre.",6/17/2025 15:16,image_4088.jpg,moyen,Ouvert,,,REF-277631
d0b33173-780f-40b6-aef2-f0956d4510b2,COM-16261,USR-1100,LivraisonRetard,"Petit retard de 2 heures, mais la nourriture était correcte.",2/13/2025 15:16,,élevé,Résolu,2/13/2025 16:16,MOD-6,REF-114973
17090ccd-730c-45f6-93cc-c593358b34f7,COM-83839,USR-7456,MauvaiseQualité,"Qualité médiocre de pâtes, très frustrant.",3/24/2025 15:16,"image_9929.jpg,image_5354.jpg",élevé,Escaladé,,,REF-732315
47a64573-27e5-4f7e-9ee9-e9aed4dbbadf,COM-24221,USR-8287,ServiceClient,"Mauvaise expérience avec le support, très décevant.",4/12/2025 15:16,,moyen,Ouvert,,,REF-385453
c40050d8-ab97-4d5b-a946-a290ee0bdb12,COM-43689,USR-5129,ProblèmePaiement,"Surfacturation de la commande, service client désastreux.",8/15/2024 15:16,,élevé,Escaladé,,,REF-981659
cbc50774-0da5-4d3d-84e8-1f9e23adac8d,COM-34159,USR-5906,ServiceClient,"Mauvaise expérience avec le support, très décevant.",1/13/2025 15:16,,moyen,Escaladé,,,REF-266884
63475968-60fd-449e-8fa9-eaef267be95b,COM-79148,USR-4711,CommandeErronée,"Mauvais article livré, sushi à la place de burger.",4/27/2025 15:16,,faible,Escaladé,,,REF-838116
36ff4ddb-023b-444d-b5dc-23de04e1096f,COM-48938,USR-6683,ServiceClient,"Le service client n'a pas résolu mon problème, frustrant.",5/31/2025 15:16,,moyen,Résolu,6/1/2025 4:16,MOD-5,REF-224819
2f79bf85-8c72-4d9f-bcd0-1684739c4973,COM-55207,USR-6357,MauvaiseQualité,"La nourriture était trempé, pas à la hauteur.",1/16/2025 15:16,,faible,Escaladé,,,REF-785244
c2a09365-6fe7-4b92-a992-c456d48a399d,COM-43681,USR-1309,MauvaiseQualité,"burger avait un goût froid, expérience horrible.",3/7/2025 15:16,,élevé,Ouvert,,,REF-204648
fb625315-617a-4044-a014-02f70479da56,COM-55276,USR-7854,ProblèmePaiement,"J'ai été facturé deux fois pour ma commande, c'est inacceptable !",9/6/2024 15:16,image_3190.jpg,élevé,Escaladé,,,REF-782340
01d8b85a-0c8f-4a13-8ce0-824be3700831,COM-83612,USR-3216,NourritureEndommagée,"Tout était sans goût, expérience catastrophique.",2/18/2025 15:16,image_2957.jpg,élevé,Résolu,2/20/2025 4:16,MOD-8,REF-331494
77d58f80-f653-4226-9eb8-59f65dc84f07,COM-69575,USR-1059,LivraisonRetard,"Petit retard de 1 heure, mais la nourriture était correcte.",7/25/2024 15:16,image_3695.jpg,élevé,Ouvert,,,REF-663824
957f329e-33bb-44a0-9189-dd7f51dca2f6,COM-74709,USR-6574,CommandeErronée,"Mauvais article livré, dessert à la place de pizza.",4/21/2025 15:16,,faible,Escaladé,,,REF-131121
b047f237-c769-4e61-a0b3-2a8f85c005e0,COM-98741,USR-9059,MauvaiseQualité,"frites était froid, totalement dégoûtant !",6/2/2025 15:16,image_6015.jpg,élevé,Ouvert,,,REF-856152
88570b0d-3450-42f5-a84a-a7e140d0904a,COM-79427,USR-3637,ArticleManquant,"Commande incomplète, frites non livré.",6/23/2025 15:16,"image_6340.jpg,image_8348.jpg",faible,Escaladé,,,REF-201689
80dec649-3458-4b46-884f-b918dee35cf0,COM-48731,USR-8606,NourritureEndommagée,"dessert est arrivé brûlé, besoin d'un remplacement.",1/14/2025 15:16,,faible,Résolu,1/15/2025 9:16,MOD-13,REF-835899
a9ce5d7f-bf1f-433c-b951-cc370ba11cb6,COM-39696,USR-4229,CommandeErronée,"J'ai commandé sandwich, mais j'ai reçu boisson.",11/9/2024 15:16,"image_4286.jpg,image_7154.jpg",faible,Escaladé,,,REF-773764
31b93b5b-c2aa-40c6-b659-652a7f636575,COM-52202,USR-2716,LivraisonRetard,"Livraison en retard de 3 heures, c'est gênant mais acceptable.",9/17/2024 15:16,,élevé,Résolu,9/17/2024 22:16,MOD-2,REF-438850
eaacabe2-b06d-4b3f-86e8-5e479c10be08,COM-31643,USR-9557,CommandeErronée,"Livré pizza, mais je voulais burger, c'est inacceptable.",5/16/2025 15:16,,faible,Résolu,5/17/2025 19:16,MOD-6,REF-930595
10ae4034-95e3-4dc1-8439-b9da587008fa,COM-87993,USR-8540,CommandeErronée,J'ai reçu pizza au lieu de pizza.,7/7/2024 15:16,"image_7446.jpg,image_2983.jpg",faible,Ouvert,,,REF-780969
e92a97cf-4979-46b7-9b4a-4ddfc5930273,COM-44151,USR-2540,CommandeErronée,"Commande incorrecte, mais le goût de sandwich était acceptable.",4/24/2025 15:16,,faible,Escaladé,,,REF-132613
ade1b7d6-ade4-444f-b83f-0c3918e230b1,COM-12275,USR-3959,NourritureEndommagée,"La nourriture était écrasé, totalement immangeable.",1/15/2025 15:16,image_7824.jpg,élevé,Résolu,1/16/2025 15:16,MOD-9,REF-425555
bdb86c98-9465-415d-bbf7-30c20e0a16a4,COM-40296,USR-8520,MauvaiseQualité,"Qualité médiocre de boisson, très frustrant.",10/30/2024 15:16,,moyen,Escaladé,,,REF-369200
e52e1350-79a0-417f-b0a9-6c41e501c979,COM-40032,USR-6190,LivraisonRetard,"Livraison retardée de 3 heures, totalement inacceptable !",9/5/2024 15:16,,élevé,Escaladé,,,REF-679145
1e2315d1-78f6-43f8-8fce-740595f99fb9,COM-82438,USR-9291,ArticleManquant,"boisson manquant, veuillez résoudre immédiatement.",11/24/2024 15:16,image_2340.jpg,élevé,Ouvert,,,REF-764746
d9a385e3-46b5-474a-b07b-1559d24167db,COM-84087,USR-5033,ServiceClient,"Service client correct, mais pourrait être plus rapide.",3/14/2025 15:16,image_6249.jpg,moyen,Résolu,3/15/2025 21:16,MOD-8,REF-498158
60701996-7056-4d81-809e-39bb477eb70a,COM-38281,USR-9471,CommandeErronée,"Erreur sur ma commande : dessert au lieu de sandwich, très agaçant.",5/25/2025 15:16,,moyen,Résolu,5/26/2025 3:16,MOD-2,REF-465480
3589701d-7f19-41dd-a8dc-275f36892518,COM-53359,USR-4832,MauvaiseQualité,"Très mauvaise qualité de burger, immangeable.",3/10/2025 15:16,,élevé,Ouvert,,,REF-397793
37bd80e8-eb55-491c-91cb-2930ef89c030,COM-88121,USR-6078,CommandeErronée,"Livré dessert, mais je voulais salade, c'est inacceptable.",11/29/2024 15:16,,faible,Ouvert,,,REF-561994
68fcd7ba-a542-425c-b93e-0a77e36bf970,COM-16043,USR-3724,ServiceClient,"Mauvaise expérience avec le support, très décevant.",11/3/2024 15:16,image_4543.jpg,élevé,Escaladé,,,REF-863353
7db770e8-3e3f-46d8-8702-af0c4a155ccc,COM-19618,USR-2207,MauvaiseQualité,"Qualité médiocre de pâtes, très frustrant.",11/16/2024 15:16,,moyen,Escaladé,,,REF-170713
796b7b63-6a26-4ec7-8196-5594dfb1fc80,COM-14935,USR-8598,MauvaiseQualité,"La nourriture était mal emballé, pas à la hauteur.",11/4/2024 15:16,,faible,Escaladé,,,REF-629096
f32349f3-d66f-47f5-b913-d6ae2909d479,COM-95630,USR-4301,CommandeErronée,"Livré pizza, mais je voulais dessert, c'est inacceptable.",11/26/2024 15:16,,faible,Résolu,11/28/2024 6:16,MOD-16,REF-420438
32ac4455-07b7-492a-8bdf-fc5939d7ddd2,COM-86221,USR-6135,ArticleManquant,"Je n'ai pas reçu frites, besoin d'un remboursement.",9/30/2024 15:16,,faible,Ouvert,,,REF-899740
16536050-3246-4955-ac2b-1fd577512bd3,COM-37456,USR-4127,NourritureEndommagée,"La nourriture était brûlé, totalement immangeable.",11/25/2024 15:16,image_6382.jpg,élevé,Escaladé,,,REF-341211
21d5d71d-53c4-440e-b0c0-ca221bf804cb,COM-52442,USR-9410,ProblèmePaiement,"Surfacturation de la commande, service client désastreux.",12/1/2024 15:16,image_3967.jpg,élevé,Escaladé,,,REF-137920
693d033d-fd8b-401b-88ee-963191afb4ea,COM-71186,USR-3972,ArticleManquant,Pourriez-vous vérifier pourquoi burger n'était pas inclus ?,11/15/2024 15:16,"image_1705.jpg,image_9434.jpg",faible,Escaladé,,,REF-846538
b1c41468-ad60-4e7a-bccb-4d9cf6c7a083,COM-18762,USR-6958,NourritureEndommagée,"Commande endommagée, boisson était légèrement froid.",9/12/2024 15:16,,faible,Escaladé,,,REF-531073
d05ae5bb-8716-41e7-bfb5-2d86dfb396cf,COM-93914,USR-1898,ProblèmePaiement,"Surfacturation de la commande, service client désastreux.",1/10/2025 15:16,image_3047.jpg,élevé,Ouvert,,,REF-562963
82358d8e-ff1f-4ecd-a21d-f5413f71eaf8,COM-18368,USR-9830,CommandeErronée,"J'ai commandé salade, mais j'ai reçu sushi.",3/31/2025 15:16,,faible,Résolu,4/1/2025 9:16,MOD-7,REF-742973
51585be0-291a-4f1e-b603-21d30b0fa2bc,COM-35113,USR-9656,ProblèmePaiement,"Problème mineur avec le paiement, veuillez vérifier.",2/6/2025 15:16,"image_8538.jpg,image_3528.jpg",élevé,Résolu,2/6/2025 16:16,MOD-3,REF-368411
d3b78ee5-0c0f-49de-9fc5-8b521f9d418a,COM-20653,USR-7839,MauvaiseQualité,"La nourriture était écrasé, pas à la hauteur.",11/23/2024 15:16,,faible,Escaladé,,,REF-698127
f4e740c9-feef-449d-af48-fa6274302c29,COM-84461,USR-7630,ArticleManquant,Pourriez-vous vérifier pourquoi boisson n'était pas inclus ?,9/21/2024 15:16,image_1489.jpg,faible,Escaladé,,,REF-626836
fad01b4a-d4f3-45f6-a185-7b2b3a731d99,COM-69078,USR-1501,ServiceClient,"Service client correct, mais pourrait être plus rapide.",5/21/2025 15:16,image_1520.jpg,moyen,Ouvert,,,REF-398177
c53da109-29f6-4a2f-84d9-e3f21445b18b,COM-15015,USR-4375,LivraisonRetard,"La commande a été livrée avec 2 heures de retard, la nourriture était froide.",2/27/2025 15:16,,élevé,Escaladé,,,REF-328695
8d53ae21-ce9c-49c2-b84a-e0aebd23b2ed,COM-26233,USR-2377,MauvaiseQualité,"burger avait un goût brûlé, expérience horrible.",8/14/2024 15:16,,élevé,Escaladé,,,REF-136078
fef52089-1c2a-4395-b0bd-4ca29e10ef98,COM-94865,USR-8590,LivraisonRetard,"J'ai attendu 1 heure pour ma commande, très frustrant.",6/5/2025 15:16,,moyen,Résolu,6/6/2025 7:16,MOD-19,REF-740085
34ca0877-1c33-46e9-851a-08a31629410c,COM-12549,USR-8981,ServiceClient,"Le service client n'a pas résolu mon problème, frustrant.",6/19/2025 15:16,,moyen,Ouvert,,,REF-693410
a22009fd-347f-49fe-adc4-57525d4fb32e,COM-86539,USR-4862,CommandeErronée,"Mauvais article livré, sushi à la place de dessert.",12/15/2024 15:16,image_8746.jpg,faible,Résolu,12/16/2024 20:16,MOD-5,REF-512181
ce70fc50-19bb-42d2-9f6d-30b7c69e8051,COM-70440,USR-7295,CommandeErronée,"J'ai commandé burger, mais j'ai reçu pâtes.",4/25/2025 15:16,,faible,Résolu,4/25/2025 22:16,MOD-11,REF-381304
89adad69-4e14-4da5-93f5-2d2fbf764f6d,COM-65449,USR-9916,LivraisonRetard,"J'ai attendu 90 minutes pour ma commande, très frustrant.",7/22/2024 15:16,,moyen,Ouvert,,,REF-382458
9e80ce85-9d0e-434f-ac85-8d85de4a8bb1,COM-43917,USR-3982,LivraisonRetard,"La commande a été livrée avec 2 heures de retard, la nourriture était froide.",7/23/2024 15:16,,élevé,Escaladé,,,REF-873576
d179e3de-1dfb-41e0-8ad3-c8a58678a5cd,COM-99042,USR-6608,ArticleManquant,"Manque pâtes, service médiocre.",6/10/2025 15:16,,faible,Résolu,6/11/2025 6:16,MOD-8,REF-251138
828e167d-920e-4e10-a0df-bc5b086421a7,COM-13443,USR-5681,ProblèmePaiement,"Problème mineur avec le paiement, veuillez vérifier.",1/30/2025 15:16,"image_3204.jpg,image_6629.jpg",élevé,Résolu,2/1/2025 9:16,MOD-13,REF-568151
ea914332-4aea-48fe-8b38-3b362552af23,COM-80759,USR-7050,ArticleManquant,Pourriez-vous vérifier pourquoi sushi n'était pas inclus ?,10/19/2024 15:16,,faible,Ouvert,,,REF-513194
8facec9c-81a4-4168-926d-ecabb7c05ed3,COM-90049,USR-7819,NourritureEndommagée,"La commande était moisi, très déçu.",5/20/2025 15:16,,élevé,Résolu,5/22/2025 12:16,MOD-17,REF-703718
388563a6-7abd-470d-8d1d-894259596784,COM-42826,USR-5672,ProblèmePaiement,"Problème de paiement, remboursement requis immédiatement.",7/13/2024 15:16,,élevé,Résolu,7/15/2024 9:16,MOD-1,REF-799506
8e740c6f-a724-4b1d-9298-c3b1e8d5c673,COM-51329,USR-4038,MauvaiseQualité,"sauce était trempé, je ne commanderai plus.",11/20/2024 15:16,"image_1507.jpg,image_4091.jpg",faible,Résolu,11/22/2024 7:16,MOD-8,REF-938827
4b1fd1df-7016-4490-83ec-66fb47ae0cf1,COM-56733,USR-2684,CommandeErronée,"Petite erreur, j'ai reçu sushi au lieu de pâtes.",5/6/2025 15:16,image_8781.jpg,faible,Résolu,5/8/2025 3:16,MOD-5,REF-177746
8d993b36-59a2-4d53-abdf-42dab897a08c,COM-92559,USR-4846,ProblèmePaiement,"Petite erreur de facturation, mais gênante.",3/6/2025 15:16,,moyen,Escaladé,,,REF-239040
778d656b-d96d-48d8-8e9d-c2b3cfec1f32,COM-28507,USR-6026,ProblèmePaiement,"Problème mineur avec le paiement, veuillez vérifier.",9/5/2024 15:16,,moyen,Ouvert,,,REF-683571
7397ed28-3d5d-447c-9413-893891de9061,COM-41506,USR-9338,ProblèmePaiement,"J'ai été facturé deux fois pour ma commande, c'est inacceptable !",10/17/2024 15:16,,élevé,Ouvert,,,REF-544278
8b19c0bc-53d2-4c25-9d3b-a446568dcf06,COM-23463,USR-1856,MauvaiseQualité,"La nourriture était trempé, pas à la hauteur.",8/29/2024 15:16,,faible,Escaladé,,,REF-843399
ee455ffb-9682-4814-9a4b-0504d24a12f9,COM-65440,USR-8785,MauvaiseQualité,"Qualité médiocre de frites, très frustrant.",8/22/2024 15:16,,moyen,Résolu,8/23/2024 9:16,MOD-11,REF-378573
e871e315-0283-4d45-91b8-d9f18d3f03b8,COM-27550,USR-5554,ServiceClient,"Le service client n'a pas résolu mon problème, frustrant.",4/28/2025 15:16,,moyen,Résolu,4/29/2025 19:16,MOD-18,REF-702870
45cbddc0-189b-4396-a3f3-274545ed7e25,COM-31534,USR-2645,LivraisonRetard,"Retard de 3 heures, c'est scandaleux et dérangeant !",4/15/2025 15:16,image_9132.jpg,élevé,Escaladé,,,REF-377101
e8dd81aa-f51c-4ea9-9029-1c18bf2b7a43,COM-87658,USR-7525,NourritureEndommagée,"La commande était écrasé, très déçu.",10/18/2024 15:16,image_9559.jpg,faible,Escaladé,,,REF-954698
181578d6-547d-45e6-86f7-5c873c2a805a,COM-76005,USR-1513,LivraisonRetard,"Livraison en retard de 30 minutes, c'est gênant mais acceptable.",1/24/2025 15:16,,moyen,Escaladé,,,REF-283209
705c591f-5d63-4b30-b489-e6911a0fd2f1,COM-65730,USR-5958,ServiceClient,"Réponse lente du service client, qualité médiocre.",11/9/2024 15:16,image_2883.jpg,moyen,Résolu,11/10/2024 12:16,MOD-4,REF-961166
23771be5-0c99-4ad1-ac14-26b1d4fe50f4,COM-37010,USR-7810,LivraisonRetard,"Petit retard de 3 heures, mais la nourriture était correcte.",9/8/2024 15:16,,élevé,Escaladé,,,REF-746235
415865d2-0460-413d-9318-96d6cff77545,COM-49919,USR-7204,ProblèmePaiement,"J'ai été facturé deux fois pour ma commande, c'est inacceptable !",8/5/2024 15:16,,élevé,Résolu,8/6/2024 7:16,MOD-17,REF-839642
fe8af7cd-a238-4574-a599-a562ef937d25,COM-77018,USR-4870,NourritureEndommagée,"boisson était un peu gâté, mais mangeable.",1/7/2025 15:16,image_7917.jpg,élevé,Escaladé,,,REF-258887
4c9200c8-f64c-4380-92cd-6bd6249f0f76,COM-67011,USR-6652,ProblèmePaiement,"Surfacturation de la commande, service client désastreux.",6/24/2025 15:16,image_6815.jpg,élevé,Résolu,6/25/2025 18:16,MOD-9,REF-770356
ff97077d-ab63-41f3-a531-dfa09cfc40f2,COM-96211,USR-3080,ProblèmePaiement,"Problème mineur avec le paiement, veuillez vérifier.",10/11/2024 15:16,,moyen,Escaladé,,,REF-752769
c105d63c-e0d0-493f-8006-6ac5e6be8ea5,COM-30860,USR-4004,NourritureEndommagée,"Tout était moisi, expérience catastrophique.",12/15/2024 15:16,,élevé,Résolu,12/15/2024 18:16,MOD-11,REF-727063
9c31ccc8-c09f-45ca-81bf-01a8890cd92e,COM-78883,USR-8198,ServiceClient,"Service client correct, mais pourrait être plus rapide.",5/8/2025 15:16,,faible,Escaladé,,,REF-971082
9105c5e7-96c3-4fcc-860b-83089878be7f,COM-81689,USR-6699,NourritureEndommagée,"burger livré sans goût, c'est scandaleux et dangereux !",12/21/2024 15:16,,élevé,Résolu,12/23/2024 2:16,MOD-3,REF-526091
94644e3c-1108-4ba3-b8a8-404835cdad9a,COM-36640,USR-2577,MauvaiseQualité,"frites était trempé, je ne commanderai plus.",8/28/2024 15:16,,faible,Escaladé,,,REF-460188
2400e688-e062-47e3-aed1-fc46fd545d22,COM-47453,USR-7351,LivraisonRetard,"Petit retard de 1 heure, mais la nourriture était correcte.",8/9/2024 15:16,,moyen,Escaladé,,,REF-298914
d7ad703b-f7b2-4241-a3e2-656df11b58db,COM-65326,USR-5670,ProblèmePaiement,"Erreur de facturation pour salade, très frustrant.",9/14/2024 15:16,image_2463.jpg,élevé,Ouvert,,,REF-664634
f435b5fe-8d76-4336-a074-60b680a00612,COM-89652,USR-2179,LivraisonRetard,"J'ai attendu 1 heure pour ma commande, très frustrant.",11/18/2024 15:16,image_7547.jpg,élevé,Résolu,11/19/2024 20:16,MOD-18,REF-984122
e3f99cf6-c8bf-483c-814e-5b7950d84bf2,COM-37567,USR-3260,NourritureEndommagée,"frites livré trempé, c'est scandaleux et dangereux !",6/18/2025 15:16,image_6234.jpg,élevé,Ouvert,,,REF-600492
18b0dc64-eece-4553-a072-6dbe855d0b15,COM-79778,USR-9019,CommandeErronée,"Commande incorrecte, mais le goût de salade était acceptable.",11/10/2024 15:16,,faible,Résolu,11/11/2024 23:16,MOD-11,REF-440948
c959a681-9c2c-4b36-8098-fa3bb36a9e20,COM-93738,USR-3384,MauvaiseQualité,"Le goût de frites était un peu gâté, mais acceptable.",6/10/2025 15:16,,élevé,Ouvert,,,REF-997748
4020196b-8370-4abf-8309-74489b9a0313,COM-92418,USR-6819,LivraisonRetard,"Livraison en retard de 2 heures, c'est gênant mais acceptable.",10/25/2024 15:16,,élevé,Escaladé,,,REF-109787
636ac0f3-e07f-401a-8f47-751f151b767f,COM-83503,USR-5823,LivraisonRetard,"Livraison en retard de 3 heures, c'est gênant mais acceptable.",4/9/2025 15:16,"image_2201.jpg,image_7393.jpg",élevé,Escaladé,,,REF-882221
ee091a56-0b72-4e26-91e3-e4ef1bceb477,COM-54955,USR-1601,ArticleManquant,"sauce manquant, veuillez résoudre immédiatement.",7/16/2024 15:16,,moyen,Résolu,7/17/2024 1:16,MOD-18,REF-635116
faa3157d-d1a9-43df-844a-838bd54aba0a,COM-32415,USR-6970,ArticleManquant,Pourriez-vous vérifier pourquoi salade n'était pas inclus ?,7/11/2024 15:16,image_6007.jpg,faible,Résolu,7/12/2024 12:16,MOD-20,REF-141460
36bdbb0d-a578-4a73-91b7-7fff5403416c,COM-19278,USR-3912,ServiceClient,"Service client injoignable, c'est insupportable !",10/19/2024 15:16,,élevé,Escaladé,,,REF-586984
7ae9831e-f182-4243-9977-b48f96938811,COM-22075,USR-8692,ArticleManquant,"Je n'ai pas reçu frites, besoin d'un remboursement.",6/21/2025 15:16,image_5083.jpg,faible,Escaladé,,,REF-394461
eaa00766-8821-41ea-b6df-344373952783,COM-55904,USR-3883,ProblèmePaiement,"Erreur de facturation pour frites, très frustrant.",3/2/2025 15:16,image_6121.jpg,élevé,Résolu,3/2/2025 23:16,MOD-14,REF-344660
9fff8339-b29b-40df-93f5-d8420d24265a,COM-56465,USR-2943,ArticleManquant,"frites manquant, veuillez résoudre immédiatement.",10/8/2024 15:16,,moyen,Escaladé,,,REF-423062
3d019a17-af26-4076-b816-67b202061e91,COM-63984,USR-4978,ArticleManquant,"Commande incomplète, burger non livré.",1/31/2025 15:16,,faible,Escaladé,,,REF-301716
e826150d-43f1-4a97-9909-93c45e06c19a,COM-45809,USR-7326,MauvaiseQualité,"frites avait un goût moisi, expérience horrible.",5/10/2025 15:16,image_8701.jpg,élevé,Escaladé,,,REF-144824
65b91488-4ea9-4e96-abdf-36cad10f41c1,COM-85171,USR-4017,LivraisonRetard,"J'ai attendu 90 minutes pour ma commande, très frustrant.",8/21/2024 15:16,,moyen,Ouvert,,,REF-193876
7c63ac84-5247-40fc-8ea8-76dfcaabce91,COM-34385,USR-9021,CommandeErronée,"Commande erronée livrée, j'ai eu boisson et non sandwich.",2/1/2025 15:16,,faible,Escaladé,,,REF-430848
b3b94b5f-2bc7-469e-a61c-b207b501a3da,COM-87666,USR-6055,CommandeErronée,"Livré salade, mais je voulais dessert, c'est inacceptable.",9/4/2024 15:16,,faible,Ouvert,,,REF-445077
2427ae66-ee8f-4002-9ed5-b097fe26be51,COM-30898,USR-2693,ProblèmePaiement,"Petite erreur de facturation, mais gênante.",11/12/2024 15:16,,moyen,Escaladé,,,REF-484053
64c14a20-5a36-42dc-a552-17689424f4a7,COM-49387,USR-6779,MauvaiseQualité,"pâtes était écrasé, je ne commanderai plus.",7/21/2024 15:16,image_4185.jpg,faible,Escaladé,,,REF-688967
c37e5239-8233-480a-8860-123f8e736849,COM-60601,USR-7635,MauvaiseQualité,"La nourriture était mal emballé, pas à la hauteur.",11/26/2024 15:16,image_4234.jpg,faible,Ouvert,,,REF-450420
4fbbe86b-6780-42fc-87ae-5381bbd20349,COM-23077,USR-2752,MauvaiseQualité,"salade n'était pas terrible, qualité moyenne.",1/30/2025 15:16,image_2795.jpg,moyen,Résolu,1/31/2025 2:16,MOD-13,REF-849853
8f17f622-1958-47c6-9812-e9c38c2f0013,COM-96576,USR-6991,ArticleManquant,"Commande incomplète, burger non livré.",7/23/2024 15:16,image_9136.jpg,faible,Escaladé,,,REF-594962
2dfa12d8-5bef-4eec-a22a-e82d04a7162b,COM-20218,USR-1334,MauvaiseQualité,"sushi avait un goût écrasé, expérience horrible.",6/29/2025 15:16,,élevé,Ouvert,,,REF-732424
83e7dd72-452e-4055-96a9-d1347716401d,COM-47069,USR-9425,ServiceClient,"Petit souci avec le support, mais acceptable.",9/4/2024 15:16,,faible,Ouvert,,,REF-507478
0d995642-e843-4374-b4c0-bb4f300eb2e7,COM-80617,USR-3441,NourritureEndommagée,"Tout était mal emballé, expérience catastrophique.",4/9/2025 15:16,image_3518.jpg,élevé,Résolu,4/11/2025 7:16,MOD-9,REF-769405
369aab9b-31a3-4945-9d90-76ef4da573d6,COM-19532,USR-8732,NourritureEndommagée,"sauce est arrivé moisi, besoin d'un remplacement.",3/20/2025 15:16,,élevé,Escaladé,,,REF-760422
66560320-9c3b-4cd7-86dd-fe71a8874ddd,COM-93684,USR-2500,CommandeErronée,J'ai reçu pâtes au lieu de boisson.,6/23/2025 15:16,,faible,Escaladé,,,REF-709786
b54cef4d-f177-467b-a4e0-e862622b58a8,COM-37532,USR-6137,CommandeErronée,"Petite erreur, j'ai reçu frites au lieu de frites.",1/14/2025 15:16,image_4092.jpg,faible,Ouvert,,,REF-524185
a21b0e6f-642f-42af-96ef-397181dcfbcd,COM-92728,USR-5207,NourritureEndommagée,"pâtes livré écrasé, c'est scandaleux et dangereux !",11/18/2024 15:16,,élevé,Escaladé,,,REF-592081
d14f29da-fd56-4287-bba6-26bdec79d249,COM-72137,USR-3604,NourritureEndommagée,"salade était un peu gâté, mais mangeable.",9/10/2024 15:16,image_3945.jpg,élevé,Résolu,9/11/2024 14:16,MOD-19,REF-331605
6647047e-8006-4822-9b75-c461d587b0cd,COM-65787,USR-5349,LivraisonRetard,"Petit retard de 90 minutes, mais la nourriture était correcte.",8/31/2024 15:16,,moyen,Résolu,9/1/2024 1:16,MOD-3,REF-729702
6e51ee61-e3af-41c5-ad34-9afd68a7fffc,COM-13984,USR-9984,LivraisonRetard,"Petit retard de 2 heures, mais la nourriture était correcte.",12/14/2024 15:16,,élevé,Escaladé,,,REF-458709
f2302724-c47f-455c-81b9-6afc9bcc3154,COM-97176,USR-2783,CommandeErronée,"Commande incorrecte, mais le goût de pizza était acceptable.",1/10/2025 15:16,"image_7130.jpg,image_2542.jpg",moyen,Escaladé,,,REF-713843
f2146709-f26f-4dab-bca4-8a3ad0b1551e,COM-98659,USR-6454,ServiceClient,"Service client injoignable, c'est insupportable !",1/13/2025 15:16,image_3044.jpg,élevé,Ouvert,,,REF-406894
ce9dd454-88e5-45ab-aaee-9c55a0cbfe9e,COM-82923,USR-5887,ServiceClient,"Petit souci avec le support, mais acceptable.",12/7/2024 15:16,,faible,Ouvert,,,REF-896886
c86fc06c-9510-4cc1-bfbc-d182e916851d,COM-16404,USR-5302,ProblèmePaiement,"J'ai été facturé deux fois pour ma commande, c'est inacceptable !",10/30/2024 15:16,"image_8959.jpg,image_2775.jpg",élevé,Escaladé,,,REF-870018
50ee7621-0305-434f-8d39-cf2c43d6544a,COM-90245,USR-3649,NourritureEndommagée,"La nourriture était trempé, totalement immangeable.",1/19/2025 15:16,"image_9369.jpg,image_9403.jpg",élevé,Ouvert,,,REF-652838
cebc89dc-7e66-4ca2-bcc3-b86794bbc42d,COM-68551,USR-2655,LivraisonRetard,"Commande arrivée après 90 minutes, vraiment pas satisfait.",8/5/2024 15:16,image_7758.jpg,élevé,Ouvert,,,REF-676439
09857d3e-b110-47ae-84f6-e571d7375cb3,COM-83976,USR-4515,MauvaiseQualité,"dessert avait un goût froid, expérience horrible.",5/19/2025 15:16,image_9501.jpg,élevé,Escaladé,,,REF-424655
e90ce56d-c7ec-498e-8296-fefa40e60107,COM-75963,USR-5717,ProblèmePaiement,"J'ai été facturé deux fois pour ma commande, c'est inacceptable !",8/21/2024 15:16,,élevé,Résolu,8/23/2024 0:16,MOD-9,REF-409650
d6162cfc-8ee9-4b1c-8e57-757411132ff9,COM-13048,USR-9660,CommandeErronée,"Commande erronée livrée, j'ai eu sauce et non dessert.",7/10/2024 15:16,,faible,Escaladé,,,REF-791148
4400f8af-be64-4120-ab3c-9ad615e28ae5,COM-86821,USR-9511,ProblèmePaiement,"Problème mineur avec le paiement, veuillez vérifier.",8/19/2024 15:16,,élevé,Escaladé,,,REF-142682
6662f064-d7c5-49b6-a111-95d1e2cf647d,COM-24791,USR-3393,NourritureEndommagée,"La commande était sans goût, très déçu.",11/28/2024 15:16,,faible,Escaladé,,,REF-120699
1dccc7fa-9aa6-44da-a3e3-dc136464aea7,COM-90149,USR-1434,ProblèmePaiement,"Problème de paiement, remboursement requis immédiatement.",12/17/2024 15:16,"image_6260.jpg,image_3365.jpg",élevé,Escaladé,,,REF-168465
c54c9bef-8bbf-4d52-852b-cc1952a61287,COM-66356,USR-5244,LivraisonRetard,"Livraison en retard de 2 heures, c'est gênant mais acceptable.",12/25/2024 15:16,image_5309.jpg,élevé,Ouvert,,,REF-486814
1a15cd8f-68fe-4d91-a6ba-7c5a54711b7f,COM-69828,USR-1478,CommandeErronée,"Livré frites, mais je voulais boisson, c'est inacceptable.",12/22/2024 15:16,,faible,Escaladé,,,REF-393637
9614b759-a58c-4966-8d15-d3c2ce21d16b,COM-37261,USR-4811,NourritureEndommagée,"Tout était froid, expérience catastrophique.",1/5/2025 15:16,,élevé,Résolu,1/7/2025 9:16,MOD-14,REF-218026
0bc9e864-a320-4095-839e-ddc8e0445679,COM-29454,USR-2790,LivraisonRetard,"La nourriture est arrivée avec 90 minutes de retard, service décevant.",10/1/2024 15:16,,moyen,Résolu,10/2/2024 12:16,MOD-2,REF-356928
0e45795a-99d4-4756-aa33-15edc6d6477e,COM-15067,USR-2858,MauvaiseQualité,"pizza était gâté, je ne commanderai plus.",2/6/2025 15:16,"image_2759.jpg,image_6651.jpg",élevé,Ouvert,,,REF-493203
d0e87a79-aa6a-46b8-b74f-9a207a5ad26d,COM-61789,USR-9961,LivraisonRetard,"La nourriture est arrivée avec 3 heures de retard, service décevant.",11/26/2024 15:16,,élevé,Escaladé,,,REF-365299
75c8798e-27c3-4dec-861e-8b792d2f69ab,COM-49987,USR-7765,ServiceClient,"Le service client n'a pas résolu mon problème, frustrant.",11/12/2024 15:16,,moyen,Escaladé,,,REF-449794
3bd06cea-7ee4-4674-a29d-f5b6160d6a0d,COM-67317,USR-7947,NourritureEndommagée,"Tout était froid, expérience catastrophique.",11/21/2024 15:16,,élevé,Ouvert,,,REF-972788
602240a6-340d-433c-8f6a-21afac9dd2e7,COM-85707,USR-7138,ServiceClient,"Service client injoignable, c'est insupportable !",4/22/2025 15:16,,élevé,Ouvert,,,REF-427635
4669689f-9042-4810-820d-fcf22a152e05,COM-12819,USR-4412,ServiceClient,"Service client injoignable, c'est insupportable !",1/25/2025 15:16,,élevé,Résolu,1/27/2025 5:16,MOD-5,REF-888249
9e6646ca-5b56-40ea-b092-491eb1590900,COM-94367,USR-9491,NourritureEndommagée,"La nourriture était moisi, totalement immangeable.",3/9/2025 15:16,,élevé,Résolu,3/9/2025 17:16,MOD-9,REF-897751
cb57e8b6-243e-4779-afc8-6330e1ddc121,COM-55686,USR-3013,CommandeErronée,"Livré sauce, mais je voulais pizza, c'est inacceptable.",4/30/2025 15:16,,faible,Résolu,4/30/2025 23:16,MOD-6,REF-660880
1b4f0784-4cbf-40be-aaae-520836a84b37,COM-65815,USR-6496,NourritureEndommagée,"La commande était mal emballé, très déçu.",1/6/2025 15:16,,faible,Ouvert,,,REF-875161
1292642f-56c9-44ff-ace1-4c0d68b296c8,COM-95073,USR-2380,ProblèmePaiement,"Surfacturation de la commande, service client désastreux.",6/11/2025 15:16,,élevé,Escaladé,,,REF-994472
ce5794b9-e4e4-483e-becd-efff07bfa1d1,COM-11118,USR-5947,MauvaiseQualité,"burger avait un goût mal emballé, expérience horrible.",10/13/2024 15:16,,élevé,Ouvert,,,REF-829245
cd9eee20-d20e-413a-8a19-4e14ceebf180,COM-99323,USR-5307,LivraisonRetard,"Livraison retardée de 3 heures, totalement inacceptable !",11/5/2024 15:16,,élevé,Résolu,11/6/2024 13:16,MOD-14,REF-593733
18657fd3-6707-486c-bdf4-2ed065b53318,COM-93033,USR-7640,LivraisonRetard,"Livraison retardée de 90 minutes, totalement inacceptable !",4/11/2025 15:16,,moyen,Escaladé,,,REF-600968
0288b1b1-cd2c-473c-87d4-ae4959cae8d9,COM-71192,USR-8433,ArticleManquant,Pourriez-vous vérifier pourquoi frites n'était pas inclus ?,1/15/2025 15:16,,faible,Ouvert,,,REF-765950
33552815-ec64-47ec-b414-a78e07e95d1a,COM-72422,USR-9024,ServiceClient,"Service client injoignable, c'est insupportable !",6/9/2025 15:16,image_3926.jpg,élevé,Résolu,6/10/2025 19:16,MOD-2,REF-560165
f8e1aafb-2c13-4e9e-ab6f-dbbe878a0d3d,COM-97811,USR-9617,LivraisonRetard,"Commande arrivée après 90 minutes, vraiment pas satisfait.",1/23/2025 15:16,image_9647.jpg,élevé,Résolu,1/24/2025 8:16,MOD-19,REF-133114
2e8309f8-78d9-430a-8ffe-da6376081502,COM-23972,USR-7843,ArticleManquant,"Petit souci, il manquait burger dans la commande.",4/13/2025 15:16,,faible,Ouvert,,,REF-233724
3913e824-3a9e-4ad5-8245-fcd81bbd7f8f,COM-83201,USR-4425,LivraisonRetard,"J'ai attendu 3 heures pour ma commande, très frustrant.",9/13/2024 15:16,image_1965.jpg,élevé,Ouvert,,,REF-921207
9f8d0ab9-77eb-4efa-b3f6-cee57d3bf166,COM-38740,USR-7164,MauvaiseQualité,"Le goût de sauce était un peu moisi, mais acceptable.",9/2/2024 15:16,,élevé,Résolu,9/3/2024 16:16,MOD-11,REF-867388
12ec68c0-48c0-4365-833e-bbdf78346eaf,COM-28703,USR-7230,ProblèmePaiement,"J'ai été facturé deux fois pour ma commande, c'est inacceptable !",10/23/2024 15:16,,élevé,Résolu,10/24/2024 3:16,MOD-18,REF-408772
d144aaa5-406c-4e49-8854-56c42c74e107,COM-38076,USR-2953,ProblèmePaiement,"Petite erreur de facturation, mais gênante.",2/23/2025 15:16,image_7316.jpg,élevé,Ouvert,,,REF-426799
b1d1b3a2-ba4b-43e8-9bae-145afca3bdd0,COM-12096,USR-8899,NourritureEndommagée,"pâtes est arrivé brûlé, besoin d'un remplacement.",7/4/2024 15:16,image_9295.jpg,faible,Résolu,7/5/2024 23:16,MOD-2,REF-517946
aefbbb55-7c23-4434-b9b1-2119aa0497a6,COM-91037,USR-5738,ServiceClient,"Petit souci avec le support, mais acceptable.",2/3/2025 15:16,,faible,Résolu,2/4/2025 22:16,MOD-8,REF-529374
6cc04de1-7c12-4b10-be5d-f4587398aee8,COM-52081,USR-8093,CommandeErronée,"Commande erronée livrée, j'ai eu salade et non dessert.",8/18/2024 15:16,,faible,Résolu,8/19/2024 13:16,MOD-18,REF-778275
52bc59ca-aea1-43fd-8cab-0544a70fed5f,COM-99997,USR-8738,ProblèmePaiement,"Petite erreur de facturation, mais gênante.",3/6/2025 15:16,,moyen,Escaladé,,,REF-200497
1914ed6a-03be-4100-9022-9923a8c46a6a,COM-21086,USR-2929,LivraisonRetard,"La commande a été livrée avec 3 heures de retard, la nourriture était froide.",5/13/2025 15:16,,élevé,Ouvert,,,REF-128155
bebb2af9-c216-4612-96e4-5387a36d2d06,COM-48435,USR-9219,CommandeErronée,"Mauvais article livré, frites à la place de salade.",5/31/2025 15:16,,faible,Résolu,6/1/2025 22:16,MOD-1,REF-650504
51651d12-1f24-45f6-9ebf-59d185f544cd,COM-47425,USR-2829,ArticleManquant,"Commande incomplète, sandwich non livré.",9/19/2024 15:16,,faible,Résolu,9/20/2024 3:16,MOD-11,REF-268645
bdb66891-0900-4d83-94e9-354ca1bc8007,COM-40009,USR-6847,MauvaiseQualité,"sandwich était moisi, je ne commanderai plus.",3/9/2025 15:16,,élevé,Escaladé,,,REF-314910
ffd6d286-020b-4712-84e5-54ec02a7b50c,COM-97666,USR-3283,ServiceClient,"Service client correct, mais pourrait être plus rapide.",6/24/2025 15:16,,faible,Escaladé,,,REF-509504
70e0bde4-bf2e-4f6a-b5fd-01c78171c60c,COM-67181,USR-4724,ServiceClient,"Service client injoignable, c'est insupportable !",5/16/2025 15:16,,élevé,Résolu,5/16/2025 21:16,MOD-5,REF-374478
1c608bfb-625b-49c5-a9e9-92656cb8f0ea,COM-70240,USR-5146,NourritureEndommagée,"sandwich est arrivé froid, besoin d'un remplacement.",7/12/2024 15:16,,faible,Ouvert,,,REF-663362
f2b1459a-5074-4eb9-abf5-27b9c9379a02,COM-40285,USR-7682,ServiceClient,"Mauvaise expérience avec le support, très décevant.",2/2/2025 15:16,,moyen,Ouvert,,,REF-305234
311d16a7-7c0b-4b7c-a28f-c3975da8a6a7,COM-55423,USR-1234,ProblèmePaiement,"Problème mineur avec le paiement, veuillez vérifier.",12/26/2024 15:16,,moyen,Ouvert,,,REF-278364
05bf5487-cfa4-4836-b053-5c7e4ef14e4b,COM-50212,USR-9346,NourritureEndommagée,"La commande était sans goût, très déçu.",3/26/2025 15:16,,faible,Escaladé,,,REF-195057
e974dd39-6728-4a79-8ee3-d8115f85cb6c,COM-43585,USR-5891,ProblèmePaiement,"Erreur de facturation pour burger, très frustrant.",4/3/2025 15:16,,moyen,Résolu,4/5/2025 11:16,MOD-8,REF-497253
08f86418-e2ee-48b3-97b8-89818d29beda,COM-11062,USR-1909,CommandeErronée,"J'ai commandé sandwich, mais j'ai reçu burger.",8/24/2024 15:16,,faible,Résolu,8/26/2024 1:16,MOD-20,REF-974370
1fe99793-5c49-48f2-b344-f8c838e96531,COM-21753,USR-7075,ServiceClient,"Petit souci avec le support, mais acceptable.",11/4/2024 15:16,image_8022.jpg,moyen,Résolu,11/5/2024 14:16,MOD-7,REF-827093
5ad6856f-ff8a-43e5-886c-7e3e47daaad5,COM-58886,USR-1790,ProblèmePaiement,"Problème mineur avec le paiement, veuillez vérifier.",2/16/2025 15:16,,moyen,Résolu,2/16/2025 21:16,MOD-14,REF-938593
5d21eba2-7e28-4d18-87c9-657bc9481e7b,COM-94527,USR-8859,LivraisonRetard,"Livraison retardée de 90 minutes, totalement inacceptable !",6/27/2025 15:16,"image_7730.jpg,image_4688.jpg",élevé,Escaladé,,,REF-769114
0b36dcf7-258a-433b-9013-077d65ae57d9,COM-21150,USR-8492,CommandeErronée,"Commande incorrecte, mais le goût de sauce était acceptable.",8/6/2024 15:16,,faible,Escaladé,,,REF-445126
aa3c6b49-8d32-488f-8efa-5d30969e0e37,COM-90320,USR-6722,ArticleManquant,"Commande incomplète, sauce non livré.",12/25/2024 15:16,,faible,Escaladé,,,REF-362776
4cfe12b7-0918-4306-bfa2-73ae0d0c7a9f,COM-60458,USR-5462,NourritureEndommagée,"sauce était gâté, qualité inacceptable.",3/7/2025 15:16,,élevé,Escaladé,,,REF-338218
85c78dbc-bb25-4a39-8caf-393f5637be22,COM-86844,USR-2077,ServiceClient,"Service client correct, mais pourrait être plus rapide.",4/17/2025 15:16,,faible,Ouvert,,,REF-678621
527daecf-7f2f-40a8-bf43-6935052abfdd,COM-50127,USR-2162,NourritureEndommagée,"La nourriture était sans goût, totalement immangeable.",9/24/2024 15:16,,élevé,Résolu,9/25/2024 21:16,MOD-15,REF-865273
5c7b98e2-3bbb-4a57-9b01-501e785c3835,COM-73468,USR-1799,ServiceClient,"Service client correct, mais pourrait être plus rapide.",3/10/2025 15:16,image_3173.jpg,moyen,Ouvert,,,REF-134765
66271bdd-6166-4fef-b967-f966e7ae1ced,COM-85023,USR-8959,NourritureEndommagée,"La commande était brûlé, très déçu.",12/11/2024 15:16,image_5846.jpg,faible,Résolu,12/12/2024 9:16,MOD-2,REF-130668
662ea725-b782-4d0f-b4bd-0711c941dc80,COM-52907,USR-9163,CommandeErronée,"Commande erronée livrée, j'ai eu frites et non salade.",3/3/2025 15:16,image_9738.jpg,faible,Résolu,3/3/2025 22:16,MOD-17,REF-580332
5d2d6115-1c23-4c9d-a562-74cb9724e37a,COM-28886,USR-6102,ProblèmePaiement,"Petite erreur de facturation, mais gênante.",9/4/2024 15:16,"image_7291.jpg,image_8912.jpg",élevé,Résolu,9/5/2024 11:16,MOD-17,REF-699423
a311d225-2b17-4f87-8a7c-275ab3eb3595,COM-47502,USR-1591,ArticleManquant,"Commande incomplète, burger non livré.",8/2/2024 15:16,,faible,Escaladé,,,REF-818822
4cba3de2-bf5f-4706-86d0-613ef353649e,COM-46363,USR-8796,CommandeErronée,"J'ai commandé sandwich, mais j'ai reçu pâtes.",4/20/2025 15:16,,faible,Ouvert,,,REF-928575
9064904c-035a-4ecd-81d6-73a161a864bf,COM-11896,USR-3134,NourritureEndommagée,"Commande endommagée, sandwich était légèrement trempé.",10/31/2024 15:16,,faible,Escaladé,,,REF-727231
d4999cb1-ed7f-454d-b2fd-6aab69f8efbf,COM-91911,USR-8300,NourritureEndommagée,"Tout était sans goût, expérience catastrophique.",11/23/2024 15:16,,élevé,Escaladé,,,REF-862915
c145e0f4-f463-4a33-b4ff-e11d2d4bd5bb,COM-82279,USR-3537,ServiceClient,"Service client correct, mais pourrait être plus rapide.",7/12/2024 15:16,,faible,Résolu,7/14/2024 4:16,MOD-18,REF-196546
5d132a9f-3232-4e53-93fb-b11bf73d5f59,COM-55634,USR-6379,CommandeErronée,"J'ai commandé burger, mais j'ai reçu dessert.",1/1/2025 15:16,image_1212.jpg,faible,Ouvert,,,REF-137891
f83dd0e5-667d-4315-b11d-9d803a63a5be,COM-67493,USR-6322,ProblèmePaiement,"Surfacturation de la commande, service client désastreux.",8/22/2024 15:16,,élevé,Ouvert,,,REF-372985
97aa5f67-1e71-4e70-8f4a-cccde90e23d1,COM-42952,USR-4229,CommandeErronée,"Commande erronée livrée, j'ai eu sauce et non burger.",10/29/2024 15:16,,faible,Ouvert,,,REF-783473
31523ce3-52a8-4f01-8266-829002b5faeb,COM-98436,USR-4641,MauvaiseQualité,"salade avait un goût sans goût, expérience horrible.",8/26/2024 15:16,,élevé,Ouvert,,,REF-875788
2aeacef1-452c-4c4a-805c-f5b221de3ab5,COM-15967,USR-1627,CommandeErronée,"Commande incorrecte, mais le goût de pâtes était acceptable.",5/27/2025 15:16,image_3700.jpg,moyen,Ouvert,,,REF-423737
a0a2bfc3-b598-434a-82b9-ae7ffbf0d294,COM-64767,USR-7973,LivraisonRetard,"La nourriture est arrivée avec 30 minutes de retard, service décevant.",10/30/2024 15:16,image_8190.jpg,élevé,Escaladé,,,REF-178762
a0a759e1-3bb6-41c3-a7cc-2234085f99e1,COM-79555,USR-4576,NourritureEndommagée,"pâtes est arrivé écrasé, besoin d'un remplacement.",12/11/2024 15:16,,faible,Ouvert,,,REF-422949
31d7fa0c-bb67-499c-8985-3f6b6863f8d8,COM-31539,USR-8868,ProblèmePaiement,"Problème de paiement, remboursement requis immédiatement.",9/5/2024 15:16,,élevé,Résolu,9/6/2024 12:16,MOD-20,REF-601337
352b37d8-333b-4b6d-aab0-c07f556c88eb,COM-28854,USR-9665,ProblèmePaiement,"J'ai été facturé deux fois pour ma commande, c'est inacceptable !",12/21/2024 15:16,,élevé,Ouvert,,,REF-392896
411d520f-007f-4f4e-92c1-1b9ef0340be5,COM-36896,USR-2650,ServiceClient,"Mauvaise expérience avec le support, très décevant.",3/20/2025 15:16,,moyen,Résolu,3/21/2025 16:16,MOD-13,REF-772448
6a411cfe-4e1b-4e16-8a7d-9c67d9d2751d,COM-42797,USR-1485,CommandeErronée,"Commande incorrecte, mais le goût de frites était acceptable.",10/19/2024 15:16,,faible,Résolu,10/20/2024 7:16,MOD-14,REF-493042
bdf49feb-0b78-4839-a0a6-f506ae444245,COM-41928,USR-2147,ServiceClient,"Service client correct, mais pourrait être plus rapide.",5/28/2025 15:16,"image_1391.jpg,image_4607.jpg",moyen,Escaladé,,,REF-912367
491a5745-0732-49a8-8a0f-bde4eece2305,COM-55772,USR-6046,ProblèmePaiement,"Petite erreur de facturation, mais gênante.",9/19/2024 15:16,image_4635.jpg,élevé,Résolu,9/20/2024 6:16,MOD-17,REF-989818
9065a2bb-d267-4c55-aa42-85019d6b1d5a,COM-85677,USR-2728,ServiceClient,"Service client injoignable, c'est insupportable !",9/28/2024 15:16,"image_9390.jpg,image_5154.jpg",élevé,Ouvert,,,REF-999836
2d3edc3c-817f-4bcc-93fa-f394b538f0a1,COM-18262,USR-7629,CommandeErronée,"Petite erreur, j'ai reçu frites au lieu de sauce.",12/2/2024 15:16,image_5802.jpg,faible,Escaladé,,,REF-631111
4be8b95a-b481-4ca7-b989-51c38df59d24,COM-55715,USR-6413,LivraisonRetard,"J'ai attendu 2 heures pour ma commande, très frustrant.",1/20/2025 15:16,image_4299.jpg,élevé,Escaladé,,,REF-418261
5ceadada-74a3-42d9-9e01-a7fe4dee9229,COM-34902,USR-3425,CommandeErronée,"Erreur sur ma commande : sushi au lieu de dessert, très agaçant.",3/5/2025 15:16,,élevé,Escaladé,,,REF-620153
5ec5c13b-8463-4005-923d-ace6bfae7136,COM-26854,USR-5604,ArticleManquant,"Manque sushi, service médiocre.",8/17/2024 15:16,,faible,Résolu,8/18/2024 11:16,MOD-19,REF-731945
704d8931-d550-442e-90bd-0ae48ae12bfb,COM-27484,USR-7930,LivraisonRetard,"Retard de 90 minutes, c'est scandaleux et dérangeant !",2/2/2025 15:16,"image_1437.jpg,image_3191.jpg",élevé,Résolu,2/3/2025 13:16,MOD-10,REF-714562
69ee8dc6-89d3-4430-ba0b-e58350d2a336,COM-17817,USR-1264,LivraisonRetard,"J'ai attendu 1 heure pour ma commande, très frustrant.",10/7/2024 15:16,,moyen,Escaladé,,,REF-345243
c82a0884-b003-44a3-8fcb-9ce2f28488f4,COM-57867,USR-9316,CommandeErronée,"Commande erronée livrée, j'ai eu pizza et non frites.",4/8/2025 15:16,,faible,Escaladé,,,REF-538918
c0ba595d-7943-4dac-816d-fdb4c6fcb644,COM-75846,USR-7366,LivraisonRetard,"La commande a été livrée avec 1 heure de retard, la nourriture était froide.",10/29/2024 15:16,"image_1239.jpg,image_9595.jpg",élevé,Résolu,10/30/2024 15:16,MOD-8,REF-780192
165d0547-2d45-4246-8193-037c5229cae5,COM-41511,USR-4270,MauvaiseQualité,"burger était trempé, je ne commanderai plus.",4/15/2025 15:16,,faible,Résolu,4/15/2025 16:16,MOD-5,REF-339545
410719bf-166b-4903-ab47-7be55d5b5edf,COM-36026,USR-9281,NourritureEndommagée,"La nourriture était trempé, totalement immangeable.",9/27/2024 15:16,,élevé,Ouvert,,,REF-268013
cdd04a59-990d-4fe9-9489-e4c1bc186b6c,COM-75870,USR-1432,MauvaiseQualité,"Le goût de salade était un peu froid, mais acceptable.",7/19/2024 15:16,,faible,Ouvert,,,REF-175316
21690da4-9661-46ed-907b-6c7c9150e5f3,COM-31500,USR-4245,ServiceClient,"Service client correct, mais pourrait être plus rapide.",6/3/2025 15:16,image_7510.jpg,moyen,Escaladé,,,REF-906199
71d9d6ba-d400-41ea-905c-4cd8ff5c2890,COM-72745,USR-8635,ArticleManquant,Pourriez-vous vérifier pourquoi salade n'était pas inclus ?,6/1/2025 15:16,image_4155.jpg,faible,Ouvert,,,REF-409202
be6f5462-dd5c-4146-8980-35759510d01c,COM-89960,USR-6556,MauvaiseQualité,"La nourriture était gâté, pas à la hauteur.",8/27/2024 15:16,image_8254.jpg,élevé,Ouvert,,,REF-719900
2938d862-c61a-44f1-985f-975a1cd7fb96,COM-92242,USR-5255,ProblèmePaiement,"Surfacturation de la commande, service client désastreux.",9/27/2024 15:16,image_7183.jpg,élevé,Escaladé,,,REF-699221
674a9c46-f995-4d74-82c1-977bfaa15de8,COM-11680,USR-7487,ProblèmePaiement,"Surfacturation de la commande, service client désastreux.",8/31/2024 15:16,,élevé,Résolu,9/2/2024 0:16,MOD-11,REF-360231
da3c61bd-cd37-42d6-bae4-735d0d7d0fb2,COM-37565,USR-8031,MauvaiseQualité,"burger n'était pas terrible, qualité moyenne.",3/3/2025 15:16,image_2802.jpg,moyen,Résolu,3/4/2025 13:16,MOD-14,REF-719860
ddf9bb5e-6a66-4393-a8da-160508d5d11c,COM-30216,USR-1847,MauvaiseQualité,"frites avait un goût écrasé, expérience horrible.",7/25/2024 15:16,image_8380.jpg,élevé,Escaladé,,,REF-559530
c7c7c71d-f976-4527-baf4-991523b09d8d,COM-38964,USR-4725,ArticleManquant,"Manque sushi, service médiocre.",8/4/2024 15:16,,faible,Ouvert,,,REF-216426
c8647ee7-039b-4d72-8ad7-8c3708dfa792,COM-54655,USR-3050,ServiceClient,"Le service client n'a pas résolu mon problème, frustrant.",10/4/2024 15:16,image_3556.jpg,élevé,Résolu,10/6/2024 12:16,MOD-15,REF-495746
afdac3ed-01bb-4cee-9fb5-3bff1b3305c1,COM-27850,USR-2467,ProblèmePaiement,"Problème mineur avec le paiement, veuillez vérifier.",9/17/2024 15:16,,moyen,Ouvert,,,REF-647557
cdc2788f-004c-48a3-b67e-1efb886f1df2,COM-53190,USR-9138,ProblèmePaiement,"Erreur de facturation pour dessert, très frustrant.",7/21/2024 15:16,,moyen,Ouvert,,,REF-880881
b89d3e90-6d73-48d3-8ba5-9a9b482d54cf,COM-19943,USR-8176,ArticleManquant,"Il manque pâtes dans ma commande, très décevant.",10/2/2024 15:16,image_5933.jpg,élevé,Ouvert,,,REF-828273
0b373305-cf76-4a40-a6b9-edb06074c65f,COM-73235,USR-3801,ProblèmePaiement,"Surfacturation de la commande, service client désastreux.",5/5/2025 15:16,,élevé,Escaladé,,,REF-706528
6f4e1506-3e7b-444b-be9b-9b9347f792bf,COM-97239,USR-6700,ProblèmePaiement,"Surfacturation de la commande, service client désastreux.",3/8/2025 15:16,,élevé,Résolu,3/9/2025 4:16,MOD-20,REF-783174
88a33813-ac1b-49ef-99de-195639eab64f,COM-52899,USR-1044,MauvaiseQualité,"Qualité médiocre de pizza, très frustrant.",6/20/2025 15:16,image_6418.jpg,élevé,Escaladé,,,REF-932509
5950949c-e783-4eed-bad5-d96ef6a55b46,COM-72394,USR-8143,ProblèmePaiement,"Problème mineur avec le paiement, veuillez vérifier.",4/14/2025 15:16,,moyen,Ouvert,,,REF-665009
01f364ae-335c-4853-a7d5-9403950d0571,COM-22308,USR-1146,CommandeErronée,"Mauvais article livré, dessert à la place de frites.",7/6/2024 15:16,,faible,Résolu,7/8/2024 14:16,MOD-8,REF-420616
991e90eb-9ecb-4278-9590-aba7916de92e,COM-51270,USR-7967,ArticleManquant,"Pas de dessert, c'est inacceptable et frustrant !",10/30/2024 15:16,,moyen,Résolu,11/1/2024 0:16,MOD-18,REF-256093
575456d2-7e39-457f-8a8d-fb845e609bf3,COM-29781,USR-7193,LivraisonRetard,"La nourriture est arrivée avec 2 heures de retard, service décevant.",3/13/2025 15:16,image_2128.jpg,élevé,Ouvert,,,REF-363581
2e9d6feb-4b4f-4ccb-9f92-823619125749,COM-73675,USR-6979,NourritureEndommagée,"Tout était mal emballé, expérience catastrophique.",5/26/2025 15:16,,élevé,Ouvert,,,REF-819342
5bd011e9-ea0e-4ccb-a0cf-512991433b6d,COM-31374,USR-9148,LivraisonRetard,"Retard de 30 minutes, c'est scandaleux et dérangeant !",1/11/2025 15:16,image_6639.jpg,élevé,Escaladé,,,REF-870630
7b89e855-e11a-4841-986e-c2215897ab9b,COM-17782,USR-6546,ProblèmePaiement,"J'ai été facturé deux fois pour ma commande, c'est inacceptable !",12/18/2024 15:16,,élevé,Résolu,12/19/2024 18:16,MOD-14,REF-900350
774a3b9b-74fe-4f9f-9ec2-38d32ecc1652,COM-99274,USR-5541,NourritureEndommagée,"burger était un peu trempé, mais mangeable.",5/1/2025 15:16,,faible,Ouvert,,,REF-465600
0d357fc5-52ee-4f84-96d5-ce30bb96cd11,COM-53873,USR-2444,NourritureEndommagée,"Tout était sans goût, expérience catastrophique.",7/14/2024 15:16,,élevé,Résolu,7/14/2024 20:16,MOD-1,REF-616462
a13bac02-00bd-4937-868d-2b2260195b90,COM-36938,USR-3570,ArticleManquant,"Je n'ai pas reçu burger, besoin d'un remboursement.",2/9/2025 15:16,,faible,Résolu,2/10/2025 21:16,MOD-12,REF-320928
5ce4bb92-ef87-498b-ae8e-8da84900d611,COM-54575,USR-6370,ServiceClient,"Service client correct, mais pourrait être plus rapide.",2/17/2025 15:16,image_9831.jpg,moyen,Escaladé,,,REF-169598
7db4172b-d229-40cd-9ea1-6f265d7d5c11,COM-45527,USR-2725,ServiceClient,"Réponse lente du service client, qualité médiocre.",2/10/2025 15:16,,faible,Ouvert,,,REF-364730
f5bab9a2-7a56-4e52-806a-5b33e56682ce,COM-70758,USR-7239,ServiceClient,"Service client correct, mais pourrait être plus rapide.",2/23/2025 15:16,"image_8144.jpg,image_4476.jpg",moyen,Escaladé,,,REF-160716
4ee272bb-c35b-42b2-83e6-4b2215166845,COM-99805,USR-6317,ProblèmePaiement,"Erreur de facturation pour sushi, très frustrant.",10/15/2024 15:16,,moyen,Résolu,10/17/2024 7:16,MOD-11,REF-369251
4ceab826-35f7-4fce-aeed-3c2bb3d1cc95,COM-61337,USR-9661,CommandeErronée,"J'ai commandé salade, mais j'ai reçu pizza.",3/11/2025 15:16,image_3043.jpg,faible,Résolu,3/13/2025 5:16,MOD-13,REF-540606
02ebae48-6877-4b21-8265-23ef012a59a9,COM-92696,USR-8891,ProblèmePaiement,"Petite erreur de facturation, mais gênante.",8/13/2024 15:16,,moyen,Ouvert,,,REF-200483
43ee4a8d-5933-434e-a0b2-fe0ae2f2dcee,COM-63924,USR-5709,LivraisonRetard,"Livraison retardée de 2 heures, totalement inacceptable !",10/28/2024 15:16,,élevé,Résolu,10/29/2024 14:16,MOD-2,REF-405425
ddca4951-3e87-4e56-861c-7fecf09adb7a,COM-63759,USR-9923,ServiceClient,"Le service client n'a pas résolu mon problème, frustrant.",11/10/2024 15:16,,moyen,Résolu,11/12/2024 14:16,MOD-18,REF-447552
1b83b5cd-3a4e-4d4a-af32-c9136300727b,COM-23815,USR-9017,ArticleManquant,"Commande incomplète, salade non livré.",7/18/2024 15:16,,faible,Ouvert,,,REF-970574
e92695de-c068-49e6-a4b3-e6b96f80fc23,COM-68886,USR-4550,ArticleManquant,"Manque burger, service médiocre.",6/14/2025 15:16,image_4094.jpg,moyen,Résolu,6/15/2025 19:16,MOD-7,REF-736890
d968630c-6eb9-463a-b867-c8b65c6badb3,COM-52808,USR-8103,MauvaiseQualité,"La nourriture était écrasé, pas à la hauteur.",12/11/2024 15:16,,faible,Résolu,12/11/2024 21:16,MOD-6,REF-536749
c8d378d1-ce38-4ccb-a7cf-2ee6b847af16,COM-56820,USR-7136,ProblèmePaiement,"J'ai été facturé deux fois pour ma commande, c'est inacceptable !",3/29/2025 15:16,,élevé,Résolu,3/29/2025 21:16,MOD-7,REF-574642
c3ff1b18-e985-41bd-8d71-15ba84a11e8a,COM-54229,USR-4686,MauvaiseQualité,"sandwich était moisi, je ne commanderai plus.",4/18/2025 15:16,image_5679.jpg,élevé,Résolu,4/18/2025 18:16,MOD-9,REF-399742
66f566ad-180a-4ea8-82f2-69fd4de381c3,COM-37378,USR-2583,MauvaiseQualité,"La nourriture était écrasé, pas à la hauteur.",7/16/2024 15:16,image_4232.jpg,faible,Résolu,7/16/2024 19:16,MOD-8,REF-970490
be72a678-4bd4-4c32-b49c-c047fe865063,COM-68820,USR-4822,MauvaiseQualité,"boisson n'était pas terrible, qualité moyenne.",4/5/2025 15:16,image_2389.jpg,moyen,Résolu,4/7/2025 10:16,MOD-2,REF-202305
b0babe20-0854-4680-8834-b9c7b1ff2348,COM-82367,USR-3197,ProblèmePaiement,"Problème de paiement, remboursement requis immédiatement.",1/13/2025 15:16,,élevé,Ouvert,,,REF-905888
60f3b0a5-d946-4804-b26c-019dd81158b1,COM-78584,USR-8287,ArticleManquant,"Petit souci, il manquait burger dans la commande.",11/14/2024 15:16,,faible,Ouvert,,,REF-120127
3804d309-d753-4b66-93c3-8f12d7444a5e,COM-73516,USR-6452,ProblèmePaiement,"Problème mineur avec le paiement, veuillez vérifier.",12/8/2024 15:16,,moyen,Ouvert,,,REF-579932
9b37d53a-ad63-4b91-9f31-1a57dbe7d98d,COM-47362,USR-8451,ServiceClient,"Le service client n'a pas résolu mon problème, frustrant.",5/12/2025 15:16,,moyen,Résolu,5/14/2025 10:16,MOD-8,REF-558452
4c393fe7-9919-4a51-b928-754a683adb91,COM-41492,USR-8923,CommandeErronée,J'ai reçu pizza au lieu de burger.,10/31/2024 15:16,,faible,Ouvert,,,REF-497396
b4d6fd08-22c8-405c-9b5d-d3af0a2ba53c,COM-37800,USR-9120,ProblèmePaiement,"J'ai été facturé deux fois pour ma commande, c'est inacceptable !",11/13/2024 15:16,,élevé,Résolu,11/14/2024 13:16,MOD-3,REF-510032
fa7226ac-f2f4-4926-bc94-1ec62183cabd,COM-93249,USR-9387,ProblèmePaiement,"Problème de paiement, remboursement requis immédiatement.",6/3/2025 15:16,image_8534.jpg,élevé,Résolu,6/4/2025 9:16,MOD-12,REF-966354
7a03b3df-0ec8-4add-a89c-9678473f2d7b,COM-20471,USR-6143,MauvaiseQualité,"boisson était froid, je ne commanderai plus.",11/16/2024 15:16,image_6780.jpg,moyen,Ouvert,,,REF-660644
15a8b4e3-ea2c-4f54-a989-adc833f51f49,COM-64305,USR-6019,LivraisonRetard,"Livraison retardée de 3 heures, totalement inacceptable !",7/13/2024 15:16,image_5002.jpg,élevé,Escaladé,,,REF-529591
bad8af2a-63fc-4d61-a95c-5918aa9b4a04,COM-97332,USR-6145,LivraisonRetard,"Commande arrivée après 30 minutes, vraiment pas satisfait.",10/1/2024 15:16,image_1964.jpg,élevé,Ouvert,,,REF-552722
e536f743-4192-4407-95a5-89b6aae99cb6,COM-89942,USR-5395,LivraisonRetard,"Livraison en retard de 3 heures, c'est gênant mais acceptable.",4/27/2025 15:16,image_6461.jpg,élevé,Ouvert,,,REF-316741
3925af68-40cb-4201-a660-297b3258bb7b,COM-24957,USR-9850,NourritureEndommagée,"Tout était trempé, expérience catastrophique.",5/12/2025 15:16,image_3232.jpg,élevé,Résolu,5/14/2025 10:16,MOD-10,REF-138528
8f3b5aea-3615-46ab-9ae1-3e81775de629,COM-36819,USR-9389,ServiceClient,"Mauvaise expérience avec le support, très décevant.",8/31/2024 15:16,image_4981.jpg,élevé,Ouvert,,,REF-575997
e027e773-1ff1-4737-bdf1-380f838b3be6,COM-55219,USR-3834,ServiceClient,"Réponse lente du service client, qualité médiocre.",1/21/2025 15:16,image_4281.jpg,moyen,Résolu,1/22/2025 3:16,MOD-14,REF-738465
6b3e6ba4-e034-4de1-bea8-aa2e0c745e77,COM-61248,USR-6580,ProblèmePaiement,"Petite erreur de facturation, mais gênante.",5/5/2025 15:16,,moyen,Ouvert,,,REF-567435
053a992d-aaed-4e49-aef7-9fc752a631a7,COM-59904,USR-2896,ServiceClient,"Le service client n'a pas résolu mon problème, frustrant.",8/9/2024 15:16,image_7498.jpg,élevé,Ouvert,,,REF-735297
1df84b63-0cd2-478c-bc82-b4294643a285,COM-57210,USR-2723,MauvaiseQualité,"burger avait un goût trempé, expérience horrible.",5/25/2025 15:16,image_1205.jpg,élevé,Résolu,5/26/2025 17:16,MOD-11,REF-651511
51ef1e90-8dc4-4ba6-b37e-25c7f86eba78,COM-97095,USR-5533,ArticleManquant,"Petit souci, il manquait pâtes dans la commande.",8/21/2024 15:16,,faible,Escaladé,,,REF-271107
f0c85127-c7c6-4d32-9cb2-fd0397609392,COM-13779,USR-7118,LivraisonRetard,"Commande arrivée après 2 heures, vraiment pas satisfait.",10/5/2024 15:16,,élevé,Ouvert,,,REF-316496
ec3f5caf-126b-4c1c-a7f6-9feaa318780c,COM-74473,USR-5924,NourritureEndommagée,"pizza était un peu brûlé, mais mangeable.",10/30/2024 15:16,,faible,Ouvert,,,REF-846732
d6cc2064-a143-4966-ab45-3a4f81b8ba2d,COM-18731,USR-8962,ServiceClient,"Mauvaise expérience avec le support, très décevant.",6/30/2025 15:16,,moyen,Escaladé,,,REF-594328
236ffc19-516a-4256-9d33-cc5b32144f2b,COM-91700,USR-4952,ServiceClient,"Réponse lente du service client, qualité médiocre.",3/17/2025 15:16,"image_1599.jpg,image_3829.jpg",moyen,Escaladé,,,REF-604098
e938db8d-ec94-4131-a933-c4188d43b642,COM-90559,USR-2463,MauvaiseQualité,"Qualité médiocre de boisson, très frustrant.",10/1/2024 15:16,image_4068.jpg,élevé,Escaladé,,,REF-392397
ea5b4b90-0037-4017-ab62-b1e2b75a5beb,COM-70207,USR-7992,CommandeErronée,J'ai reçu dessert au lieu de boisson.,6/9/2025 15:16,,faible,Ouvert,,,REF-983055
ec121424-9e22-4e63-bfde-1ff197cf50d4,COM-57661,USR-2017,ProblèmePaiement,"Petite erreur de facturation, mais gênante.",4/20/2025 15:16,image_5442.jpg,élevé,Escaladé,,,REF-673624
11cd2bb7-da6b-4287-9c2c-d597662b4ae5,COM-98846,USR-6963,MauvaiseQualité,"Très mauvaise qualité de pizza, immangeable.",10/6/2024 15:16,,élevé,Escaladé,,,REF-206060
0d64d8d8-9646-436a-bbc1-9a7d07bcac8e,COM-49364,USR-5097,MauvaiseQualité,"La nourriture était écrasé, pas à la hauteur.",4/13/2025 15:16,,faible,Ouvert,,,REF-159717
53d29c3e-85ef-4ca6-9420-4f3a1d16ca56,COM-29291,USR-4923,ArticleManquant,"Je n'ai pas reçu frites, besoin d'un remboursement.",4/7/2025 15:16,,faible,Escaladé,,,REF-357978
a48a26b2-dfe0-4c41-8fe5-bd2cea500b53,COM-25493,USR-4428,ArticleManquant,"Je n'ai pas reçu pizza, besoin d'un remboursement.",5/16/2025 15:16,,faible,Escaladé,,,REF-347822
45cceb1c-e427-4310-b0ca-bddea679e6c0,COM-27109,USR-1746,LivraisonRetard,"Livraison en retard de 3 heures, c'est gênant mais acceptable.",11/15/2024 15:16,,élevé,Résolu,11/16/2024 5:16,MOD-7,REF-327676
3704535c-6a6c-4a99-9196-80c9bf3ca1cb,COM-43823,USR-4515,CommandeErronée,"Commande incorrecte, mais le goût de sauce était acceptable.",3/14/2025 15:16,,faible,Ouvert,,,REF-309378
8bd004ef-5508-4956-9d88-3bd1b7d46f66,COM-49410,USR-8303,LivraisonRetard,"Petit retard de 2 heures, mais la nourriture était correcte.",8/7/2024 15:16,,élevé,Résolu,8/8/2024 12:16,MOD-14,REF-186443
4ebd979a-c69d-47b5-b5da-9d5d64b04b6a,COM-13535,USR-2424,ServiceClient,"Le service client n'a pas résolu mon problème, frustrant.",9/8/2024 15:16,,moyen,Résolu,9/9/2024 16:16,MOD-12,REF-115135
13f31a86-4f92-4bdc-a6e5-263be5e2dce5,COM-10078,USR-1440,ServiceClient,"Service client injoignable, c'est insupportable !",9/15/2024 15:16,image_9916.jpg,élevé,Escaladé,,,REF-615258
260ebbec-211e-4377-8133-3757815607ae,COM-22052,USR-3643,ServiceClient,"Service client correct, mais pourrait être plus rapide.",3/5/2025 15:16,image_4396.jpg,moyen,Escaladé,,,REF-425802
ca210a93-0b56-4fa1-b6ce-28a255bf64f4,COM-27734,USR-2348,CommandeErronée,"Petite erreur, j'ai reçu pizza au lieu de sandwich.",6/1/2025 15:16,image_3407.jpg,faible,Ouvert,,,REF-939837
ee9ab7fb-2e06-42c6-8e57-6a0b9b0a756d,COM-91784,USR-1823,ServiceClient,"Mauvaise expérience avec le support, très décevant.",10/26/2024 15:16,image_9309.jpg,élevé,Résolu,10/27/2024 18:16,MOD-12,REF-543834
fb1c7703-6038-4a21-8165-24129092ae24,COM-59244,USR-8730,ServiceClient,"Service client injoignable, c'est insupportable !",2/23/2025 15:16,,élevé,Escaladé,,,REF-777656
50691551-6a1e-4ca7-9a43-f45c4a3cc39d,COM-48153,USR-5173,MauvaiseQualité,"sauce était écrasé, totalement dégoûtant !",9/10/2024 15:16,,élevé,Résolu,9/12/2024 14:16,MOD-17,REF-272637
8fe3a4b7-40f3-486c-994b-db7a2b906635,COM-80373,USR-6078,NourritureEndommagée,"Tout était froid, expérience catastrophique.",4/10/2025 15:16,image_4836.jpg,élevé,Résolu,4/12/2025 14:16,MOD-20,REF-487094
3f13e890-2869-475c-a64b-b1c57f9f1635,COM-62958,USR-2819,ServiceClient,"Service client injoignable, c'est insupportable !",8/29/2024 15:16,image_7127.jpg,élevé,Escaladé,,,REF-475454
e1d32c72-97fa-4dea-889e-f66da99dab64,COM-71675,USR-6942,NourritureEndommagée,"La commande était mal emballé, très déçu.",6/6/2025 15:16,image_8817.jpg,faible,Ouvert,,,REF-899607
20d00e73-3f53-4398-b5e1-48099ae544f2,COM-77633,USR-7496,MauvaiseQualité,"pâtes avait un goût brûlé, expérience horrible.",2/28/2025 15:16,,élevé,Ouvert,,,REF-182565
0071057d-7036-44c3-a070-7e911004dbdb,COM-96805,USR-8774,MauvaiseQualité,"Le goût de sandwich était un peu écrasé, mais acceptable.",1/3/2025 15:16,"image_6409.jpg,image_8979.jpg",moyen,Escaladé,,,REF-937594
ba0427f6-0011-4df3-9d1e-bb4ecb7d78ae,COM-23081,USR-4129,ArticleManquant,"Je n'ai pas reçu pizza, besoin d'un remboursement.",12/12/2024 15:16,,faible,Résolu,12/14/2024 2:16,MOD-6,REF-845697
cea06a35-222f-4a57-9cb4-29df543624bf,COM-89335,USR-9992,NourritureEndommagée,"Tout était mal emballé, expérience catastrophique.",9/30/2024 15:16,image_6153.jpg,élevé,Résolu,10/2/2024 13:16,MOD-19,REF-591839
c9016df0-ab7f-45bc-9f0e-c36c8e37f34a,COM-39897,USR-6266,ServiceClient,"Réponse lente du service client, qualité médiocre.",6/8/2025 15:16,,faible,Escaladé,,,REF-168330
1495ba11-993b-485e-8d2e-106d06a99ec1,COM-60249,USR-6709,MauvaiseQualité,"pâtes était mal emballé, totalement dégoûtant !",7/29/2024 15:16,,élevé,Ouvert,,,REF-130325
322698fa-9547-47bb-a8d1-41a1edf89787,COM-86810,USR-8242,ServiceClient,"Service client injoignable, c'est insupportable !",4/17/2025 15:16,,élevé,Résolu,4/19/2025 12:16,MOD-16,REF-828525
49a60a9b-8a0d-4a3b-90eb-f73d6062f56d,COM-37089,USR-1361,ServiceClient,"Service client correct, mais pourrait être plus rapide.",4/21/2025 15:16,,faible,Escaladé,,,REF-592428
46b6aa05-088f-4385-b9a3-9f036c53d770,COM-44613,USR-4443,MauvaiseQualité,"Qualité médiocre de sushi, très frustrant.",11/12/2024 15:16,image_7035.jpg,élevé,Résolu,11/13/2024 15:16,MOD-13,REF-643126
4389c26d-2227-4fcf-b7ee-04bcfc57e9dc,COM-79644,USR-6890,ArticleManquant,"Manque dessert, service médiocre.",5/29/2025 15:16,,faible,Escaladé,,,REF-314292
b391b530-7e4b-451b-b42e-12c0d5111b94,COM-72497,USR-1277,ArticleManquant,"Petit souci, il manquait pizza dans la commande.",10/5/2024 15:16,,faible,Résolu,10/6/2024 8:16,MOD-19,REF-322526
5d46d10a-0cb3-4c1e-80f7-376b7c374a6c,COM-35974,USR-2184,NourritureEndommagée,"frites livré moisi, c'est scandaleux et dangereux !",8/30/2024 15:16,"image_7211.jpg,image_6004.jpg",élevé,Escaladé,,,REF-265185
0c3ba35c-da6e-4d4e-a9ec-6176cf4b596d,COM-70904,USR-9065,NourritureEndommagée,"sushi est arrivé moisi, besoin d'un remplacement.",6/5/2025 15:16,"image_9434.jpg,image_7388.jpg",élevé,Ouvert,,,REF-245658
b0a59600-0c18-44c7-9ccb-526e18d66209,COM-67519,USR-9691,CommandeErronée,"J'ai commandé boisson, mais j'ai reçu pizza.",7/24/2024 15:16,image_8703.jpg,faible,Ouvert,,,REF-484422
60dff930-297a-477b-ab5c-55a62172ed6e,COM-87486,USR-1990,LivraisonRetard,"La nourriture est arrivée avec 30 minutes de retard, service décevant.",5/23/2025 15:16,,moyen,Ouvert,,,REF-552533
ee3c9ac3-401f-4b8c-ae62-dce4972a1e9e,COM-25103,USR-5444,ArticleManquant,"Manque salade, service médiocre.",6/24/2025 15:16,,faible,Résolu,6/25/2025 5:16,MOD-3,REF-807266
5a5f18cb-47d7-439c-bf1b-ead414ca07e4,COM-17488,USR-7452,NourritureEndommagée,"burger est arrivé sans goût, besoin d'un remplacement.",2/3/2025 15:16,image_9520.jpg,faible,Escaladé,,,REF-495107
1f34fcdc-c495-4e27-a131-394ab2f87901,COM-23469,USR-7069,ProblèmePaiement,"Surfacturation de la commande, service client désastreux.",10/5/2024 15:16,,élevé,Ouvert,,,REF-854831
3261b74e-b6e8-42d2-9bda-efa6a66a0236,COM-51039,USR-8210,ArticleManquant,Pourriez-vous vérifier pourquoi sandwich n'était pas inclus ?,3/25/2025 15:16,image_8369.jpg,faible,Ouvert,,,REF-471397
93975c63-2b21-4d54-801d-063c2379e7ac,COM-72164,USR-6196,LivraisonRetard,"Petit retard de 2 heures, mais la nourriture était correcte.",5/10/2025 15:16,,élevé,Ouvert,,,REF-982130
61b403d5-3423-4f30-8c01-0bc8839b2680,COM-83710,USR-1318,ServiceClient,"Le service client n'a pas résolu mon problème, frustrant.",9/25/2024 15:16,image_2324.jpg,élevé,Résolu,9/27/2024 12:16,MOD-14,REF-495767
b18d962d-0b9f-4292-b250-ebbc50f5966c,COM-53086,USR-9845,NourritureEndommagée,"Tout était sans goût, expérience catastrophique.",10/20/2024 15:16,image_7546.jpg,élevé,Résolu,10/22/2024 8:16,MOD-17,REF-439030
3ab43386-c1b0-45be-9106-7b69273e8f95,COM-66580,USR-2645,ServiceClient,"Mauvaise expérience avec le support, très décevant.",4/11/2025 15:16,,moyen,Escaladé,,,REF-662014
2db1bdac-4e17-49fe-af7e-626e3f4a481e,COM-16121,USR-6108,CommandeErronée,J'ai reçu sushi au lieu de boisson.,1/1/2025 15:16,image_6199.jpg,faible,Ouvert,,,REF-552914
eb0bc1dd-6de2-4e0c-855a-e0e5aff012e9,COM-76870,USR-9264,LivraisonRetard,"Livraison retardée de 2 heures, totalement inacceptable !",11/24/2024 15:16,"image_7918.jpg,image_5520.jpg",élevé,Résolu,11/26/2024 0:16,MOD-9,REF-285917
2f17c525-1e76-4842-b7f8-3786a5ca1b52,COM-31784,USR-9418,NourritureEndommagée,"boisson est arrivé gâté, besoin d'un remplacement.",3/10/2025 15:16,image_5016.jpg,élevé,Escaladé,,,REF-670131
c29c427b-f8d8-4579-ae5e-5593d139e7d0,COM-62333,USR-3220,LivraisonRetard,"La commande a été livrée avec 2 heures de retard, la nourriture était froide.",2/23/2025 15:16,,élevé,Ouvert,,,REF-419301
9f91d8d5-a973-4f12-8732-77522c1e027e,COM-22814,USR-5691,MauvaiseQualité,"Le goût de sandwich était un peu brûlé, mais acceptable.",7/26/2024 15:16,,faible,Résolu,7/27/2024 16:16,MOD-5,REF-639578
215ab11b-6c35-4dba-9585-0c8c2be41c54,COM-98424,USR-3789,CommandeErronée,"Commande incorrecte, mais le goût de pizza était acceptable.",11/4/2024 15:16,"image_1369.jpg,image_5721.jpg",moyen,Résolu,11/5/2024 15:16,MOD-14,REF-112584
d0fad081-3313-43af-8d2b-b103029b0ec5,COM-96304,USR-9239,NourritureEndommagée,"Commande endommagée, dessert était légèrement gâté.",10/3/2024 15:16,,élevé,Escaladé,,,REF-900582
0cb4c934-f266-42a2-8c57-ef43d4a3c981,COM-37359,USR-7157,ServiceClient,"Service client correct, mais pourrait être plus rapide.",2/14/2025 15:16,"image_4096.jpg,image_2756.jpg",moyen,Résolu,2/15/2025 23:16,MOD-9,REF-467536
8315ebfd-2562-4cb5-b0e2-851dab8982f1,COM-56623,USR-3375,LivraisonRetard,"Commande arrivée après 2 heures, vraiment pas satisfait.",4/13/2025 15:16,image_8640.jpg,élevé,Escaladé,,,REF-272592
802bb472-ec84-474a-9cc9-e9efaf487a57,COM-52392,USR-8255,NourritureEndommagée,"salade livré moisi, c'est scandaleux et dangereux !",4/11/2025 15:16,,élevé,Escaladé,,,REF-548307
bea0e86a-6f70-4deb-b352-e13f57e07040,COM-93600,USR-4389,ProblèmePaiement,"Problème de paiement, remboursement requis immédiatement.",12/16/2024 15:16,"image_4269.jpg,image_4458.jpg",élevé,Résolu,12/17/2024 12:16,MOD-8,REF-161007
3d935db0-a72d-4242-b7fe-722060616bfb,COM-47628,USR-9643,NourritureEndommagée,"Tout était trempé, expérience catastrophique.",4/8/2025 15:16,,élevé,Résolu,4/9/2025 15:16,MOD-19,REF-969176
c9724463-4f81-4a6b-ab85-5a4577fee8d7,COM-60478,USR-3360,ServiceClient,"Réponse lente du service client, qualité médiocre.",2/5/2025 15:16,,faible,Escaladé,,,REF-132909
76c8efe1-e88b-435c-a864-220664d81420,COM-15718,USR-8042,ServiceClient,"Petit souci avec le support, mais acceptable.",2/7/2025 15:16,,faible,Escaladé,,,REF-934730
cbcee7d6-13c3-4172-b3ce-550ea310d8b5,COM-52316,USR-2055,LivraisonRetard,"Livraison retardée de 30 minutes, totalement inacceptable !",3/7/2025 15:16,image_6159.jpg,moyen,Résolu,3/8/2025 15:16,MOD-15,REF-675183
8ae89e10-53c7-4359-b467-a197f28aaf41,COM-28531,USR-5707,ServiceClient,"Service client correct, mais pourrait être plus rapide.",2/14/2025 15:16,,faible,Ouvert,,,REF-284806
71ff327d-9ca3-457d-a39b-cf3f52978817,COM-14496,USR-9198,CommandeErronée,"Petite erreur, j'ai reçu pâtes au lieu de sauce.",2/8/2025 15:16,,faible,Ouvert,,,REF-790273
0f7ab1e5-04ae-4ead-9d00-2e61df5b759d,COM-18939,USR-5211,LivraisonRetard,"Retard de 30 minutes, c'est scandaleux et dérangeant !",8/14/2024 15:16,,moyen,Résolu,8/16/2024 8:16,MOD-7,REF-596760
c6a4a6fa-122e-4b4b-8a2b-32c930e07595,COM-65183,USR-9595,ProblèmePaiement,"Petite erreur de facturation, mais gênante.",7/27/2024 15:16,,moyen,Ouvert,,,REF-340101
caf4b52d-4442-44f3-817a-5ea4ece5fa81,COM-92447,USR-4996,MauvaiseQualité,"sandwich avait un goût trempé, expérience horrible.",4/9/2025 15:16,,élevé,Ouvert,,,REF-382571
aae90525-8f56-44c6-97ed-ab27d7cf4527,COM-46087,USR-8280,CommandeErronée,"Petite erreur, j'ai reçu salade au lieu de pâtes.",2/6/2025 15:16,,faible,Escaladé,,,REF-805982
dae3b4f0-c3bd-466c-bfb9-a58d6e4a59f4,COM-29210,USR-3295,ProblèmePaiement,"J'ai été facturé deux fois pour ma commande, c'est inacceptable !",2/27/2025 15:16,"image_3934.jpg,image_1795.jpg",élevé,Escaladé,,,REF-994079
8dfccb8c-e5cc-4324-acfd-0cb26788a386,COM-90544,USR-6558,NourritureEndommagée,"Tout était écrasé, expérience catastrophique.",3/17/2025 15:16,,élevé,Ouvert,,,REF-924551
2c183477-8ea5-4924-9304-d98a1a74efd6,COM-64888,USR-4824,MauvaiseQualité,"Le goût de pâtes était un peu brûlé, mais acceptable.",7/3/2024 15:16,image_8176.jpg,moyen,Escaladé,,,REF-229265
d242b507-beb8-4ea4-b518-52c6969ec691,COM-25000,USR-9483,LivraisonRetard,"Retard de 1 heure, c'est scandaleux et dérangeant !",10/8/2024 15:16,,moyen,Ouvert,,,REF-585065
48074a8c-dea8-4fe6-b641-e37801cc1265,COM-88324,USR-8141,ArticleManquant,"Pas de sauce, c'est inacceptable et frustrant !",8/24/2024 15:16,image_9527.jpg,élevé,Résolu,8/25/2024 6:16,MOD-1,REF-131035
cd723f92-aaff-43d4-a32d-8597ea5095dd,COM-63729,USR-4725,MauvaiseQualité,"salade était mal emballé, totalement dégoûtant !",3/7/2025 15:16,"image_9090.jpg,image_1624.jpg",élevé,Escaladé,,,REF-782947
a6ad4c06-e535-422a-ab77-96221c15070d,COM-47373,USR-4330,LivraisonRetard,"J'ai attendu 2 heures pour ma commande, très frustrant.",2/27/2025 15:16,,élevé,Escaladé,,,REF-421966
64a9c46e-10da-4e03-bc3e-9daf1c256b99,COM-45966,USR-7724,MauvaiseQualité,"frites avait un goût moisi, expérience horrible.",11/19/2024 15:16,image_5634.jpg,élevé,Résolu,11/20/2024 0:16,MOD-8,REF-593977
d641f2dd-86e4-4720-b10d-9febf3436ebe,COM-58225,USR-2411,ProblèmePaiement,"Problème de paiement, remboursement requis immédiatement.",10/12/2024 15:16,,élevé,Résolu,10/13/2024 10:16,MOD-18,REF-323330
94c1808f-6e9f-4ee6-96fd-909282730c22,COM-68251,USR-8974,NourritureEndommagée,"burger était moisi, qualité inacceptable.",9/23/2024 15:16,image_1538.jpg,élevé,Escaladé,,,REF-224137
9819d95e-6d0f-4cee-af59-a05594eba2c5,COM-18481,USR-8720,NourritureEndommagée,"dessert était un peu froid, mais mangeable.",1/10/2025 15:16,"image_2526.jpg,image_4486.jpg",moyen,Escaladé,,,REF-813646
54f6e3d9-1660-4d06-85a4-df290fc4b49f,COM-48905,USR-8016,CommandeErronée,"Mauvais article livré, sandwich à la place de dessert.",5/28/2025 15:16,,faible,Résolu,5/29/2025 1:16,MOD-6,REF-415703
34a8c0ce-a666-4ff8-890f-05f28cb19411,COM-80396,USR-4307,NourritureEndommagée,"La commande était écrasé, très déçu.",5/21/2025 15:16,"image_9459.jpg,image_6269.jpg",faible,Ouvert,,,REF-534928
c3a02313-5d40-4339-b555-b19e3b6b6545,COM-79863,USR-4068,CommandeErronée,"Petite erreur, j'ai reçu dessert au lieu de sauce.",10/9/2024 15:16,,faible,Résolu,10/10/2024 1:16,MOD-2,REF-422077
7125d3ab-5cd8-4bfb-860a-301a4a51aa6e,COM-19567,USR-5385,MauvaiseQualité,"Qualité médiocre de salade, très frustrant.",3/11/2025 15:16,,moyen,Résolu,3/12/2025 15:16,MOD-15,REF-279189
32aef5e4-54a2-4c61-a48d-d8b96dfe78e4,COM-56335,USR-8577,ServiceClient,"Petit souci avec le support, mais acceptable.",10/4/2024 15:16,,faible,Résolu,10/4/2024 23:16,MOD-3,REF-536250
479e2b00-7390-44d0-b9d4-e06eb3614765,COM-56762,USR-5128,NourritureEndommagée,"pizza était un peu sans goût, mais mangeable.",9/30/2024 15:16,,faible,Escaladé,,,REF-114392
466440c8-0310-4082-bacb-f81474a34c36,COM-72177,USR-1310,ServiceClient,"Service client injoignable, c'est insupportable !",1/25/2025 15:16,,élevé,Escaladé,,,REF-399265
7119da5b-4c32-48c5-acef-075f5511836c,COM-53053,USR-9493,CommandeErronée,"Commande erronée livrée, j'ai eu sandwich et non sauce.",8/3/2024 15:16,,faible,Résolu,8/3/2024 20:16,MOD-4,REF-199310
22c55351-081e-4e60-8f20-84b125023adb,COM-81936,USR-7364,ArticleManquant,"Manque sauce, service médiocre.",11/29/2024 15:16,"image_2710.jpg,image_9177.jpg",moyen,Ouvert,,,REF-673006
210e218c-be4c-46e0-bd54-b26dc1491c4a,COM-75179,USR-9294,ProblèmePaiement,"Problème mineur avec le paiement, veuillez vérifier.",1/13/2025 15:16,,moyen,Ouvert,,,REF-378007
1cf6ca7d-f637-4328-8ecf-99216e1a0553,COM-28678,USR-3247,ArticleManquant,"sauce manquant, veuillez résoudre immédiatement.",3/28/2025 15:16,,moyen,Ouvert,,,REF-768771
4199fbad-fcb7-4c36-9903-e83b1c3b326a,COM-54035,USR-2646,NourritureEndommagée,"La commande était écrasé, très déçu.",9/21/2024 15:16,,faible,Ouvert,,,REF-249917
121d70e5-bade-44c5-934c-d147c88cc3d1,COM-62275,USR-5587,NourritureEndommagée,"boisson livré froid, c'est scandaleux et dangereux !",11/13/2024 15:16,image_7748.jpg,élevé,Escaladé,,,REF-125608
c938d65e-08e5-4d7c-b515-63d11f6cc01f,COM-36096,USR-9444,MauvaiseQualité,"sushi était froid, je ne commanderai plus.",4/2/2025 15:16,,faible,Escaladé,,,REF-806390
258f2519-402d-4d51-838d-4d723d30f9c5,COM-22510,USR-3685,ServiceClient,"Service client injoignable, c'est insupportable !",4/15/2025 15:16,,élevé,Escaladé,,,REF-322409
07dbba12-d2b8-4685-ae01-5e53cf49733b,COM-44692,USR-4818,MauvaiseQualité,"Le goût de sandwich était un peu trempé, mais acceptable.",12/12/2024 15:16,image_5604.jpg,moyen,Escaladé,,,REF-230307
9ed51dee-495a-4ec6-9fbf-639afd27fbb7,COM-60033,USR-1145,CommandeErronée,"Commande erronée livrée, j'ai eu pâtes et non boisson.",12/17/2024 15:16,image_2940.jpg,faible,Ouvert,,,REF-684383
ad2564b3-64bf-4508-aeb9-fa1f3189b5f6,COM-53579,USR-4144,ProblèmePaiement,"Problème de paiement, remboursement requis immédiatement.",8/25/2024 15:16,image_9401.jpg,élevé,Résolu,8/27/2024 12:16,MOD-16,REF-900404
de83a123-3469-43b3-b88f-32595d42c066,COM-12999,USR-7354,ServiceClient,"Réponse lente du service client, qualité médiocre.",8/28/2024 15:16,image_1203.jpg,moyen,Ouvert,,,REF-789745
14bf22bd-01c5-46c7-8d66-206b4a5134b4,COM-50158,USR-3979,ArticleManquant,"Petit souci, il manquait sauce dans la commande.",11/3/2024 15:16,image_1328.jpg,faible,Escaladé,,,REF-518311
f00f38ce-132d-4902-b56d-5ecdb2608ba8,COM-68248,USR-2858,NourritureEndommagée,"La commande était froid, très déçu.",12/25/2024 15:16,,faible,Résolu,12/26/2024 9:16,MOD-3,REF-369613
006cd7a3-013a-4ea9-ba66-eb585d0accc6,COM-66226,USR-2588,ArticleManquant,"Il manque dessert dans ma commande, très décevant.",8/8/2024 15:16,image_7975.jpg,élevé,Ouvert,,,REF-848281
62b45528-3ecb-4d7a-a3b9-42e15c4a242c,COM-11497,USR-3061,ServiceClient,"Service client correct, mais pourrait être plus rapide.",7/10/2024 15:16,image_4641.jpg,moyen,Résolu,7/12/2024 12:16,MOD-3,REF-825249
09da940c-056f-4cb4-90d2-b2eb5fd5447e,COM-49225,USR-6836,LivraisonRetard,"La commande a été livrée avec 3 heures de retard, la nourriture était froide.",8/14/2024 15:16,,élevé,Résolu,8/16/2024 13:16,MOD-7,REF-192155
fe5dcb2c-6d8c-4a49-b363-9e0ff6f03189,COM-92416,USR-2199,ArticleManquant,"Il manque pâtes dans ma commande, très décevant.",3/9/2025 15:16,,moyen,Ouvert,,,REF-953694
09d1c390-d2f8-4db1-9c6d-e04d95ac846e,COM-62882,USR-7956,NourritureEndommagée,"pâtes était un peu trempé, mais mangeable.",7/22/2024 15:16,,faible,Ouvert,,,REF-406371
d0e67d75-b776-4ec8-8b3e-2484ddab2749,COM-90149,USR-4817,ProblèmePaiement,"J'ai été facturé deux fois pour ma commande, c'est inacceptable !",7/14/2024 15:16,image_9616.jpg,élevé,Escaladé,,,REF-980996
a0464cf2-5d12-4cbe-975b-ad0e965ebdfd,COM-60148,USR-7336,NourritureEndommagée,"La commande était écrasé, très déçu.",7/30/2024 15:16,,faible,Ouvert,,,REF-167265
b1862410-2d9a-4c67-8e4e-4c00145f39ea,COM-47082,USR-9581,LivraisonRetard,"Livraison en retard de 1 heure, c'est gênant mais acceptable.",7/15/2024 15:16,,moyen,Résolu,7/16/2024 16:16,MOD-12,REF-647274
7ae9301f-8d5b-41ec-b1fe-efe3aed5f628,COM-87403,USR-3815,ArticleManquant,"Manque frites, service médiocre.",5/12/2025 15:16,,faible,Escaladé,,,REF-647435
73288d03-c874-4321-82bc-b0f9749704fb,COM-88796,USR-4499,ArticleManquant,"Petit souci, il manquait pâtes dans la commande.",10/24/2024 15:16,,faible,Ouvert,,,REF-349554
aff107bb-c72c-4470-a0a5-802115269d6c,COM-18113,USR-1481,NourritureEndommagée,"La nourriture était brûlé, totalement immangeable.",8/22/2024 15:16,,élevé,Escaladé,,,REF-243924
1d6100bf-2828-4ffe-9b13-8938691a4aa1,COM-44697,USR-8619,ProblèmePaiement,"Petite erreur de facturation, mais gênante.",11/6/2024 15:16,,moyen,Escaladé,,,REF-503549
f4c241b4-66e1-471c-b44a-f3c731ce60d4,COM-85222,USR-1042,CommandeErronée,"Erreur sur ma commande : pâtes au lieu de sauce, très agaçant.",11/17/2024 15:16,,moyen,Escaladé,,,REF-739087
0e049271-2bd5-4b58-a753-5eebea1d23cd,COM-25482,USR-1646,ArticleManquant,"pizza manquant, veuillez résoudre immédiatement.",2/10/2025 15:16,,moyen,Résolu,2/12/2025 1:16,MOD-10,REF-305437
b6f36a97-5c93-4714-a33e-8bd106b4ccfe,COM-31025,USR-9631,CommandeErronée,"Commande incorrecte, mais le goût de frites était acceptable.",8/27/2024 15:16,,faible,Ouvert,,,REF-417718
40369593-9161-4e35-ab99-8c3a57373961,COM-57084,USR-3311,LivraisonRetard,"La nourriture est arrivée avec 30 minutes de retard, service décevant.",7/18/2024 15:16,,moyen,Escaladé,,,REF-909414
67a7a789-8336-4d6d-8dc1-7324f09eb15c,COM-92877,USR-3040,ServiceClient,"Mauvaise expérience avec le support, très décevant.",3/23/2025 15:16,,moyen,Escaladé,,,REF-168276
63c7a49f-b2ea-4ff5-9fa6-b0cfb16947d7,COM-19486,USR-8627,LivraisonRetard,"Livraison retardée de 30 minutes, totalement inacceptable !",10/28/2024 15:16,image_4695.jpg,moyen,Ouvert,,,REF-451894
47c6cc1e-5035-480e-812e-c766fec87b16,COM-35398,USR-9696,LivraisonRetard,"Commande arrivée après 3 heures, vraiment pas satisfait.",11/3/2024 15:16,,élevé,Résolu,11/5/2024 8:16,MOD-15,REF-299143
c292ca0d-274c-4f6c-9361-820626a2569d,COM-15801,USR-4844,ProblèmePaiement,"Problème mineur avec le paiement, veuillez vérifier.",8/23/2024 15:16,image_7377.jpg,élevé,Escaladé,,,REF-244935
dd80f7cb-2f5e-4e0b-ae5a-38fa07c8f1f7,COM-27120,USR-3475,NourritureEndommagée,"La nourriture était trempé, totalement immangeable.",9/26/2024 15:16,,élevé,Escaladé,,,REF-507886
d31f45ea-b552-49dd-850f-82838f8dd397,COM-51110,USR-4760,LivraisonRetard,"Commande arrivée après 30 minutes, vraiment pas satisfait.",1/16/2025 15:16,,moyen,Résolu,1/18/2025 9:16,MOD-14,REF-561014
6b5d7ae6-058e-429b-ab2d-99ed388783d9,COM-71932,USR-4325,CommandeErronée,"Petite erreur, j'ai reçu frites au lieu de pâtes.",9/18/2024 15:16,,faible,Escaladé,,,REF-137414
9eb5cbf6-8ce1-419f-90a6-3e623c756c1a,COM-79007,USR-6907,LivraisonRetard,"Commande arrivée après 90 minutes, vraiment pas satisfait.",6/6/2025 15:16,,moyen,Escaladé,,,REF-629502
4fef975a-b148-4a90-9f72-6c60b9c6caa4,COM-66015,USR-6564,ServiceClient,"Le service client n'a pas résolu mon problème, frustrant.",2/13/2025 15:16,,moyen,Résolu,2/15/2025 6:16,MOD-3,REF-369766
2b74bdb6-e90b-4417-8344-fcaeebdb6518,COM-44323,USR-9222,ArticleManquant,"Commande incomplète, sushi non livré.",8/16/2024 15:16,,faible,Escaladé,,,REF-848045
097e3264-2680-454a-a42b-7962d85db880,COM-37624,USR-6490,LivraisonRetard,"La commande a été livrée avec 1 heure de retard, la nourriture était froide.",4/4/2025 15:16,,moyen,Escaladé,,,REF-483110
dd3dc8cf-9bee-49ff-9769-551c8861cff4,COM-14866,USR-6249,LivraisonRetard,"Livraison retardée de 30 minutes, totalement inacceptable !",1/11/2025 15:16,image_1825.jpg,moyen,Résolu,1/13/2025 11:16,MOD-20,REF-882758
0e541235-fbb2-4206-b0da-79cb659e961e,COM-71883,USR-2496,CommandeErronée,"Commande incorrecte, mais le goût de sandwich était acceptable.",4/5/2025 15:16,,faible,Escaladé,,,REF-488222
a6cf36e8-c5e2-4c62-b151-e214a4d79fe4,COM-83048,USR-5111,CommandeErronée,"Commande erronée livrée, j'ai eu sushi et non burger.",2/11/2025 15:16,,faible,Escaladé,,,REF-793444
5860f772-255a-4099-93af-8475c5c6eee5,COM-43147,USR-7389,CommandeErronée,"Commande incorrecte, mais le goût de sandwich était acceptable.",5/8/2025 15:16,image_3370.jpg,moyen,Ouvert,,,REF-973485
235ecd4b-cd54-4251-a8d9-002cd0a70935,COM-16394,USR-5240,ArticleManquant,"Je n'ai pas reçu pizza, besoin d'un remboursement.",5/21/2025 15:16,image_3698.jpg,faible,Ouvert,,,REF-135089
d53f8852-28e9-45cc-a3e7-2b9fcba8f866,COM-48305,USR-3479,ArticleManquant,Pourriez-vous vérifier pourquoi pizza n'était pas inclus ?,5/12/2025 15:16,image_4173.jpg,faible,Ouvert,,,REF-110024
b837406d-5e2b-4bf3-8594-fe0e1fb9b4fa,COM-44205,USR-6983,LivraisonRetard,"La commande a été livrée avec 90 minutes de retard, la nourriture était froide.",2/14/2025 15:16,,moyen,Escaladé,,,REF-229736
927a856d-2a9f-4d69-b8b2-9afdb7bdb006,COM-14223,USR-3708,ServiceClient,"Le service client n'a pas résolu mon problème, frustrant.",1/21/2025 15:16,image_7740.jpg,élevé,Escaladé,,,REF-159483
ff7fbab3-324a-4496-b113-cbc0f854de5a,COM-36646,USR-6125,ServiceClient,"Le service client n'a pas résolu mon problème, frustrant.",9/23/2024 15:16,image_6880.jpg,élevé,Résolu,9/24/2024 18:16,MOD-8,REF-500275
216dfffe-6aeb-46fe-a8e1-82b74806d73d,COM-65749,USR-2979,ArticleManquant,Pourriez-vous vérifier pourquoi dessert n'était pas inclus ?,8/11/2024 15:16,,faible,Résolu,8/13/2024 5:16,MOD-14,REF-880368
4b0a3fb9-ef0a-4f1e-ae72-2f17f56e3c2a,COM-66708,USR-9074,LivraisonRetard,"Livraison en retard de 1 heure, c'est gênant mais acceptable.",2/1/2025 15:16,,moyen,Résolu,2/2/2025 0:16,MOD-20,REF-882424
0dd64efd-7732-4027-90ee-ff7b155e1375,COM-95942,USR-8810,ProblèmePaiement,"Petite erreur de facturation, mais gênante.",10/24/2024 15:16,image_8393.jpg,élevé,Résolu,10/26/2024 9:16,MOD-20,REF-590873
aafab315-4a62-4769-a2f2-b7b9c9374417,COM-40144,USR-9880,LivraisonRetard,"Petit retard de 1 heure, mais la nourriture était correcte.",3/29/2025 15:16,,moyen,Résolu,3/29/2025 21:16,MOD-8,REF-781820
defa3dcb-d281-49c1-a3b4-61f70eb8e624,COM-55166,USR-1226,ArticleManquant,Pourriez-vous vérifier pourquoi sauce n'était pas inclus ?,4/11/2025 15:16,image_6695.jpg,faible,Ouvert,,,REF-307665
6f7d400e-8fee-4cfe-8dc1-494cf8c25dad,COM-76651,USR-8614,ProblèmePaiement,"J'ai été facturé deux fois pour ma commande, c'est inacceptable !",7/25/2024 15:16,,élevé,Ouvert,,,REF-972812
73df35e3-2611-43a7-9b66-5736f742cba3,COM-28818,USR-2157,ProblèmePaiement,"Problème mineur avec le paiement, veuillez vérifier.",7/31/2024 15:16,,moyen,Résolu,8/1/2024 14:16,MOD-16,REF-869924
9e15e176-bc10-44ab-a845-4ec42f3d48da,COM-21441,USR-1510,CommandeErronée,"Mauvais article livré, pâtes à la place de sushi.",4/9/2025 15:16,image_2801.jpg,moyen,Résolu,4/10/2025 13:16,MOD-14,REF-711760
e2240644-4f36-42a5-8c36-bf91a49bf499,COM-63785,USR-6421,ArticleManquant,"Petit souci, il manquait dessert dans la commande.",2/9/2025 15:16,,faible,Résolu,2/11/2025 4:16,MOD-17,REF-771923
584c31db-9efc-427e-bd49-55d1e5473232,COM-45200,USR-6944,ArticleManquant,"Manque salade, service médiocre.",2/3/2025 15:16,,faible,Ouvert,,,REF-969480
871059dc-49b5-435b-beba-e4ad32ad8c74,COM-93603,USR-3504,ProblèmePaiement,"Erreur de facturation pour pizza, très frustrant.",7/27/2024 15:16,image_6151.jpg,élevé,Résolu,7/28/2024 12:16,MOD-15,REF-365963
2563fe71-a8b0-41c4-8b0c-a51c88a25567,COM-57160,USR-9911,ServiceClient,"Réponse lente du service client, qualité médiocre.",9/11/2024 15:16,,faible,Escaladé,,,REF-530336
f4b75c46-cff6-4c64-a20e-d934e85a060d,COM-75909,USR-6744,CommandeErronée,"J'ai commandé boisson, mais j'ai reçu dessert.",11/28/2024 15:16,,faible,Résolu,11/30/2024 6:16,MOD-14,REF-592419
bff0d7db-cd12-4f58-8cf2-927f5343a6c0,COM-71435,USR-5978,NourritureEndommagée,"sushi était un peu écrasé, mais mangeable.",10/1/2024 15:16,image_7780.jpg,moyen,Escaladé,,,REF-654221
55596818-9f51-4660-aa10-63588f8fc282,COM-14369,USR-3592,CommandeErronée,"Commande erronée livrée, j'ai eu dessert et non pâtes.",6/28/2025 15:16,,faible,Escaladé,,,REF-618462
d78c0203-853b-43ad-87b2-1cc1cf25b2df,COM-77149,USR-5897,ServiceClient,"Service client correct, mais pourrait être plus rapide.",10/24/2024 15:16,,faible,Ouvert,,,REF-451513
d57d5fa9-5bda-4501-b503-bd332cd99399,COM-93619,USR-2803,ArticleManquant,"Manque salade, service médiocre.",12/14/2024 15:16,"image_4947.jpg,image_2783.jpg",moyen,Ouvert,,,REF-600633
99c97377-e30c-4daa-bb24-ed1501f80f86,COM-27192,USR-4022,MauvaiseQualité,"La nourriture était mal emballé, pas à la hauteur.",12/10/2024 15:16,,faible,Résolu,12/11/2024 4:16,MOD-16,REF-922388
f1272dfc-59ef-4634-aa8b-52c90bce5b47,COM-47821,USR-4379,ServiceClient,"Le service client n'a pas résolu mon problème, frustrant.",12/9/2024 15:16,"image_4111.jpg,image_3014.jpg",élevé,Résolu,12/10/2024 23:16,MOD-14,REF-891383
a56945e8-b589-47c1-82e3-a60edcb69cd7,COM-66756,USR-3993,LivraisonRetard,"Livraison en retard de 30 minutes, c'est gênant mais acceptable.",5/4/2025 15:16,,moyen,Résolu,5/5/2025 7:16,MOD-20,REF-732576
672a6c1a-7761-4e63-8be1-f031d626787f,COM-16957,USR-4958,MauvaiseQualité,"sushi n'était pas terrible, qualité moyenne.",4/5/2025 15:16,image_1235.jpg,moyen,Ouvert,,,REF-816255
90be6dc9-51a3-40a6-8297-eceac77d554d,COM-51662,USR-4508,ProblèmePaiement,"Surfacturation de la commande, service client désastreux.",2/1/2025 15:16,image_4208.jpg,élevé,Escaladé,,,REF-226566
58bbd954-a816-4e01-9f0b-31c361dd5071,COM-59994,USR-6865,CommandeErronée,"J'ai commandé boisson, mais j'ai reçu sauce.",3/10/2025 15:16,image_2142.jpg,faible,Résolu,3/12/2025 10:16,MOD-15,REF-856438
bb797c1a-166d-49ea-8e5c-79b79f9adf24,COM-51159,USR-2612,MauvaiseQualité,"Qualité médiocre de frites, très frustrant.",10/15/2024 15:16,,moyen,Escaladé,,,REF-330591
bf8ffcd1-02ca-42e6-a9a0-a8b51e76d334,COM-80515,USR-6509,CommandeErronée,"Commande incorrecte, mais le goût de salade était acceptable.",12/4/2024 15:16,,faible,Escaladé,,,REF-284405
e721d595-647c-42b6-853f-23f4ed9b8cae,COM-49001,USR-8843,CommandeErronée,J'ai reçu frites au lieu de boisson.,5/31/2025 15:16,,faible,Résolu,6/2/2025 6:16,MOD-4,REF-763327
79f5bfef-ab6f-4ccd-9547-a43eef480037,COM-70199,USR-4075,LivraisonRetard,"Livraison en retard de 2 heures, c'est gênant mais acceptable.",6/30/2025 15:16,,élevé,Ouvert,,,REF-201513
76f194c6-11a5-43e2-9d98-58776bc3ea55,COM-84998,USR-1057,LivraisonRetard,"Retard de 2 heures, c'est scandaleux et dérangeant !",8/2/2024 15:16,image_7849.jpg,élevé,Escaladé,,,REF-616361
c5736403-add3-4c79-a61f-27d51cd177fa,COM-42519,USR-6794,LivraisonRetard,"Commande arrivée après 2 heures, vraiment pas satisfait.",8/20/2024 15:16,,élevé,Résolu,8/21/2024 8:16,MOD-16,REF-698347
bdcfd1a6-eaec-46d1-9354-568d67122e30,COM-23673,USR-7451,NourritureEndommagée,"Commande endommagée, sauce était légèrement brûlé.",4/19/2025 15:16,,faible,Résolu,4/20/2025 18:16,MOD-18,REF-464731
7183b438-3be6-4d68-b54f-d94e7768a9e1,COM-17289,USR-1271,NourritureEndommagée,"sushi est arrivé mal emballé, besoin d'un remplacement.",8/30/2024 15:16,image_1736.jpg,faible,Résolu,9/1/2024 15:16,MOD-10,REF-240966
1dcd1855-e02c-4ee5-8a64-4c21ec83058c,COM-76918,USR-7196,MauvaiseQualité,"Le goût de frites était un peu mal emballé, mais acceptable.",3/4/2025 15:16,image_7047.jpg,moyen,Escaladé,,,REF-739672
2cb25dac-2703-4af4-b567-2cab1209380a,COM-47422,USR-6024,ServiceClient,"Service client correct, mais pourrait être plus rapide.",6/5/2025 15:16,,faible,Ouvert,,,REF-578743
dc936131-b9bd-429e-a8aa-4c27fc2c1fbb,COM-39278,USR-3717,LivraisonRetard,"Commande arrivée après 3 heures, vraiment pas satisfait.",11/23/2024 15:16,,élevé,Résolu,11/23/2024 17:16,MOD-15,REF-475322
cf0d6991-b63b-4832-9b7a-4f2adc8683ce,COM-41693,USR-8259,MauvaiseQualité,"La nourriture était sans goût, pas à la hauteur.",5/22/2025 15:16,image_1042.jpg,faible,Résolu,5/23/2025 15:16,MOD-8,REF-892147
d9c96767-65fe-47b6-b69f-09d5675b1408,COM-95359,USR-4599,CommandeErronée,"Commande incorrecte, mais le goût de sushi était acceptable.",2/22/2025 15:16,,faible,Ouvert,,,REF-254710
8effcafa-c38f-4b77-99c3-6a809c558edc,COM-96312,USR-1218,CommandeErronée,"Livré boisson, mais je voulais frites, c'est inacceptable.",6/28/2025 15:16,,faible,Ouvert,,,REF-579922
1d208bc8-5ab5-457b-a2c6-7cd76e60e369,COM-27857,USR-9725,ProblèmePaiement,"J'ai été facturé deux fois pour ma commande, c'est inacceptable !",10/17/2024 15:16,image_6316.jpg,élevé,Escaladé,,,REF-770397
6dbfc982-0427-4c38-b1f0-4dfae357d9bf,COM-66237,USR-7980,ProblèmePaiement,"Problème mineur avec le paiement, veuillez vérifier.",1/6/2025 15:16,image_4343.jpg,élevé,Résolu,1/7/2025 21:16,MOD-19,REF-704042
39f398af-b9d8-4b02-a9a2-4a78a0b0e579,COM-92571,USR-3381,CommandeErronée,"Commande erronée livrée, j'ai eu salade et non salade.",5/19/2025 15:16,,faible,Escaladé,,,REF-837012
226a3769-b328-4074-b172-f7b84eeaf04c,COM-53953,USR-2783,ServiceClient,"Réponse lente du service client, qualité médiocre.",5/5/2025 15:16,"image_3559.jpg,image_5736.jpg",moyen,Ouvert,,,REF-893506
15f8ee54-37ea-4e1a-86c5-41ffe73360ff,COM-67730,USR-2803,ArticleManquant,"Pas de frites, c'est inacceptable et frustrant !",12/10/2024 15:16,image_2718.jpg,élevé,Ouvert,,,REF-196644
5996df9b-24df-41a5-ba49-4e6cc6e14be0,COM-98488,USR-7198,CommandeErronée,J'ai reçu pizza au lieu de sushi.,8/14/2024 15:16,,faible,Résolu,8/16/2024 14:16,MOD-1,REF-846147
006cc8ce-9e54-4190-ae4b-d83a9631a053,COM-41890,USR-3511,ProblèmePaiement,"Problème mineur avec le paiement, veuillez vérifier.",11/2/2024 15:16,,moyen,Ouvert,,,REF-968125
9f218d56-8890-454e-a799-6cabefa5c6f9,COM-16037,USR-5876,LivraisonRetard,"Commande arrivée après 1 heure, vraiment pas satisfait.",10/6/2024 15:16,,moyen,Ouvert,,,REF-344548
fa28e39f-a8f2-4cc5-83ef-c8947292c5c8,COM-52717,USR-3830,NourritureEndommagée,"La commande était moisi, très déçu.",12/17/2024 15:16,,élevé,Escaladé,,,REF-833865
2d069995-3019-44a7-b433-59a98c2f16a7,COM-83808,USR-8693,ProblèmePaiement,"Petite erreur de facturation, mais gênante.",8/16/2024 15:16,,élevé,Escaladé,,,REF-243594
173c66f6-bf16-493b-b5aa-c1fa12e72391,COM-77589,USR-5242,ArticleManquant,Pourriez-vous vérifier pourquoi sauce n'était pas inclus ?,5/10/2025 15:16,,faible,Ouvert,,,REF-523789
83594343-280b-4055-b97d-8c61900a9aed,COM-10303,USR-1618,LivraisonRetard,"Commande arrivée après 1 heure, vraiment pas satisfait.",7/20/2024 15:16,"image_6871.jpg,image_3800.jpg",élevé,Ouvert,,,REF-264932
6cc5a3bc-f56e-4ade-92ae-6b60e1d1cfcd,COM-39904,USR-3098,MauvaiseQualité,"pâtes était brûlé, totalement dégoûtant !",11/13/2024 15:16,,élevé,Ouvert,,,REF-721904
a7921af3-3339-4833-8978-0ab458168ef8,COM-89231,USR-4686,ServiceClient,"Petit souci avec le support, mais acceptable.",1/9/2025 15:16,,faible,Ouvert,,,REF-622091
436d11ef-bbfe-46ef-8a8a-b24def3f1dea,COM-59558,USR-6984,NourritureEndommagée,"pizza était un peu gâté, mais mangeable.",12/16/2024 15:16,image_7647.jpg,élevé,Ouvert,,,REF-298202
aad3e68a-a4b0-4167-86b8-7fe19b74f77d,COM-23246,USR-4284,ProblèmePaiement,"Petite erreur de facturation, mais gênante.",2/28/2025 15:16,image_4658.jpg,élevé,Escaladé,,,REF-720485
6c07f038-22f3-4243-975d-0cd6d5b0bf89,COM-81045,USR-7934,NourritureEndommagée,"pizza livré écrasé, c'est scandaleux et dangereux !",8/17/2024 15:16,,élevé,Ouvert,,,REF-579993
580e0847-4829-42c5-aeb1-bc2a09ff08de,COM-69712,USR-8245,ArticleManquant,"Pas de boisson, c'est inacceptable et frustrant !",2/1/2025 15:16,,moyen,Escaladé,,,REF-106329
db7461bd-4523-4d03-beb3-8d2b92bf7e5d,COM-21875,USR-5620,CommandeErronée,"Mauvais article livré, boisson à la place de burger.",8/3/2024 15:16,,faible,Escaladé,,,REF-283123
59afea96-6cfc-4a7f-b6f8-0a1e10524947,COM-79623,USR-1657,ProblèmePaiement,"Petite erreur de facturation, mais gênante.",12/15/2024 15:16,,moyen,Résolu,12/16/2024 6:16,MOD-12,REF-609433
70bff895-cbc4-401c-8ae2-d836e9af3212,COM-22856,USR-1924,ServiceClient,"Petit souci avec le support, mais acceptable.",10/17/2024 15:16,image_3754.jpg,moyen,Ouvert,,,REF-347914
327c7d4b-3acc-4b02-ac1e-5fe326474a3d,COM-75623,USR-2342,MauvaiseQualité,"Le goût de sandwich était un peu brûlé, mais acceptable.",9/10/2024 15:16,image_7225.jpg,moyen,Escaladé,,,REF-362592
f055e230-9b8a-45d4-84da-383541287478,COM-22231,USR-4153,CommandeErronée,"Mauvais article livré, pizza à la place de dessert.",9/6/2024 15:16,,faible,Résolu,9/6/2024 18:16,MOD-7,REF-975938
544a8dcb-51ae-4d2f-b196-15d075904712,COM-62974,USR-8093,ArticleManquant,"Il manque salade dans ma commande, très décevant.",8/7/2024 15:16,,élevé,Escaladé,,,REF-959452
33b3adef-5c13-42bd-9d9d-90c129b2cde6,COM-63720,USR-1039,CommandeErronée,J'ai reçu sauce au lieu de frites.,7/18/2024 15:16,"image_6310.jpg,image_2113.jpg",faible,Résolu,7/18/2024 22:16,MOD-11,REF-112542
5d39c406-3e49-4201-bcb4-d341da698564,COM-67456,USR-7237,ServiceClient,"Réponse lente du service client, qualité médiocre.",11/28/2024 15:16,,faible,Ouvert,,,REF-146249
03ee40d6-494e-47b0-9e9b-045e451bb8a3,COM-59258,USR-3253,ServiceClient,"Service client correct, mais pourrait être plus rapide.",5/18/2025 15:16,,faible,Escaladé,,,REF-958428
936ceeed-490d-4803-a07f-ea619bc3c97b,COM-99386,USR-6481,LivraisonRetard,"Livraison retardée de 30 minutes, totalement inacceptable !",5/5/2025 15:16,,faible,Escaladé,,,REF-343852
d83807b9-e8ff-4f98-9e32-1cea83c14fd0,COM-25060,USR-1417,ServiceClient,"Service client injoignable, c'est insupportable !",7/8/2024 15:16,image_1074.jpg,élevé,Escaladé,,,REF-320317
3bb7890a-0960-46fd-83fc-c063fc55cfb3,COM-27142,USR-6640,NourritureEndommagée,"pizza est arrivé moisi, besoin d'un remplacement.",1/24/2025 15:16,,élevé,Résolu,1/25/2025 8:16,MOD-7,REF-180380
f05e3bdd-f149-480e-af72-f69bf9ba784b,COM-12944,USR-6667,NourritureEndommagée,"burger était brûlé, qualité inacceptable.",4/23/2025 15:16,image_2027.jpg,élevé,Résolu,4/24/2025 10:16,MOD-3,REF-658199
6d990555-846b-4355-8897-54bc8a7245a6,COM-61801,USR-5982,NourritureEndommagée,"La commande était brûlé, très déçu.",6/28/2025 15:16,,faible,Résolu,6/30/2025 12:16,MOD-6,REF-774282
76c86d97-f7fc-4a78-84ce-6d45691c4ee2,COM-76771,USR-7049,ArticleManquant,"Commande incomplète, frites non livré.",10/6/2024 15:16,,faible,Ouvert,,,REF-990368
1d95d357-0b2d-43fd-ab04-8297ee970438,COM-90895,USR-1361,ArticleManquant,Pourriez-vous vérifier pourquoi sushi n'était pas inclus ?,1/18/2025 15:16,image_5716.jpg,faible,Résolu,1/20/2025 11:16,MOD-19,REF-492690
3e530d95-a272-4fab-a498-6f7910faebd2,COM-39720,USR-9644,LivraisonRetard,"J'ai attendu 30 minutes pour ma commande, très frustrant.",5/30/2025 15:16,,moyen,Ouvert,,,REF-911369
47c16d5e-f4a5-451d-ae70-63b3c7942263,COM-81382,USR-1441,CommandeErronée,"J'ai commandé sushi, mais j'ai reçu pizza.",6/18/2025 15:16,,faible,Résolu,6/20/2025 8:16,MOD-17,REF-658226
980fd1e1-9488-472c-b831-2d0c499ac164,COM-65250,USR-1373,NourritureEndommagée,"La commande était brûlé, très déçu.",3/17/2025 15:16,"image_8377.jpg,image_1492.jpg",faible,Escaladé,,,REF-653578
bc3d08cd-6363-480b-a07e-bd7bcd3c4175,COM-61339,USR-1352,NourritureEndommagée,"sandwich livré gâté, c'est scandaleux et dangereux !",11/7/2024 15:16,image_9273.jpg,élevé,Escaladé,,,REF-159702
83aa5962-611e-4c28-a57a-2dc856fac73e,COM-20071,USR-8212,ArticleManquant,"Manque pâtes, service médiocre.",10/30/2024 15:16,"image_6937.jpg,image_3276.jpg",moyen,Ouvert,,,REF-697071
1d8c3f6c-8edc-4403-89b6-a553f65dfe97,COM-56333,USR-7738,LivraisonRetard,"Livraison en retard de 90 minutes, c'est gênant mais acceptable.",12/23/2024 15:16,,moyen,Résolu,12/24/2024 1:16,MOD-6,REF-611767
f6666f9a-6f8e-480a-b416-04387a8f7d56,COM-57740,USR-4976,CommandeErronée,J'ai reçu boisson au lieu de burger.,12/14/2024 15:16,image_5594.jpg,faible,Résolu,12/15/2024 14:16,MOD-14,REF-603061
24ca7549-274f-4f60-bb0c-92612e2a2334,COM-62223,USR-9839,ServiceClient,"Le service client n'a pas résolu mon problème, frustrant.",12/1/2024 15:16,,moyen,Escaladé,,,REF-800666
0484fe93-93d3-4aa7-a7b0-5ade477997da,COM-92871,USR-2204,LivraisonRetard,"Commande arrivée après 1 heure, vraiment pas satisfait.",1/16/2025 15:16,,moyen,Ouvert,,,REF-227502
0a67e8c1-5bcc-4da5-a05c-99768bbd53ae,COM-69364,USR-4037,LivraisonRetard,"Livraison retardée de 90 minutes, totalement inacceptable !",12/28/2024 15:16,,moyen,Ouvert,,,REF-476825
375bdc07-b0bb-45e5-9206-c2f82b7dea54,COM-92679,USR-8532,NourritureEndommagée,"La nourriture était moisi, totalement immangeable.",12/14/2024 15:16,image_1285.jpg,élevé,Ouvert,,,REF-999912
17914774-8b81-4032-8b7d-a82a0e1ba985,COM-75657,USR-9478,CommandeErronée,"Commande incorrecte, mais le goût de sushi était acceptable.",8/6/2024 15:16,,faible,Escaladé,,,REF-301069
ecec64ac-448a-4c6f-8c05-e5bc27e10441,COM-46816,USR-2483,ServiceClient,"Réponse lente du service client, qualité médiocre.",9/10/2024 15:16,,faible,Ouvert,,,REF-573336
52a59926-8b4f-4e07-8e49-95a27ecc92b3,COM-55416,USR-2347,ProblèmePaiement,"Problème mineur avec le paiement, veuillez vérifier.",6/20/2025 15:16,,moyen,Ouvert,,,REF-697848
9a18fd8d-6dd7-46a9-a185-c9ef31e40952,COM-65540,USR-5130,NourritureEndommagée,"Commande endommagée, frites était légèrement mal emballé.",8/9/2024 15:16,image_9623.jpg,faible,Escaladé,,,REF-278733
794cb4e1-ebf8-40ec-a173-3d0f086198e0,COM-11268,USR-8865,ProblèmePaiement,"Problème de paiement, remboursement requis immédiatement.",10/24/2024 15:16,"image_1338.jpg,image_8331.jpg",élevé,Escaladé,,,REF-762624
22b43c97-dbb3-49ba-b89a-32ca37189ed8,COM-11337,USR-4943,ServiceClient,"Réponse lente du service client, qualité médiocre.",10/27/2024 15:16,image_5928.jpg,moyen,Escaladé,,,REF-119377
198c3c8b-0012-4d49-bc28-d822ddeb51c3,COM-53352,USR-2467,ProblèmePaiement,"Surfacturation de la commande, service client désastreux.",6/17/2025 15:16,,élevé,Ouvert,,,REF-162980
0ae78df6-345d-4a6d-836d-47857931b85f,COM-40199,USR-5899,LivraisonRetard,"Livraison retardée de 1 heure, totalement inacceptable !",12/10/2024 15:16,,moyen,Ouvert,,,REF-772108
54baed8f-e397-4c75-8e47-9ff4a41bbf09,COM-11528,USR-4442,NourritureEndommagée,"burger était un peu écrasé, mais mangeable.",10/1/2024 15:16,,faible,Ouvert,,,REF-735175
39748dde-76e7-495c-8d84-de99475195c6,COM-85337,USR-2457,NourritureEndommagée,"Tout était froid, expérience catastrophique.",10/17/2024 15:16,,élevé,Ouvert,,,REF-992564
d1b37368-28a1-4c32-8e08-edfa29e25422,COM-31710,USR-4254,LivraisonRetard,"La nourriture est arrivée avec 90 minutes de retard, service décevant.",12/21/2024 15:16,,moyen,Escaladé,,,REF-746678
be607e8c-6ce2-4ec0-b2dc-552edb662a68,COM-74415,USR-2590,LivraisonRetard,"Retard de 1 heure, c'est scandaleux et dérangeant !",7/24/2024 15:16,,moyen,Résolu,7/25/2024 1:16,MOD-6,REF-240358
34d8c45e-26a9-47dd-aab3-d698ca1743f3,COM-58122,USR-2139,LivraisonRetard,"La nourriture est arrivée avec 90 minutes de retard, service décevant.",10/20/2024 15:16,,moyen,Résolu,10/22/2024 9:16,MOD-1,REF-113098
7c5a5c4c-b122-485d-bf93-38b3b1bfe7a9,COM-72877,USR-5590,MauvaiseQualité,"pâtes avait un goût brûlé, expérience horrible.",4/20/2025 15:16,,élevé,Escaladé,,,REF-969254
618b992f-586e-4893-9cdb-a84bb66f3770,COM-46452,USR-4138,MauvaiseQualité,"Qualité médiocre de burger, très frustrant.",12/27/2024 15:16,,moyen,Escaladé,,,REF-667137
3ab14e89-c87e-4abc-aab8-8343fc56768c,COM-75925,USR-3850,ArticleManquant,"Pas de sauce, c'est inacceptable et frustrant !",10/26/2024 15:16,image_1645.jpg,élevé,Escaladé,,,REF-567939
f1ce4679-7718-4de0-9180-febc0a96f0fe,COM-71788,USR-6676,CommandeErronée,"J'ai commandé sandwich, mais j'ai reçu sauce.",4/15/2025 15:16,image_9139.jpg,faible,Escaladé,,,REF-963325
b23808db-d1fc-47a2-b467-c7bf2dbd4f1f,COM-94479,USR-5062,ArticleManquant,"Pas de sushi, c'est inacceptable et frustrant !",7/27/2024 15:16,image_9698.jpg,élevé,Escaladé,,,REF-845478
b9c25ec6-d8e6-4dfe-a122-a7db086298e3,COM-81276,USR-8533,NourritureEndommagée,"sandwich livré écrasé, c'est scandaleux et dangereux !",10/21/2024 15:16,image_3991.jpg,élevé,Résolu,10/22/2024 4:16,MOD-3,REF-155506
36f2c43b-2851-4314-aa65-8955d5a58290,COM-89381,USR-7372,MauvaiseQualité,"pizza avait un goût trempé, expérience horrible.",10/7/2024 15:16,,élevé,Escaladé,,,REF-168225
69abfe03-1703-4aa6-82a9-3a8c8f73ed30,COM-55659,USR-2445,ProblèmePaiement,"Problème de paiement, remboursement requis immédiatement.",11/12/2024 15:16,,élevé,Ouvert,,,REF-422672
cf53584c-4bb7-4bbe-b914-70a0c9ba0db6,COM-41955,USR-1820,CommandeErronée,"Erreur sur ma commande : sandwich au lieu de sushi, très agaçant.",12/12/2024 15:16,"image_3356.jpg,image_6954.jpg",élevé,Résolu,12/13/2024 17:16,MOD-17,REF-967920
4ef395fc-d761-4b6a-821e-796124af31a2,COM-70072,USR-6267,LivraisonRetard,"Retard de 2 heures, c'est scandaleux et dérangeant !",3/23/2025 15:16,"image_9141.jpg,image_5764.jpg",élevé,Résolu,3/25/2025 9:16,MOD-12,REF-739034
be3fa3a5-7c57-4e92-b842-a4b1804b06c0,COM-90929,USR-8989,LivraisonRetard,"Petit retard de 1 heure, mais la nourriture était correcte.",6/2/2025 15:16,image_9218.jpg,élevé,Ouvert,,,REF-775581
9b15f07a-fe3e-4fc5-be75-4ebce72c0102,COM-27990,USR-3638,CommandeErronée,"Mauvais article livré, boisson à la place de sauce.",7/31/2024 15:16,image_2619.jpg,faible,Ouvert,,,REF-960443
02632975-816a-4c04-8cf3-3b6a1a3166d9,COM-58054,USR-6007,LivraisonRetard,"Retard de 3 heures, c'est scandaleux et dérangeant !",4/28/2025 15:16,,élevé,Ouvert,,,REF-444033
fa70c420-b952-4def-8733-7d0ecad4e88c,COM-18326,USR-7004,ProblèmePaiement,"Erreur de facturation pour dessert, très frustrant.",7/30/2024 15:16,"image_6491.jpg,image_7697.jpg",élevé,Ouvert,,,REF-546039
90191ea3-4489-4c3d-9b31-5eb7a7984cfe,COM-44856,USR-2044,ProblèmePaiement,"Problème mineur avec le paiement, veuillez vérifier.",9/6/2024 15:16,,moyen,Ouvert,,,REF-137936
b4d5fedb-e0dc-47c6-976e-15cff3d45d6d,COM-56695,USR-9830,ArticleManquant,"Je n'ai pas reçu sushi, besoin d'un remboursement.",2/24/2025 15:16,,faible,Ouvert,,,REF-209684
62faf175-7ede-4282-8c22-b06d077d7da6,COM-17518,USR-3106,MauvaiseQualité,"sauce avait un goût gâté, expérience horrible.",6/28/2025 15:16,,élevé,Résolu,6/29/2025 22:16,MOD-4,REF-165230
c7368b66-3fbf-435b-af0f-91d31f30c93e,COM-13735,USR-3139,LivraisonRetard,"J'ai attendu 2 heures pour ma commande, très frustrant.",5/1/2025 15:16,image_7353.jpg,élevé,Ouvert,,,REF-808252
af713541-379e-4810-a1fc-aad2e2ad1233,COM-39564,USR-7908,ProblèmePaiement,"Surfacturation de la commande, service client désastreux.",11/1/2024 15:16,image_5964.jpg,élevé,Ouvert,,,REF-828105
b7d86de1-aa88-4181-b014-fa46ef6f86c5,COM-28238,USR-1875,NourritureEndommagée,"boisson était écrasé, qualité inacceptable.",5/28/2025 15:16,image_1335.jpg,élevé,Ouvert,,,REF-377547
5beec4ea-f78c-49e9-b1b6-1f7ad77a45ae,COM-10678,USR-7825,NourritureEndommagée,"frites livré écrasé, c'est scandaleux et dangereux !",9/7/2024 15:16,,élevé,Escaladé,,,REF-998605
b9858b9a-b904-4a7a-83b7-873b2bbc17bd,COM-10207,USR-1229,ProblèmePaiement,"J'ai été facturé deux fois pour ma commande, c'est inacceptable !",9/27/2024 15:16,image_1726.jpg,élevé,Résolu,9/29/2024 6:16,MOD-2,REF-141737
e8113796-43e9-4f3d-917d-dee192f5e9d7,COM-31653,USR-2363,ArticleManquant,"Pas de pâtes, c'est inacceptable et frustrant !",4/28/2025 15:16,"image_9836.jpg,image_6460.jpg",élevé,Escaladé,,,REF-874948
07ebe4bb-a3f7-4144-a198-5768603051a7,COM-49716,USR-3614,MauvaiseQualité,"pâtes avait un goût froid, expérience horrible.",7/28/2024 15:16,image_3804.jpg,élevé,Ouvert,,,REF-140058
4099609c-f5f3-42da-8404-898adadb33b2,COM-36958,USR-4675,LivraisonRetard,"La nourriture est arrivée avec 90 minutes de retard, service décevant.",9/12/2024 15:16,,moyen,Ouvert,,,REF-295340
8df8e649-5406-4660-975f-7130415235df,COM-20881,USR-4495,MauvaiseQualité,"salade avait un goût moisi, expérience horrible.",12/11/2024 15:16,,élevé,Résolu,12/11/2024 19:16,MOD-8,REF-206388
cfccfc40-2804-457d-af0b-0f2be8f9f6de,COM-52335,USR-8735,LivraisonRetard,"Retard de 30 minutes, c'est scandaleux et dérangeant !",6/8/2025 15:16,,moyen,Escaladé,,,REF-522295
c6828be3-038f-499c-be9a-4f2e8d90b01c,COM-11339,USR-5438,ProblèmePaiement,"Surfacturation de la commande, service client désastreux.",2/7/2025 15:16,image_2626.jpg,élevé,Ouvert,,,REF-736631
35c566ed-0a08-4892-8afa-0708f76a6cb7,COM-59278,USR-8612,NourritureEndommagée,"Tout était froid, expérience catastrophique.",2/9/2025 15:16,image_9028.jpg,élevé,Résolu,2/11/2025 15:16,MOD-18,REF-127167
06c20b93-0c82-44f6-aa36-c76e75b63e57,COM-64751,USR-4066,MauvaiseQualité,"frites avait un goût trempé, expérience horrible.",5/10/2025 15:16,image_7940.jpg,élevé,Ouvert,,,REF-824879
ba661d28-89f4-4c2a-bc11-2b9d130f16da,COM-39325,USR-4018,NourritureEndommagée,"Commande endommagée, salade était légèrement froid.",6/30/2025 15:16,,faible,Ouvert,,,REF-871669
9e9bb807-a01c-42ec-b37d-467c32f6bb5b,COM-25778,USR-9148,ArticleManquant,"Pas de sushi, c'est inacceptable et frustrant !",11/14/2024 15:16,,moyen,Ouvert,,,REF-572310
c2c36795-51d7-4115-b7a0-b487479cba4a,COM-36884,USR-5672,ProblèmePaiement,"J'ai été facturé deux fois pour ma commande, c'est inacceptable !",3/11/2025 15:16,,élevé,Escaladé,,,REF-526237
a42a3dc9-a9aa-4163-8d47-0aff0f75efe1,COM-29621,USR-7612,ServiceClient,"Le service client n'a pas résolu mon problème, frustrant.",10/24/2024 15:16,,moyen,Ouvert,,,REF-870616
8ce4451a-008b-4ca8-ad84-f16a101fc46e,COM-96022,USR-9283,MauvaiseQualité,"pâtes était brûlé, je ne commanderai plus.",8/24/2024 15:16,image_5172.jpg,faible,Escaladé,,,REF-422912
58437051-92f5-4917-aa25-9b45abc402ac,COM-45970,USR-2265,MauvaiseQualité,"sauce était gâté, totalement dégoûtant !",8/9/2024 15:16,,élevé,Escaladé,,,REF-725927
678da909-f44a-4f72-98c6-592f2fdf29cd,COM-65155,USR-1556,LivraisonRetard,"Commande arrivée après 90 minutes, vraiment pas satisfait.",6/7/2025 15:16,image_9226.jpg,élevé,Ouvert,,,REF-685122
f23b6ed7-d596-43aa-8810-1cba7b0d3eb0,COM-78969,USR-1768,ServiceClient,"Réponse lente du service client, qualité médiocre.",8/17/2024 15:16,image_6869.jpg,moyen,Ouvert,,,REF-877938
dd65343a-09e4-4907-8e90-2cef3ef586bc,COM-89682,USR-3660,ProblèmePaiement,"Erreur de facturation pour pâtes, très frustrant.",3/10/2025 15:16,,moyen,Escaladé,,,REF-987315
e993cced-c42f-4309-bca5-9cec62ffc367,COM-70816,USR-1987,LivraisonRetard,"La nourriture est arrivée avec 30 minutes de retard, service décevant.",12/28/2024 15:16,image_1989.jpg,élevé,Escaladé,,,REF-203606
90e6d9aa-f4e9-47c7-ab3b-d1a5493e6a30,COM-96989,USR-6645,MauvaiseQualité,"pâtes était froid, totalement dégoûtant !",1/10/2025 15:16,image_7311.jpg,élevé,Escaladé,,,REF-279936
edb339d6-e615-4c66-a468-ad974b6145b0,COM-90290,USR-1811,MauvaiseQualité,"Le goût de sushi était un peu moisi, mais acceptable.",11/30/2024 15:16,,élevé,Ouvert,,,REF-472940
ec4f5f03-2ca8-4545-91cf-4f3908223344,COM-18613,USR-1296,LivraisonRetard,"La commande a été livrée avec 30 minutes de retard, la nourriture était froide.",10/4/2024 15:16,image_8312.jpg,moyen,Résolu,10/5/2024 21:16,MOD-10,REF-340255
6d0d0811-32fa-4498-ae52-de6b70d93368,COM-60519,USR-4264,NourritureEndommagée,"pâtes livré gâté, c'est scandaleux et dangereux !",12/21/2024 15:16,image_5239.jpg,élevé,Escaladé,,,REF-629772
9bc897d5-c2fd-47ed-9c12-31a1192b1f28,COM-84033,USR-6285,ArticleManquant,"Je n'ai pas reçu dessert, besoin d'un remboursement.",5/18/2025 15:16,,faible,Ouvert,,,REF-138571
c10a1256-9832-411a-ba87-4cf44bb38a9a,COM-51421,USR-1421,MauvaiseQualité,"Le goût de pizza était un peu gâté, mais acceptable.",12/30/2024 15:16,"image_8931.jpg,image_8343.jpg",élevé,Escaladé,,,REF-208949
8d66d2a1-e9f2-452d-a2b9-dece5dcd56c6,COM-19305,USR-7811,ServiceClient,"Le service client n'a pas résolu mon problème, frustrant.",4/3/2025 15:16,image_9476.jpg,élevé,Escaladé,,,REF-995373
4ab17bcf-05e1-4204-8898-623c75cce144,COM-26121,USR-1467,LivraisonRetard,"La commande a été livrée avec 1 heure de retard, la nourriture était froide.",7/17/2024 15:16,,moyen,Escaladé,,,REF-782674
f6e26451-ca77-4af6-87d8-b6be866179c1,COM-57754,USR-8171,LivraisonRetard,"Retard de 1 heure, c'est scandaleux et dérangeant !",3/9/2025 15:16,,moyen,Résolu,3/10/2025 20:16,MOD-12,REF-653511
6d6d8531-f265-407d-af1d-b9d5ea3af6b9,COM-21066,USR-9142,MauvaiseQualité,"sauce avait un goût trempé, expérience horrible.",4/3/2025 15:16,image_1983.jpg,élevé,Résolu,4/3/2025 18:16,MOD-19,REF-495031
fb4be3c1-cbec-40e1-a8da-8929d9ec4734,COM-61877,USR-4020,LivraisonRetard,"Livraison retardée de 30 minutes, totalement inacceptable !",3/10/2025 15:16,image_8162.jpg,moyen,Résolu,3/12/2025 2:16,MOD-13,REF-275198
e89b8121-385d-4af2-b8b3-08d9327018b3,COM-62141,USR-6709,CommandeErronée,"Erreur sur ma commande : dessert au lieu de dessert, très agaçant.",5/2/2025 15:16,,moyen,Escaladé,,,REF-471534
177df1b9-63f9-4b81-a29c-7c2d978a62c4,COM-34401,USR-7410,LivraisonRetard,"Retard de 3 heures, c'est scandaleux et dérangeant !",4/14/2025 15:16,image_2936.jpg,élevé,Résolu,4/15/2025 0:16,MOD-18,REF-202243
6acb984d-db62-421c-897f-4afff43dd86b,COM-31419,USR-2937,ProblèmePaiement,"Problème mineur avec le paiement, veuillez vérifier.",10/7/2024 15:16,,moyen,Escaladé,,,REF-643578
e099f144-69fe-4b20-b458-23602be4f7be,COM-15802,USR-1341,ProblèmePaiement,"Erreur de facturation pour burger, très frustrant.",6/21/2025 15:16,,moyen,Ouvert,,,REF-517364
9d53cae0-46be-4fe5-b61f-a1dc5e4afb27,COM-84882,USR-4999,MauvaiseQualité,"sauce n'était pas terrible, qualité moyenne.",4/30/2025 15:16,,faible,Ouvert,,,REF-419559
9f137531-5397-4b9d-9d18-fc4e2e88d6af,COM-21070,USR-3320,ArticleManquant,"Commande incomplète, sushi non livré.",3/7/2025 15:16,,faible,Ouvert,,,REF-339301
781da560-698d-4b9d-98ca-061c150f8a2a,COM-53934,USR-1671,LivraisonRetard,"Livraison en retard de 90 minutes, c'est gênant mais acceptable.",11/25/2024 15:16,,moyen,Escaladé,,,REF-827254
9797aa74-472b-4d47-a70d-b8ed2037dee3,COM-75990,USR-5244,ArticleManquant,"Manque dessert, service médiocre.",10/8/2024 15:16,,faible,Ouvert,,,REF-818509
6001d7e8-4e2b-4508-ae3c-6278b5b03eec,COM-59308,USR-6045,MauvaiseQualité,"sushi était trempé, je ne commanderai plus.",3/21/2025 15:16,image_7298.jpg,faible,Escaladé,,,REF-768562
0fa0cdbe-7965-4f67-8484-23a1b9c4c0cf,COM-60570,USR-6603,CommandeErronée,"Commande erronée livrée, j'ai eu frites et non boisson.",7/7/2024 15:16,"image_8725.jpg,image_5009.jpg",faible,Ouvert,,,REF-992364
913eb949-5898-4eb1-bb71-b89aae882ac5,COM-92484,USR-5732,NourritureEndommagée,"pizza livré mal emballé, c'est scandaleux et dangereux !",9/20/2024 15:16,,élevé,Ouvert,,,REF-474549
cca1bcbc-e608-4e22-b6e6-737bc3e54029,COM-93860,USR-5119,CommandeErronée,"Livré dessert, mais je voulais sushi, c'est inacceptable.",1/29/2025 15:16,"image_2780.jpg,image_1836.jpg",moyen,Escaladé,,,REF-273690
c00bfbb2-567c-43d3-916e-054c1f62bcbb,COM-84976,USR-1914,ServiceClient,"Mauvaise expérience avec le support, très décevant.",11/22/2024 15:16,"image_3988.jpg,image_1604.jpg",élevé,Résolu,11/23/2024 5:16,MOD-7,REF-792329
86ccf566-b8e9-4882-9355-4d6c7e320d81,COM-60520,USR-4218,ProblèmePaiement,"Erreur de facturation pour boisson, très frustrant.",12/16/2024 15:16,,moyen,Escaladé,,,REF-162431
1f1c03c8-fa9c-47bd-8784-1c18f50c9fb7,COM-61460,USR-8093,ProblèmePaiement,"Problème de paiement, remboursement requis immédiatement.",11/11/2024 15:16,image_5231.jpg,élevé,Résolu,11/12/2024 17:16,MOD-7,REF-830779
85ef798a-abab-4a59-ab4a-34843c763702,COM-59856,USR-2357,NourritureEndommagée,"La commande était froid, très déçu.",9/16/2024 15:16,,faible,Résolu,9/18/2024 1:16,MOD-14,REF-629878
d9ef0d20-f857-4493-80c8-2434f7895a21,COM-66371,USR-5276,ArticleManquant,"Pas de salade, c'est inacceptable et frustrant !",11/14/2024 15:16,image_7846.jpg,élevé,Escaladé,,,REF-381498
1c1cff33-4807-4cc7-88b5-f7ef2accd733,COM-94405,USR-5057,ServiceClient,"Mauvaise expérience avec le support, très décevant.",9/14/2024 15:16,,moyen,Ouvert,,,REF-990191
daeb7c40-ab18-4f0e-8300-bc07a4ed0037,COM-33494,USR-8907,ArticleManquant,"Il manque sushi dans ma commande, très décevant.",2/11/2025 15:16,image_1747.jpg,élevé,Résolu,2/13/2025 12:16,MOD-15,REF-920348
bd4a8ed6-c533-4b58-8714-a5724ddc5ac9,COM-76035,USR-1321,ProblèmePaiement,"Problème de paiement, remboursement requis immédiatement.",1/19/2025 15:16,,élevé,Escaladé,,,REF-408838
e7d3f6e6-9325-486b-88da-55118e3df5db,COM-75966,USR-2240,NourritureEndommagée,"dessert était moisi, qualité inacceptable.",11/18/2024 15:16,,élevé,Escaladé,,,REF-547675
0e169e50-b7ee-4a47-882f-656b590646a9,COM-23517,USR-9774,ProblèmePaiement,"Surfacturation de la commande, service client désastreux.",1/18/2025 15:16,image_2285.jpg,élevé,Escaladé,,,REF-834085
d70008e5-6060-4c3b-ae3b-4c5ade936c88,COM-89263,USR-3491,CommandeErronée,"Mauvais article livré, boisson à la place de salade.",6/22/2025 15:16,,faible,Escaladé,,,REF-646881
c12c9929-743d-430f-a7f6-dd910baf796c,COM-75627,USR-5469,NourritureEndommagée,"boisson était mal emballé, qualité inacceptable.",1/12/2025 15:16,,élevé,Ouvert,,,REF-639433
7830b2b1-c474-4cb9-b858-f10f68967b53,COM-23095,USR-3728,ServiceClient,"Service client correct, mais pourrait être plus rapide.",10/10/2024 15:16,,faible,Ouvert,,,REF-451431
5460fabb-c396-43fb-9683-09fbe6855029,COM-48886,USR-4866,CommandeErronée,"J'ai commandé pizza, mais j'ai reçu sushi.",10/16/2024 15:16,image_9446.jpg,faible,Escaladé,,,REF-570311
fcaef16e-0381-4847-976d-8b384b09a083,COM-74746,USR-9720,MauvaiseQualité,"dessert était moisi, je ne commanderai plus.",9/23/2024 15:16,,élevé,Résolu,9/23/2024 22:16,MOD-20,REF-360863
7f1abd8b-7f85-429f-8d88-a9141b1c6152,COM-12017,USR-7968,ArticleManquant,"Manque salade, service médiocre.",11/27/2024 15:16,,faible,Résolu,11/27/2024 23:16,MOD-16,REF-344098
3b8e48f7-d9f5-4765-9235-bf14a4e896e2,COM-37275,USR-2288,ProblèmePaiement,"Erreur de facturation pour sandwich, très frustrant.",7/24/2024 15:16,,moyen,Ouvert,,,REF-575762
d41abf3a-111b-4e7c-b9da-5d34fe07c0db,COM-36087,USR-2415,LivraisonRetard,"Petit retard de 1 heure, mais la nourriture était correcte.",1/31/2025 15:16,image_8256.jpg,élevé,Résolu,2/2/2025 12:16,MOD-14,REF-817532
ec8ed339-ac16-4fdf-b2ab-d4b1352456a6,COM-25724,USR-1838,LivraisonRetard,"Retard de 2 heures, c'est scandaleux et dérangeant !",5/16/2025 15:16,"image_3413.jpg,image_2114.jpg",élevé,Escaladé,,,REF-909061
43328521-cfc3-49ba-a014-f82462bb8bce,COM-73231,USR-2263,MauvaiseQualité,"dessert était gâté, je ne commanderai plus.",11/12/2024 15:16,image_4441.jpg,élevé,Résolu,11/13/2024 2:16,MOD-2,REF-564900
2d49bec1-4607-428b-9142-4790b31e8460,COM-30201,USR-1032,LivraisonRetard,"La nourriture est arrivée avec 2 heures de retard, service décevant.",1/14/2025 15:16,image_2122.jpg,élevé,Escaladé,,,REF-937642
54445f1a-b20c-4f00-852b-30e05d8cbd1f,COM-27446,USR-9613,ProblèmePaiement,"Problème de paiement, remboursement requis immédiatement.",9/3/2024 15:16,,élevé,Résolu,9/5/2024 8:16,MOD-5,REF-844034
7a9e4967-349a-490c-81aa-b601f36481b4,COM-44726,USR-8870,CommandeErronée,J'ai reçu dessert au lieu de sauce.,9/14/2024 15:16,,faible,Ouvert,,,REF-682781
08c794df-e939-49ad-a347-dd3525e4c59d,COM-77628,USR-5470,CommandeErronée,"Livré pâtes, mais je voulais sauce, c'est inacceptable.",5/5/2025 15:16,"image_4408.jpg,image_5018.jpg",moyen,Ouvert,,,REF-761609
a87dd069-9d65-41fd-8391-b99802eeccd6,COM-39800,USR-9792,CommandeErronée,"Commande erronée livrée, j'ai eu sushi et non dessert.",2/23/2025 15:16,,faible,Escaladé,,,REF-512415
2ee2d1dc-4927-4c4d-b78d-7f81f4dcfe06,COM-51971,USR-4480,MauvaiseQualité,"salade avait un goût froid, expérience horrible.",5/27/2025 15:16,image_8118.jpg,élevé,Ouvert,,,REF-569606
230a4f5b-1f97-4818-b3ee-1c94e9709908,COM-54362,USR-1490,CommandeErronée,"J'ai commandé salade, mais j'ai reçu pizza.",1/24/2025 15:16,,faible,Escaladé,,,REF-766399
ae8db2aa-76db-4c9f-8aab-8fe1b08f60cb,COM-33240,USR-4100,MauvaiseQualité,"boisson avait un goût froid, expérience horrible.",7/21/2024 15:16,,élevé,Résolu,7/23/2024 14:16,MOD-8,REF-802071
62ef4930-cfc8-4f2a-848a-f98cbc0ad39d,COM-96294,USR-6301,CommandeErronée,"Commande erronée livrée, j'ai eu sandwich et non salade.",12/10/2024 15:16,image_6627.jpg,faible,Ouvert,,,REF-481323
18a63c79-8f84-43ce-94ca-67336cdae911,COM-28229,USR-9427,ArticleManquant,"pizza manquant, veuillez résoudre immédiatement.",9/1/2024 15:16,,moyen,Escaladé,,,REF-785397
1b433397-def0-4ae6-8d29-d70384ea05dd,COM-41953,USR-2184,ArticleManquant,"Pas de sandwich, c'est inacceptable et frustrant !",2/4/2025 15:16,,moyen,Escaladé,,,REF-796519
b5f6293c-e375-4de8-b140-858eddc64b96,COM-50108,USR-3439,ProblèmePaiement,"J'ai été facturé deux fois pour ma commande, c'est inacceptable !",1/14/2025 15:16,,élevé,Résolu,1/15/2025 0:16,MOD-3,REF-113316
00014432-3a17-4b6e-a453-cf8091147595,COM-75482,USR-8131,CommandeErronée,"J'ai commandé burger, mais j'ai reçu salade.",12/6/2024 15:16,,faible,Résolu,12/7/2024 18:16,MOD-15,REF-611903
285287db-4dda-4d18-a026-6c829f593162,COM-85801,USR-4233,MauvaiseQualité,"sushi n'était pas terrible, qualité moyenne.",11/22/2024 15:16,image_3194.jpg,moyen,Résolu,11/24/2024 9:16,MOD-9,REF-610992
1b58ec94-0954-4b9b-bd43-f58c564ef8fd,COM-94594,USR-3914,LivraisonRetard,"Petit retard de 1 heure, mais la nourriture était correcte.",10/18/2024 15:16,,moyen,Ouvert,,,REF-649316
4d933ba7-9de9-429b-88e8-2c1515772c9f,COM-55642,USR-1836,ProblèmePaiement,"Surfacturation de la commande, service client désastreux.",12/11/2024 15:16,image_8084.jpg,élevé,Ouvert,,,REF-628883
97a5ebf9-d317-4e01-80ad-b12545c1cd39,COM-48131,USR-1308,NourritureEndommagée,"La commande était brûlé, très déçu.",10/11/2024 15:16,,faible,Escaladé,,,REF-447060
171698ea-53c3-4699-99c9-3419b5d138bd,COM-83603,USR-4161,ServiceClient,"Mauvaise expérience avec le support, très décevant.",8/18/2024 15:16,,moyen,Ouvert,,,REF-166260
cd76b3df-f345-4b7b-92cd-77adac30caa8,COM-23452,USR-7687,NourritureEndommagée,"burger était un peu mal emballé, mais mangeable.",11/27/2024 15:16,"image_8894.jpg,image_9571.jpg",faible,Ouvert,,,REF-689414
59df585b-e88c-4040-98b2-2317e322b819,COM-35457,USR-6988,MauvaiseQualité,"pâtes était froid, totalement dégoûtant !",5/9/2025 15:16,,élevé,Ouvert,,,REF-771873
8152f433-b958-4385-a4fe-45fbc531570e,COM-61474,USR-7275,CommandeErronée,"Petite erreur, j'ai reçu frites au lieu de burger.",3/22/2025 15:16,,faible,Résolu,3/24/2025 5:16,MOD-15,REF-279168
0bb2f80f-44c2-42d7-89c0-0941124e604f,COM-82386,USR-5972,MauvaiseQualité,"Qualité médiocre de frites, très frustrant.",10/3/2024 15:16,"image_6648.jpg,image_5653.jpg",élevé,Ouvert,,,REF-275575
b8673192-4abf-4c0a-adef-d5e831fcf16e,COM-77842,USR-4854,CommandeErronée,"Livré pizza, mais je voulais frites, c'est inacceptable.",12/24/2024 15:16,image_8777.jpg,moyen,Résolu,12/25/2024 15:16,MOD-9,REF-741797
b6158178-ba7a-4f4d-b050-e883e6dd265f,COM-94844,USR-7113,NourritureEndommagée,"sushi était mal emballé, qualité inacceptable.",12/22/2024 15:16,,élevé,Résolu,12/22/2024 21:16,MOD-9,REF-957485
6e03e20d-c9e6-49c9-9273-b12b687755f4,COM-96801,USR-6659,ServiceClient,"Le service client n'a pas résolu mon problème, frustrant.",2/28/2025 15:16,,moyen,Escaladé,,,REF-961651
d9169d08-7c5a-4594-b29c-c7c7cfb7264a,COM-82028,USR-7698,ServiceClient,"Mauvaise expérience avec le support, très décevant.",9/8/2024 15:16,,moyen,Ouvert,,,REF-216390
385af051-3b69-4dcb-831a-9c4b31f6140a,COM-79612,USR-5061,ServiceClient,"Service client injoignable, c'est insupportable !",6/8/2025 15:16,,élevé,Escaladé,,,REF-589750
51036f82-2f6a-4f93-a366-b200e18b8cf9,COM-77602,USR-9436,CommandeErronée,J'ai reçu burger au lieu de pâtes.,11/4/2024 15:16,image_4230.jpg,faible,Escaladé,,,REF-692813
28666ec7-b820-479a-a089-9ab293ad0ea1,COM-81194,USR-9629,ArticleManquant,"Commande incomplète, salade non livré.",1/24/2025 15:16,image_9545.jpg,faible,Résolu,1/24/2025 23:16,MOD-12,REF-624563
7be33fa9-83b0-4d1f-91e3-786abfd1313d,COM-19104,USR-6631,MauvaiseQualité,"salade n'était pas terrible, qualité moyenne.",10/10/2024 15:16,,faible,Résolu,10/11/2024 20:16,MOD-20,REF-454045
db060152-6a82-4325-a644-5ffb43b0fe3f,COM-10319,USR-1327,CommandeErronée,"Livré pâtes, mais je voulais pizza, c'est inacceptable.",6/15/2025 15:16,image_1209.jpg,moyen,Résolu,6/16/2025 6:16,MOD-9,REF-460376
821cdd27-d67f-4fd4-8e35-2fe1b65b93e8,COM-75991,USR-1405,NourritureEndommagée,"frites livré gâté, c'est scandaleux et dangereux !",2/8/2025 15:16,,élevé,Escaladé,,,REF-297491
db2aa2b8-73ed-4164-86b3-f62c8da9f674,COM-29120,USR-5402,NourritureEndommagée,"boisson était gâté, qualité inacceptable.",1/13/2025 15:16,image_9046.jpg,élevé,Résolu,1/14/2025 21:16,MOD-4,REF-546148
f6800d56-8b51-4bff-be30-2b7db9d36445,COM-49258,USR-7198,LivraisonRetard,"La nourriture est arrivée avec 30 minutes de retard, service décevant.",3/30/2025 15:16,image_4651.jpg,élevé,Résolu,3/31/2025 10:16,MOD-1,REF-609184
2731c502-0f39-4807-9e72-2f5135e34e76,COM-76727,USR-9405,CommandeErronée,"Livré frites, mais je voulais boisson, c'est inacceptable.",9/29/2024 15:16,image_3542.jpg,moyen,Escaladé,,,REF-256255
f34b090b-3fbe-4591-ae0e-b49b61b5f897,COM-48469,USR-8620,ServiceClient,"Service client correct, mais pourrait être plus rapide.",11/2/2024 15:16,,faible,Ouvert,,,REF-851142
b53a65e5-ee12-4351-b416-26d2803d6818,COM-16101,USR-8085,MauvaiseQualité,"Très mauvaise qualité de boisson, immangeable.",1/28/2025 15:16,,élevé,Résolu,1/30/2025 7:16,MOD-12,REF-813717
f2fb8fea-42b6-454f-957b-8eb90b0251da,COM-22644,USR-8292,ServiceClient,"Service client correct, mais pourrait être plus rapide.",4/13/2025 15:16,image_1458.jpg,moyen,Résolu,4/14/2025 17:16,MOD-8,REF-111019
89775c17-329f-4f07-bc7d-8c996ab2d036,COM-68713,USR-1066,ProblèmePaiement,"J'ai été facturé deux fois pour ma commande, c'est inacceptable !",8/18/2024 15:16,,élevé,Résolu,8/20/2024 8:16,MOD-10,REF-573937
b072b8eb-19b4-4711-8e80-f3b3a880c119,COM-94995,USR-1673,ServiceClient,"Service client correct, mais pourrait être plus rapide.",11/23/2024 15:16,image_4002.jpg,moyen,Escaladé,,,REF-257887
0f9f63c6-cfee-4f05-bd05-90ad55126d10,COM-18624,USR-3894,ServiceClient,"Le service client n'a pas résolu mon problème, frustrant.",10/4/2024 15:16,image_2920.jpg,élevé,Escaladé,,,REF-722690
0b44548b-6521-43f3-9d7b-a573eae06ea0,COM-33942,USR-6832,ServiceClient,"Service client injoignable, c'est insupportable !",12/25/2024 15:16,,élevé,Ouvert,,,REF-307096
27cde614-4956-4ec3-9b64-852a1edef19b,COM-52096,USR-8520,MauvaiseQualité,"Le goût de sandwich était un peu trempé, mais acceptable.",11/1/2024 15:16,,faible,Escaladé,,,REF-986850
9228e545-0334-4a09-bcfd-f6bdcef26b03,COM-41788,USR-1089,ServiceClient,"Petit souci avec le support, mais acceptable.",11/7/2024 15:16,image_2149.jpg,moyen,Résolu,11/8/2024 5:16,MOD-4,REF-572981
0f0891b7-3dbb-4f69-9c9a-303835863a1a,COM-29172,USR-9208,NourritureEndommagée,"Tout était trempé, expérience catastrophique.",2/6/2025 15:16,"image_4343.jpg,image_9887.jpg",élevé,Ouvert,,,REF-236647
af9687e6-8c41-41f1-9faa-8d0ec432cfa9,COM-28158,USR-6662,CommandeErronée,J'ai reçu dessert au lieu de salade.,1/10/2025 15:16,,faible,Escaladé,,,REF-349852
f0871988-b27c-43b0-a2b6-e2937eda75af,COM-70386,USR-5600,NourritureEndommagée,"pizza est arrivé froid, besoin d'un remplacement.",8/15/2024 15:16,,faible,Escaladé,,,REF-984295
a4ab582b-e4ae-4ea5-b63a-32a46644ce12,COM-57005,USR-1396,ArticleManquant,"Commande incomplète, pâtes non livré.",1/26/2025 15:16,,faible,Résolu,1/27/2025 17:16,MOD-4,REF-902784
7dd05b43-c6e5-4a9a-ae9a-522ffe009f6d,COM-27660,USR-3943,CommandeErronée,J'ai reçu sushi au lieu de pizza.,1/7/2025 15:16,"image_8092.jpg,image_7094.jpg",faible,Escaladé,,,REF-627383
104d73b9-9e18-489e-813a-b787c380f9aa,COM-23658,USR-3092,NourritureEndommagée,"dessert est arrivé froid, besoin d'un remplacement.",12/31/2024 15:16,,faible,Ouvert,,,REF-630687
59fdb46a-8118-4a22-9bb4-ec2e239f5bd7,COM-81020,USR-8805,CommandeErronée,"Commande erronée livrée, j'ai eu sauce et non salade.",8/18/2024 15:16,,faible,Escaladé,,,REF-372630
da4fd391-6a05-411e-8eba-1d126ddd7d4a,COM-44014,USR-5007,NourritureEndommagée,"salade est arrivé écrasé, besoin d'un remplacement.",4/22/2025 15:16,,faible,Ouvert,,,REF-240192
859abccf-8a6b-4c5a-8ae6-bced35281330,COM-89767,USR-4020,CommandeErronée,"Erreur sur ma commande : sandwich au lieu de sauce, très agaçant.",8/30/2024 15:16,image_5444.jpg,élevé,Escaladé,,,REF-978549
f1c9bf24-1832-4756-b1f8-93843ec2e576,COM-69924,USR-3823,CommandeErronée,"Commande erronée livrée, j'ai eu boisson et non frites.",5/7/2025 15:16,,faible,Résolu,5/9/2025 4:16,MOD-7,REF-850875
d0ac8567-acf6-4c09-a829-1f50c6727d11,COM-27051,USR-9062,CommandeErronée,"J'ai commandé salade, mais j'ai reçu salade.",3/18/2025 15:16,,faible,Résolu,3/19/2025 14:16,MOD-14,REF-345120
8d677a28-4206-44a9-84a6-dc6e4d37aecf,COM-26926,USR-8748,ProblèmePaiement,"J'ai été facturé deux fois pour ma commande, c'est inacceptable !",2/22/2025 15:16,,élevé,Escaladé,,,REF-191246
c91aae76-8fed-410a-b9f9-8d39bfd47cb3,COM-24600,USR-5282,NourritureEndommagée,"burger était un peu écrasé, mais mangeable.",6/26/2025 15:16,,faible,Escaladé,,,REF-899751
7cb616ac-aa12-4826-bcb9-2b54b93fc53d,COM-71880,USR-3527,ProblèmePaiement,"Erreur de facturation pour burger, très frustrant.",2/25/2025 15:16,,moyen,Escaladé,,,REF-736118
76d19e0b-935f-4889-9ac3-43f4f88b43af,COM-94538,USR-9551,NourritureEndommagée,"frites était trempé, qualité inacceptable.",9/19/2024 15:16,,élevé,Résolu,9/21/2024 5:16,MOD-4,REF-494062
076918c1-e08a-4ccf-8b35-84943c69e885,COM-17978,USR-4943,LivraisonRetard,"Livraison en retard de 30 minutes, c'est gênant mais acceptable.",5/10/2025 15:16,,moyen,Ouvert,,,REF-428901
c19bbe8b-489f-416a-b8fe-c69bb8e6e05a,COM-46507,USR-9473,NourritureEndommagée,"frites livré trempé, c'est scandaleux et dangereux !",9/10/2024 15:16,,élevé,Ouvert,,,REF-561392
12e4ec8c-3ad7-4d3e-b87e-2d27f2cd15ad,COM-50761,USR-3719,LivraisonRetard,"Livraison en retard de 30 minutes, c'est gênant mais acceptable.",2/27/2025 15:16,image_6841.jpg,élevé,Ouvert,,,REF-482567
343abada-95e0-4498-9a0d-51a7d11c5d72,COM-52885,USR-2093,MauvaiseQualité,"Le goût de boisson était un peu moisi, mais acceptable.",4/4/2025 15:16,image_2858.jpg,élevé,Résolu,4/6/2025 8:16,MOD-10,REF-984161
3306272e-d462-487f-a185-772f014b51aa,COM-29397,USR-3527,CommandeErronée,"Livré burger, mais je voulais sauce, c'est inacceptable.",8/9/2024 15:16,"image_7563.jpg,image_5493.jpg",moyen,Résolu,8/10/2024 18:16,MOD-10,REF-811525
eb816181-6efa-489d-9f50-8532dece5eb9,COM-46054,USR-1772,ServiceClient,"Petit souci avec le support, mais acceptable.",9/20/2024 15:16,"image_5353.jpg,image_3072.jpg",moyen,Ouvert,,,REF-952284
36234772-06a8-496a-ac33-33f62f06003e,COM-47974,USR-5550,ArticleManquant,"Manque sandwich, service médiocre.",8/2/2024 15:16,image_3568.jpg,moyen,Escaladé,,,REF-783634
16947539-7cd7-400b-b067-4415df9b88b4,COM-39347,USR-4327,ProblèmePaiement,"Problème mineur avec le paiement, veuillez vérifier.",1/6/2025 15:16,,moyen,Ouvert,,,REF-773958
e25347a2-44dc-4c61-b919-9b7979d1c862,COM-86415,USR-3903,ServiceClient,"Service client correct, mais pourrait être plus rapide.",5/11/2025 15:16,"image_2323.jpg,image_9213.jpg",moyen,Escaladé,,,REF-247640
551b5b30-884f-4484-a030-07b3a8190be5,COM-46391,USR-7202,LivraisonRetard,"Livraison retardée de 1 heure, totalement inacceptable !",8/12/2024 15:16,"image_9137.jpg,image_7144.jpg",élevé,Résolu,8/14/2024 4:16,MOD-5,REF-339745
cfc8ae12-599a-4371-bd76-8bc72bd654a2,COM-88845,USR-7269,NourritureEndommagée,"La commande était mal emballé, très déçu.",5/22/2025 15:16,,faible,Ouvert,,,REF-964968
1fa6494d-4abd-4738-9dc1-8ef26954ae63,COM-84142,USR-1555,ServiceClient,"Réponse lente du service client, qualité médiocre.",12/29/2024 15:16,,faible,Résolu,12/31/2024 15:16,MOD-18,REF-358207
268b14de-f2d2-4b2d-9d05-0562909bbc88,COM-50319,USR-5874,ProblèmePaiement,"Petite erreur de facturation, mais gênante.",9/3/2024 15:16,,moyen,Ouvert,,,REF-865722
d11bf722-d902-47d4-9cc9-57b621e50dbb,COM-59048,USR-8348,ArticleManquant,"Petit souci, il manquait dessert dans la commande.",4/2/2025 15:16,,faible,Escaladé,,,REF-243262
ae8b4971-fa60-44c3-875e-4cd1a92ba9b5,COM-56253,USR-5127,NourritureEndommagée,"La nourriture était trempé, totalement immangeable.",4/24/2025 15:16,image_7240.jpg,élevé,Escaladé,,,REF-508013
91251b4f-8f73-4b73-9a76-e2b780b2584e,COM-18457,USR-7707,CommandeErronée,"Petite erreur, j'ai reçu pâtes au lieu de pâtes.",6/11/2025 15:16,,faible,Résolu,6/13/2025 7:16,MOD-7,REF-826691
df55961d-efcb-48b8-93a3-391b8c5b9eb8,COM-78817,USR-9842,ProblèmePaiement,"Problème de paiement, remboursement requis immédiatement.",2/25/2025 15:16,,élevé,Ouvert,,,REF-798867
bde902bb-5622-4b23-a75c-c38d3cd89d1e,COM-74473,USR-4114,MauvaiseQualité,"frites avait un goût mal emballé, expérience horrible.",4/14/2025 15:16,image_1729.jpg,élevé,Ouvert,,,REF-642831
f821b4b0-6c8e-405d-94ac-03e81fb8da52,COM-13411,USR-3310,LivraisonRetard,"Livraison en retard de 1 heure, c'est gênant mais acceptable.",6/10/2025 15:16,,moyen,Escaladé,,,REF-588470
16405718-0b76-44a6-a596-a8503775815a,COM-92072,USR-2552,LivraisonRetard,"La nourriture est arrivée avec 3 heures de retard, service décevant.",7/22/2024 15:16,,élevé,Escaladé,,,REF-509497
3e992b4f-1e52-4a13-ba9e-754be2e256e5,COM-42163,USR-9259,NourritureEndommagée,"frites est arrivé gâté, besoin d'un remplacement.",6/13/2025 15:16,image_8628.jpg,élevé,Résolu,6/13/2025 20:16,MOD-16,REF-332368
850239f3-7426-4da4-81ee-11621c24183e,COM-58516,USR-6493,LivraisonRetard,"J'ai attendu 30 minutes pour ma commande, très frustrant.",2/13/2025 15:16,image_3274.jpg,élevé,Escaladé,,,REF-479829
a845f087-a88d-4f17-9bcd-d59207df56d1,COM-34016,USR-3296,MauvaiseQualité,"Très mauvaise qualité de frites, immangeable.",7/22/2024 15:16,,élevé,Ouvert,,,REF-137355
64f51d18-8c12-48f6-bdcf-a43851a012d3,COM-97821,USR-2730,LivraisonRetard,"La commande a été livrée avec 2 heures de retard, la nourriture était froide.",8/17/2024 15:16,"image_7664.jpg,image_6232.jpg",élevé,Escaladé,,,REF-740235
94c6efd2-601b-42d9-87dc-3f7817e8979f,COM-48155,USR-1755,ArticleManquant,"Il manque sushi dans ma commande, très décevant.",1/9/2025 15:16,,moyen,Résolu,1/11/2025 5:16,MOD-17,REF-990454
fce7b0a6-7c55-4e7a-8c29-30ca7244f509,COM-45502,USR-1443,MauvaiseQualité,"pizza avait un goût trempé, expérience horrible.",7/9/2024 15:16,,élevé,Ouvert,,,REF-597016
ff899c3f-30d6-4850-bd7f-84e78fb3a744,COM-12668,USR-1254,MauvaiseQualité,"sushi n'était pas terrible, qualité moyenne.",11/21/2024 15:16,image_3153.jpg,moyen,Ouvert,,,REF-531946
ea784793-26aa-43b0-a1e3-8a673119e536,COM-14428,USR-4070,NourritureEndommagée,"Tout était sans goût, expérience catastrophique.",9/4/2024 15:16,,élevé,Résolu,9/5/2024 15:16,MOD-16,REF-129263
ce61dbb1-d164-4e30-8aa8-cd771a5d5138,COM-41870,USR-2397,ArticleManquant,"Manque sauce, service médiocre.",7/1/2025 15:16,,faible,Escaladé,,,REF-165784
1989bc36-68c5-4667-9e3d-91e199ca3109,COM-65663,USR-3139,NourritureEndommagée,"La nourriture était brûlé, totalement immangeable.",10/15/2024 15:16,,élevé,Ouvert,,,REF-898620
a4922a20-cfb7-4c2b-b7df-d823c29da608,COM-38736,USR-1491,ProblèmePaiement,"Problème mineur avec le paiement, veuillez vérifier.",12/19/2024 15:16,image_9238.jpg,élevé,Résolu,12/20/2024 16:16,MOD-1,REF-975805
c1b1d264-f331-4b92-b130-7d1de604eb9a,COM-86132,USR-4812,NourritureEndommagée,"salade livré gâté, c'est scandaleux et dangereux !",3/8/2025 15:16,,élevé,Ouvert,,,REF-287689
d4404e04-ce31-4e3f-be03-f126de16593c,COM-42024,USR-4824,ProblèmePaiement,"Problème mineur avec le paiement, veuillez vérifier.",9/18/2024 15:16,,moyen,Résolu,9/19/2024 2:16,MOD-20,REF-938727
94bf288a-00e1-4c00-89c2-a302553fa100,COM-84899,USR-6463,LivraisonRetard,"J'ai attendu 1 heure pour ma commande, très frustrant.",6/9/2025 15:16,image_7179.jpg,élevé,Résolu,6/11/2025 13:16,MOD-1,REF-135769
1a062b27-c235-4e3e-a187-fd02b9ea5638,COM-68364,USR-5556,ArticleManquant,"Commande incomplète, salade non livré.",7/2/2024 15:16,image_6954.jpg,faible,Escaladé,,,REF-363554
0fd7466a-32be-4e95-b36d-beff6fd06769,COM-41332,USR-6184,LivraisonRetard,"Retard de 3 heures, c'est scandaleux et dérangeant !",3/30/2025 15:16,,élevé,Escaladé,,,REF-310854
c19e8691-a5a5-48fa-85be-7a1bc1933915,COM-47125,USR-6594,ArticleManquant,"burger manquant, veuillez résoudre immédiatement.",8/13/2024 15:16,"image_6377.jpg,image_6954.jpg",élevé,Escaladé,,,REF-619027
7173bd83-83ab-4c2a-9a73-28508ded4a6a,COM-48960,USR-5971,MauvaiseQualité,"sandwich avait un goût brûlé, expérience horrible.",7/25/2024 15:16,"image_6905.jpg,image_2980.jpg",élevé,Escaladé,,,REF-754611
16566866-b1c5-4fd6-8cfc-193c07c2f7eb,COM-49266,USR-2660,ServiceClient,"Service client injoignable, c'est insupportable !",2/21/2025 15:16,image_2635.jpg,élevé,Ouvert,,,REF-894934
b68d4f29-7eb0-4706-b92b-e81c95bda67d,COM-23744,USR-4216,LivraisonRetard,"La commande a été livrée avec 90 minutes de retard, la nourriture était froide.",9/12/2024 15:16,"image_5276.jpg,image_3592.jpg",élevé,Résolu,9/13/2024 21:16,MOD-8,REF-221512
20c1cef5-182e-4cab-b7e1-0b548e34d4f7,COM-50109,USR-3881,MauvaiseQualité,"Très mauvaise qualité de burger, immangeable.",8/6/2024 15:16,"image_4554.jpg,image_2690.jpg",élevé,Ouvert,,,REF-890003
a11c7dcb-cae0-426b-87a5-5384e2c0ec3e,COM-26431,USR-2395,MauvaiseQualité,"La nourriture était écrasé, pas à la hauteur.",10/3/2024 15:16,,faible,Résolu,10/5/2024 11:16,MOD-3,REF-525005
de33fee3-5677-484d-80cc-6c2b3b5079d4,COM-72589,USR-6577,NourritureEndommagée,"La commande était mal emballé, très déçu.",5/16/2025 15:16,image_5114.jpg,faible,Résolu,5/17/2025 21:16,MOD-7,REF-188750
dfef0dcf-45a1-40a1-ba1e-5cba013c49aa,COM-53080,USR-5669,ArticleManquant,Pourriez-vous vérifier pourquoi sushi n'était pas inclus ?,3/18/2025 15:16,image_8134.jpg,faible,Résolu,3/18/2025 17:16,MOD-3,REF-348346
9a706441-bb55-4250-935b-7c4aa0d09363,COM-94233,USR-7273,LivraisonRetard,"Petit retard de 3 heures, mais la nourriture était correcte.",3/4/2025 15:16,,élevé,Escaladé,,,REF-684935
b6e00433-d197-45e2-88db-3ff17b786947,COM-74508,USR-7825,CommandeErronée,"Erreur sur ma commande : dessert au lieu de dessert, très agaçant.",11/10/2024 15:16,,moyen,Ouvert,,,REF-478074
be384bed-5638-4939-b306-7812d18e9cbf,COM-27447,USR-9717,LivraisonRetard,"Livraison retardée de 30 minutes, totalement inacceptable !",12/18/2024 15:16,,faible,Résolu,12/19/2024 14:16,MOD-3,REF-908910
ab29326a-81ef-4f78-8d27-0c069edf92f8,COM-33376,USR-2054,ProblèmePaiement,"J'ai été facturé deux fois pour ma commande, c'est inacceptable !",6/9/2025 15:16,image_7628.jpg,élevé,Résolu,6/11/2025 15:16,MOD-17,REF-749884
0a09411c-a856-4c7d-9732-c6b3c528b446,COM-10374,USR-6349,NourritureEndommagée,"Commande endommagée, sauce était légèrement mal emballé.",10/4/2024 15:16,"image_2121.jpg,image_7507.jpg",faible,Escaladé,,,REF-319302
3460a310-776c-4638-a4e7-52b9670433bf,COM-17139,USR-7835,CommandeErronée,"Commande incorrecte, mais le goût de sauce était acceptable.",5/15/2025 15:16,image_4419.jpg,moyen,Escaladé,,,REF-416188
6370542a-11aa-4acc-b58f-9e6e0c329089,COM-10852,USR-2009,MauvaiseQualité,"sushi avait un goût mal emballé, expérience horrible.",5/31/2025 15:16,image_9785.jpg,élevé,Escaladé,,,REF-990842
db91dc02-f719-4b8c-ae82-ff7445c4f187,COM-97218,USR-6587,MauvaiseQualité,"Le goût de dessert était un peu écrasé, mais acceptable.",9/21/2024 15:16,,faible,Escaladé,,,REF-524682
c218a5dd-cda5-4df4-8073-355629a7a6d7,COM-10344,USR-4782,ArticleManquant,Pourriez-vous vérifier pourquoi sandwich n'était pas inclus ?,12/15/2024 15:16,image_6174.jpg,faible,Escaladé,,,REF-573924
6f5ab66e-dd35-40bf-959b-af7f88e80655,COM-90600,USR-3398,MauvaiseQualité,"La nourriture était trempé, pas à la hauteur.",9/12/2024 15:16,,faible,Résolu,9/14/2024 11:16,MOD-14,REF-308455
81d37177-62e5-421d-8919-fa93a5f62ebf,COM-47913,USR-8012,CommandeErronée,"Erreur sur ma commande : salade au lieu de burger, très agaçant.",2/1/2025 15:16,image_5387.jpg,élevé,Ouvert,,,REF-236955
29170aa9-794a-4337-a8a5-9bf28f30ecd4,COM-96000,USR-1831,ArticleManquant,"Je n'ai pas reçu burger, besoin d'un remboursement.",5/25/2025 15:16,,faible,Ouvert,,,REF-459400
2d93297f-4fb8-4646-ab05-8fa0338c3b48,COM-46628,USR-8335,LivraisonRetard,"Livraison retardée de 90 minutes, totalement inacceptable !",2/13/2025 15:16,,moyen,Résolu,2/13/2025 22:16,MOD-10,REF-414361
b5b485f5-1b40-4fbd-8ac6-f21f010e3953,COM-22578,USR-4116,ArticleManquant,"Pas de sauce, c'est inacceptable et frustrant !",9/15/2024 15:16,,moyen,Escaladé,,,REF-925557
e77ea349-1c17-4c10-adb3-7b8addda99b9,COM-85224,USR-1670,ProblèmePaiement,"J'ai été facturé deux fois pour ma commande, c'est inacceptable !",12/5/2024 15:16,,élevé,Ouvert,,,REF-212459
eac83294-e2ab-4c56-9c0d-dd8b0e7ca1ee,COM-74074,USR-4011,LivraisonRetard,"La commande a été livrée avec 2 heures de retard, la nourriture était froide.",2/2/2025 15:16,image_5482.jpg,élevé,Résolu,2/3/2025 12:16,MOD-13,REF-651292
b2f1c630-db61-49ab-be4a-2a73b2b37db7,COM-19674,USR-5671,ServiceClient,"Le service client n'a pas résolu mon problème, frustrant.",9/2/2024 15:16,,moyen,Ouvert,,,REF-400390
b874011e-b883-4b33-8891-fc0b62607383,COM-45951,USR-9067,ProblèmePaiement,"Surfacturation de la commande, service client désastreux.",11/25/2024 15:16,,élevé,Résolu,11/27/2024 10:16,MOD-6,REF-395701
a0ee1859-d28d-4996-a141-64742b6a3bc4,COM-89039,USR-9169,ArticleManquant,"pizza manquant, veuillez résoudre immédiatement.",8/10/2024 15:16,image_8892.jpg,élevé,Escaladé,,,REF-959724
1c0229bd-81c8-4df2-94da-f218bd422bc4,COM-88148,USR-8891,CommandeErronée,"Petite erreur, j'ai reçu dessert au lieu de sushi.",3/22/2025 15:16,"image_9289.jpg,image_1713.jpg",faible,Escaladé,,,REF-789713
0aca6efe-3516-4dab-9021-105a6e604628,COM-30053,USR-6146,NourritureEndommagée,"Commande endommagée, boisson était légèrement gâté.",7/12/2024 15:16,image_1503.jpg,élevé,Ouvert,,,REF-371069
c2cced40-c179-4658-a2c9-96984e3e17dc,COM-30147,USR-5327,ProblèmePaiement,"Surfacturation de la commande, service client désastreux.",3/11/2025 15:16,,élevé,Ouvert,,,REF-939421
e5c87699-4b72-4dae-9f27-922dfadd2988,COM-39850,USR-2477,ServiceClient,"Service client correct, mais pourrait être plus rapide.",4/17/2025 15:16,image_9105.jpg,moyen,Résolu,4/18/2025 8:16,MOD-9,REF-104596
b0950ec8-5cd2-4714-94e0-deeb12e779a4,COM-38702,USR-4649,LivraisonRetard,"Petit retard de 90 minutes, mais la nourriture était correcte.",3/12/2025 15:16,,moyen,Ouvert,,,REF-789763
f43aaeb9-4949-48ac-afc5-13538bb2cf25,COM-22340,USR-5504,CommandeErronée,"J'ai commandé burger, mais j'ai reçu pizza.",10/17/2024 15:16,,faible,Ouvert,,,REF-911895
26f3745a-0fca-4a1c-b06e-539570f98fe2,COM-91203,USR-6415,LivraisonRetard,"La commande a été livrée avec 2 heures de retard, la nourriture était froide.",1/24/2025 15:16,,élevé,Résolu,1/24/2025 17:16,MOD-13,REF-345557
003dcd01-87a7-4270-a402-274c7cf0e929,COM-55714,USR-4912,NourritureEndommagée,"sandwich livré mal emballé, c'est scandaleux et dangereux !",5/30/2025 15:16,,élevé,Escaladé,,,REF-670099
b49335d1-65c8-49d0-a821-0605cffb2ca8,COM-76613,USR-4670,ServiceClient,"Mauvaise expérience avec le support, très décevant.",3/26/2025 15:16,"image_5778.jpg,image_3187.jpg",élevé,Escaladé,,,REF-392991
4e0092fe-f106-481f-a778-f2729a9cb20e,COM-37849,USR-1315,LivraisonRetard,"Livraison retardée de 30 minutes, totalement inacceptable !",11/3/2024 15:16,image_4316.jpg,moyen,Résolu,11/4/2024 17:16,MOD-2,REF-389730
0438c925-5633-4744-9dba-93f12c5e726f,COM-87995,USR-4586,ArticleManquant,"Je n'ai pas reçu salade, besoin d'un remboursement.",7/31/2024 15:16,image_9626.jpg,faible,Ouvert,,,REF-369475
da4ce07d-7d1e-4ff9-8408-63f80bea6a3b,COM-51984,USR-7206,CommandeErronée,"Livré boisson, mais je voulais burger, c'est inacceptable.",12/31/2024 15:16,,faible,Ouvert,,,REF-697957
7e19032f-c500-49b6-b90c-eb127fb8bfc6,COM-26893,USR-5552,CommandeErronée,"Mauvais article livré, burger à la place de dessert.",5/9/2025 15:16,,faible,Ouvert,,,REF-539688
661460b1-857b-4f04-8fae-84e365f0bafb,COM-98904,USR-1429,ServiceClient,"Service client injoignable, c'est insupportable !",1/3/2025 15:16,"image_6721.jpg,image_3048.jpg",élevé,Résolu,1/5/2025 9:16,MOD-2,REF-842070
9fa7e781-e059-4084-9103-13b1a9a74300,COM-77692,USR-7880,MauvaiseQualité,"sauce était trempé, je ne commanderai plus.",3/17/2025 15:16,,faible,Résolu,3/18/2025 11:16,MOD-16,REF-612011
31b823cd-1626-4760-bb9a-d3bff219e327,COM-26230,USR-3974,ProblèmePaiement,"J'ai été facturé deux fois pour ma commande, c'est inacceptable !",11/12/2024 15:16,,élevé,Escaladé,,,REF-547582
e827418f-02f9-4d7b-b98f-6b15cb25096e,COM-61146,USR-5790,ProblèmePaiement,"Erreur de facturation pour sauce, très frustrant.",8/5/2024 15:16,,moyen,Ouvert,,,REF-126517
545a21f9-5796-4bc8-adeb-fa459f98a060,COM-43895,USR-9139,ProblèmePaiement,"Erreur de facturation pour boisson, très frustrant.",5/14/2025 15:16,,moyen,Résolu,5/16/2025 10:16,MOD-12,REF-989613
2e89d427-7db9-4012-8105-bc048ae12610,COM-72700,USR-1930,ProblèmePaiement,"Problème de paiement, remboursement requis immédiatement.",2/26/2025 15:16,"image_8748.jpg,image_4838.jpg",élevé,Escaladé,,,REF-768853
8aa2d6a3-0568-4cda-a736-c74e86a147da,COM-23488,USR-8551,ServiceClient,"Petit souci avec le support, mais acceptable.",12/22/2024 15:16,,faible,Escaladé,,,REF-984157
1ab2f9cf-16b2-4632-bfda-219038e78d71,COM-25904,USR-2793,NourritureEndommagée,"dessert livré brûlé, c'est scandaleux et dangereux !",1/24/2025 15:16,"image_8368.jpg,image_5306.jpg",élevé,Ouvert,,,REF-709055
5a403d39-b655-4d1a-b9b3-91ec6fa62125,COM-94988,USR-3210,ArticleManquant,"Petit souci, il manquait salade dans la commande.",9/23/2024 15:16,,faible,Ouvert,,,REF-372149
81eaedff-8f93-4fab-87a6-73490893b2f2,COM-28195,USR-7128,ProblèmePaiement,"Erreur de facturation pour boisson, très frustrant.",4/2/2025 15:16,,moyen,Escaladé,,,REF-181276
efd8e690-003b-4c8c-9be6-2a43f4cc5391,COM-29729,USR-4591,MauvaiseQualité,"frites était écrasé, totalement dégoûtant !",7/22/2024 15:16,"image_3609.jpg,image_6620.jpg",élevé,Escaladé,,,REF-107646
ca480c6d-ed50-454f-99d6-08c79f999bdc,COM-70019,USR-7061,NourritureEndommagée,"Tout était froid, expérience catastrophique.",1/27/2025 15:16,,élevé,Résolu,1/28/2025 23:16,MOD-10,REF-177229
04ff56d0-2c30-44f8-8677-45c470f52b5c,COM-36659,USR-2567,ServiceClient,"Petit souci avec le support, mais acceptable.",4/25/2025 15:16,,faible,Escaladé,,,REF-689485
acbdc26d-dc02-4776-9a01-55f5cb0a89d9,COM-11260,USR-3826,ProblèmePaiement,"Surfacturation de la commande, service client désastreux.",7/8/2024 15:16,image_1651.jpg,élevé,Escaladé,,,REF-663393
262c799d-927d-4c60-936a-835b4e0f6d10,COM-57614,USR-8503,MauvaiseQualité,"boisson avait un goût sans goût, expérience horrible.",6/10/2025 15:16,,élevé,Résolu,6/10/2025 23:16,MOD-4,REF-333542
04cdec4f-eea6-49b6-97a6-5f7e25fc12e6,COM-82400,USR-3207,ServiceClient,"Petit souci avec le support, mais acceptable.",12/4/2024 15:16,,faible,Résolu,12/6/2024 6:16,MOD-11,REF-702778
13883e0e-258c-48ea-87c2-524a99aa15e2,COM-15807,USR-2258,MauvaiseQualité,"sauce était trempé, je ne commanderai plus.",9/30/2024 15:16,,faible,Résolu,10/1/2024 11:16,MOD-15,REF-733746
1f53f045-18b5-4657-bd54-7a2a5e19404b,COM-97986,USR-6034,CommandeErronée,"Livré burger, mais je voulais burger, c'est inacceptable.",12/6/2024 15:16,,faible,Résolu,12/6/2024 19:16,MOD-8,REF-468195
940217eb-1ccf-4648-a6f1-7d5b5ba6e5bc,COM-73506,USR-1752,ProblèmePaiement,"Petite erreur de facturation, mais gênante.",8/28/2024 15:16,,moyen,Ouvert,,,REF-499997
5c57219b-c616-4059-a4bf-2342727e9d7c,COM-64927,USR-9661,LivraisonRetard,"Petit retard de 30 minutes, mais la nourriture était correcte.",1/19/2025 15:16,,faible,Ouvert,,,REF-527796
a8077564-9f4e-4e49-9cb7-2c791e0d37a9,COM-14782,USR-5536,LivraisonRetard,"La commande a été livrée avec 90 minutes de retard, la nourriture était froide.",8/14/2024 15:16,,moyen,Résolu,8/16/2024 8:16,MOD-12,REF-888011
860bc430-5e43-4276-b488-c960c2c32e0c,COM-76677,USR-5534,ArticleManquant,"Manque frites, service médiocre.",10/2/2024 15:16,"image_3742.jpg,image_1800.jpg",moyen,Escaladé,,,REF-153086
629b396a-4356-4e32-889f-f3724b7b0a24,COM-60447,USR-9818,ServiceClient,"Petit souci avec le support, mais acceptable.",8/22/2024 15:16,,faible,Résolu,8/23/2024 18:16,MOD-1,REF-887734
89e15dea-7858-467d-8658-fbcdbf383e02,COM-97072,USR-4803,NourritureEndommagée,"burger était gâté, qualité inacceptable.",11/30/2024 15:16,,élevé,Résolu,12/2/2024 14:16,MOD-20,REF-886341
d5ec8490-a008-4da1-b78c-7fc3b54609bd,COM-16855,USR-7082,ProblèmePaiement,"Petite erreur de facturation, mais gênante.",3/9/2025 15:16,,moyen,Résolu,3/10/2025 20:16,MOD-4,REF-936256
d7b103f8-cc56-4d44-95de-895ed47f5ef1,COM-44960,USR-9870,ArticleManquant,"Pas de sandwich, c'est inacceptable et frustrant !",3/5/2025 15:16,,moyen,Résolu,3/6/2025 11:16,MOD-20,REF-764151
a6a31942-22e0-41a4-8b48-024448f182ea,COM-79893,USR-9715,MauvaiseQualité,"La nourriture était écrasé, pas à la hauteur.",12/15/2024 15:16,,faible,Résolu,12/16/2024 10:16,MOD-14,REF-827396
0e0a7608-9e5d-40ac-aace-2d53b41fa1b6,COM-53586,USR-2283,CommandeErronée,"Commande erronée livrée, j'ai eu dessert et non frites.",8/31/2024 15:16,,faible,Ouvert,,,REF-423147
a010f330-fa97-461b-aff9-d39790ce6e02,COM-10635,USR-6063,MauvaiseQualité,"Le goût de frites était un peu trempé, mais acceptable.",6/29/2025 15:16,,faible,Escaladé,,,REF-872879
009bc79c-0d0f-4d01-ab5c-492dc4c2e8c2,COM-34272,USR-5933,NourritureEndommagée,"dessert est arrivé moisi, besoin d'un remplacement.",4/4/2025 15:16,,élevé,Résolu,4/5/2025 19:16,MOD-4,REF-305563
579040ec-74dd-4f68-8cec-848e5ffddee1,COM-28365,USR-9588,MauvaiseQualité,"Très mauvaise qualité de boisson, immangeable.",11/8/2024 15:16,,élevé,Escaladé,,,REF-132741
b0605539-2b3a-4e72-8e16-b0c6d5da8417,COM-91998,USR-1498,ServiceClient,"Service client correct, mais pourrait être plus rapide.",9/2/2024 15:16,,faible,Résolu,9/3/2024 23:16,MOD-14,REF-373307
160c8f96-e69e-4efa-ad07-69655df932ab,COM-58870,USR-6047,ProblèmePaiement,"J'ai été facturé deux fois pour ma commande, c'est inacceptable !",4/7/2025 15:16,,élevé,Ouvert,,,REF-325530
6593dbb2-89b7-4b1c-bccd-084f9b413988,COM-26067,USR-2966,ProblèmePaiement,"Petite erreur de facturation, mais gênante.",6/7/2025 15:16,,moyen,Escaladé,,,REF-529903
8649a932-b809-4ec4-85a8-340efdb855ad,COM-91867,USR-1350,ProblèmePaiement,"Problème de paiement, remboursement requis immédiatement.",1/30/2025 15:16,,élevé,Résolu,1/31/2025 7:16,MOD-16,REF-953717
efc041fc-e758-4511-ad03-d13741fd22e0,COM-62241,USR-5572,ArticleManquant,"Commande incomplète, dessert non livré.",11/12/2024 15:16,,faible,Escaladé,,,REF-811688
39c2ec0e-3873-45cb-bd83-7f8c3ecba8a7,COM-79731,USR-6548,ArticleManquant,"Je n'ai pas reçu pâtes, besoin d'un remboursement.",6/24/2025 15:16,,faible,Escaladé,,,REF-976696
d0c11d7d-3754-48d5-8b65-0d613b470a0d,COM-52085,USR-5520,ServiceClient,"Mauvaise expérience avec le support, très décevant.",5/2/2025 15:16,,moyen,Escaladé,,,REF-635634
6a15ab5d-4082-4784-bc1b-3157df0a233c,COM-41092,USR-2056,NourritureEndommagée,"frites était écrasé, qualité inacceptable.",4/28/2025 15:16,,élevé,Résolu,4/29/2025 5:16,MOD-12,REF-633635
c1c4bdde-90c9-488f-be36-73f9bc07a641,COM-62126,USR-6043,CommandeErronée,"Commande incorrecte, mais le goût de boisson était acceptable.",7/28/2024 15:16,,faible,Escaladé,,,REF-169502
d3e88935-d864-433c-a13c-b8e2ddce9675,COM-10085,USR-6491,MauvaiseQualité,"frites était écrasé, totalement dégoûtant !",8/21/2024 15:16,image_9234.jpg,élevé,Ouvert,,,REF-669190
aa86a8eb-25f1-426d-bae2-b7510d01de38,COM-91591,USR-8990,MauvaiseQualité,"Qualité médiocre de sushi, très frustrant.",7/8/2024 15:16,,moyen,Ouvert,,,REF-919666
c54afed4-f9f5-46ef-a2e3-e38d273baa7b,COM-67706,USR-7098,MauvaiseQualité,"Très mauvaise qualité de sandwich, immangeable.",3/11/2025 15:16,,élevé,Ouvert,,,REF-478372
90140dc0-b31d-4e16-96bf-5d0d2cffc432,COM-72450,USR-4035,MauvaiseQualité,"Très mauvaise qualité de pizza, immangeable.",7/21/2024 15:16,,élevé,Escaladé,,,REF-314060
34389157-952f-40e6-99d0-3038776bdfde,COM-52447,USR-6355,ServiceClient,"Service client injoignable, c'est insupportable !",7/21/2024 15:16,,élevé,Escaladé,,,REF-534975
56c4899f-3e2d-4e9f-9376-ab8515ddd649,COM-45104,USR-3142,ArticleManquant,"Il manque burger dans ma commande, très décevant.",8/2/2024 15:16,,moyen,Résolu,8/2/2024 17:16,MOD-12,REF-890635
8d055085-976b-4ba0-88dc-d906635822c4,COM-47564,USR-3497,NourritureEndommagée,"Commande endommagée, dessert était légèrement trempé.",5/20/2025 15:16,,faible,Résolu,5/22/2025 11:16,MOD-8,REF-680178
53fd4531-8e05-4da9-be17-1c692b4244f8,COM-59750,USR-5428,ServiceClient,"Le service client n'a pas résolu mon problème, frustrant.",6/4/2025 15:16,,moyen,Escaladé,,,REF-104543
47a210b9-5aa5-4aa0-b36c-3400756ab118,COM-28713,USR-8590,NourritureEndommagée,"Tout était écrasé, expérience catastrophique.",4/22/2025 15:16,,élevé,Escaladé,,,REF-433533
5f5c0201-277b-421f-9754-cd182fc2d9af,COM-39675,USR-7060,CommandeErronée,"Commande erronée livrée, j'ai eu boisson et non dessert.",3/3/2025 15:16,,faible,Résolu,3/5/2025 3:16,MOD-4,REF-462303
7de7917e-01e4-4d25-8212-8f69bb893940,COM-93981,USR-8141,MauvaiseQualité,"pâtes n'était pas terrible, qualité moyenne.",10/16/2024 15:16,image_5970.jpg,moyen,Résolu,10/17/2024 15:16,MOD-7,REF-116712
ccc7847d-5166-45fa-9395-660ab9cb9bcc,COM-56203,USR-8736,NourritureEndommagée,"La commande était trempé, très déçu.",9/6/2024 15:16,,faible,Ouvert,,,REF-448061
5dcaa717-414a-4405-9b7a-8738184c61b5,COM-12193,USR-2771,CommandeErronée,"Erreur sur ma commande : boisson au lieu de sandwich, très agaçant.",7/9/2024 15:16,"image_9897.jpg,image_2510.jpg",élevé,Résolu,7/10/2024 2:16,MOD-10,REF-682121
4f6365c3-600b-46fc-b6c1-02b05a8311ae,COM-84915,USR-6167,NourritureEndommagée,"Tout était sans goût, expérience catastrophique.",8/2/2024 15:16,,élevé,Escaladé,,,REF-591068
be7787e3-8945-4f78-845c-beea2f8da012,COM-54808,USR-1575,ServiceClient,"Mauvaise expérience avec le support, très décevant.",5/24/2025 15:16,,moyen,Résolu,5/25/2025 14:16,MOD-9,REF-538518
84b57c14-1634-4195-b6f9-5dd44f085cfa,COM-10611,USR-2772,MauvaiseQualité,"sushi n'était pas terrible, qualité moyenne.",12/25/2024 15:16,image_5825.jpg,moyen,Escaladé,,,REF-515549
bd56dd6f-d237-40cc-9067-2cfa49a1534e,COM-26269,USR-9876,ProblèmePaiement,"J'ai été facturé deux fois pour ma commande, c'est inacceptable !",3/24/2025 15:16,,élevé,Ouvert,,,REF-297857
fa160394-eef5-42ed-b8ef-0d609c7c95d8,COM-18266,USR-8686,ProblèmePaiement,"Problème mineur avec le paiement, veuillez vérifier.",2/18/2025 15:16,image_1892.jpg,élevé,Escaladé,,,REF-684592
40fc8e6a-ba0b-471f-94a5-3b337041b872,COM-90270,USR-8260,CommandeErronée,"Petite erreur, j'ai reçu sushi au lieu de burger.",11/26/2024 15:16,,faible,Ouvert,,,REF-195016
2734fd15-c936-479b-a0b0-bdfa916d171c,COM-87214,USR-3033,MauvaiseQualité,"La nourriture était écrasé, pas à la hauteur.",10/3/2024 15:16,,faible,Ouvert,,,REF-388974
62d6bcaa-0e41-491f-b0e9-905737c3f2a2,COM-53337,USR-3766,MauvaiseQualité,"salade avait un goût sans goût, expérience horrible.",3/4/2025 15:16,,élevé,Escaladé,,,REF-913255
048db4fe-196e-4673-93ae-e764f90ee69d,COM-18461,USR-4471,ProblèmePaiement,"Erreur de facturation pour pâtes, très frustrant.",3/18/2025 15:16,,moyen,Ouvert,,,REF-523925
80b911f3-fa6d-42ba-8178-b4d61265887d,COM-54557,USR-7435,ArticleManquant,"Pas de boisson, c'est inacceptable et frustrant !",2/16/2025 15:16,,moyen,Ouvert,,,REF-545264
82b079a2-de0b-4f75-8a54-5c3ffeadfbef,COM-50289,USR-4661,LivraisonRetard,"Retard de 3 heures, c'est scandaleux et dérangeant !",1/17/2025 15:16,,élevé,Escaladé,,,REF-379239
de8203fc-3a97-43ae-bb73-7e894b680e9e,COM-94193,USR-3878,NourritureEndommagée,"burger était gâté, qualité inacceptable.",6/8/2025 15:16,,élevé,Escaladé,,,REF-456385
593d5d3d-0d70-461a-ae65-a3d03a585d0b,COM-10683,USR-6431,NourritureEndommagée,"salade livré brûlé, c'est scandaleux et dangereux !",7/20/2024 15:16,,élevé,Résolu,7/22/2024 15:16,MOD-1,REF-663895
9be05eb6-518d-48f1-a3e0-d4229bb2b8ca,COM-87827,USR-4938,NourritureEndommagée,"Tout était mal emballé, expérience catastrophique.",1/31/2025 15:16,image_1736.jpg,élevé,Ouvert,,,REF-340374
7339be26-7ebb-426b-b59d-87794c33c632,COM-72818,USR-2628,NourritureEndommagée,"Commande endommagée, salade était légèrement gâté.",3/29/2025 15:16,,élevé,Escaladé,,,REF-978596
687f35a0-647c-4e5f-99c9-fea3c5820e9f,COM-69961,USR-4569,LivraisonRetard,"Commande arrivée après 30 minutes, vraiment pas satisfait.",11/25/2024 15:16,image_9257.jpg,élevé,Résolu,11/26/2024 7:16,MOD-3,REF-221548
b016de73-878f-4bda-a952-c277500af0be,COM-20616,USR-8963,LivraisonRetard,"La nourriture est arrivée avec 1 heure de retard, service décevant.",6/18/2025 15:16,,moyen,Escaladé,,,REF-621695
32378321-31f5-4946-9993-184a13283539,COM-92437,USR-9688,ServiceClient,"Petit souci avec le support, mais acceptable.",5/1/2025 15:16,image_9874.jpg,moyen,Ouvert,,,REF-862136
53964ec6-7cd7-4a85-aeb7-62a1104647bf,COM-55578,USR-4621,CommandeErronée,"J'ai commandé dessert, mais j'ai reçu boisson.",7/25/2024 15:16,image_7693.jpg,faible,Escaladé,,,REF-728232
8842b190-47ce-4577-b3cc-596885cf194c,COM-91701,USR-2579,CommandeErronée,"Mauvais article livré, boisson à la place de sauce.",6/13/2025 15:16,,faible,Escaladé,,,REF-532729
fb5bbd41-0793-4daa-8556-8632c3f89d9a,COM-73861,USR-8700,NourritureEndommagée,"sushi était un peu mal emballé, mais mangeable.",12/10/2024 15:16,image_5095.jpg,faible,Ouvert,,,REF-654507
83888cbe-bade-4d53-a26c-a70fe41bc499,COM-72973,USR-9779,LivraisonRetard,"J'ai attendu 2 heures pour ma commande, très frustrant.",7/19/2024 15:16,,élevé,Escaladé,,,REF-214251
d070aca3-6fad-4c88-a923-a8837f6dc9f3,COM-68839,USR-2351,ServiceClient,"Petit souci avec le support, mais acceptable.",3/15/2025 15:16,"image_8426.jpg,image_2074.jpg",moyen,Ouvert,,,REF-169607
6cc94f3a-2632-40bd-a0a0-6121474bcf03,COM-76744,USR-7909,CommandeErronée,"J'ai commandé pizza, mais j'ai reçu sushi.",4/13/2025 15:16,,faible,Résolu,4/14/2025 7:16,MOD-18,REF-881797
471092b0-9ab1-46bb-bb07-7b101f0de2c7,COM-32789,USR-6506,NourritureEndommagée,"La nourriture était trempé, totalement immangeable.",6/23/2025 15:16,,élevé,Ouvert,,,REF-830001
a5f629d5-c9c5-4888-95e1-d1c0fab26d74,COM-99513,USR-2819,NourritureEndommagée,"La commande était moisi, très déçu.",6/29/2025 15:16,,élevé,Ouvert,,,REF-454374
34c146e9-513c-44fb-84b5-a019f64402a4,COM-18433,USR-7114,CommandeErronée,"Livré sandwich, mais je voulais sauce, c'est inacceptable.",3/27/2025 15:16,"image_8091.jpg,image_9911.jpg",moyen,Résolu,3/28/2025 18:16,MOD-4,REF-483101
27225f32-78ba-4045-9595-5312ff305944,COM-23819,USR-5329,CommandeErronée,"Livré salade, mais je voulais burger, c'est inacceptable.",5/21/2025 15:16,,faible,Escaladé,,,REF-302018
e7367e95-a456-4f0f-8241-6a4b70eb1118,COM-99042,USR-5886,ArticleManquant,"Il manque salade dans ma commande, très décevant.",4/27/2025 15:16,,moyen,Ouvert,,,REF-459889
a2d8c2fe-7059-4a92-ac21-7f2c0a28e5fc,COM-11308,USR-7399,ProblèmePaiement,"Problème de paiement, remboursement requis immédiatement.",11/3/2024 15:16,image_4724.jpg,élevé,Résolu,11/4/2024 21:16,MOD-11,REF-461918
09550ae1-25bc-4700-8639-496623360f65,COM-61249,USR-5194,CommandeErronée,"J'ai commandé frites, mais j'ai reçu boisson.",7/12/2024 15:16,,faible,Escaladé,,,REF-387228
8b3101c8-a9f0-4fa6-a17c-80d6f8ba4099,COM-76298,USR-6265,ServiceClient,"Le service client n'a pas résolu mon problème, frustrant.",1/2/2025 15:16,,moyen,Escaladé,,,REF-128132
9b430911-aaff-454d-b9eb-321f6a3041da,COM-28204,USR-2067,LivraisonRetard,"Livraison en retard de 3 heures, c'est gênant mais acceptable.",1/1/2025 15:16,,élevé,Escaladé,,,REF-822027
8a7efaf3-ad92-44be-9846-76c0d44ce195,COM-76412,USR-5023,ArticleManquant,"sushi manquant, veuillez résoudre immédiatement.",2/7/2025 15:16,,moyen,Ouvert,,,REF-306199
35a1fe2c-2398-4422-9f74-56c20a3cb8a1,COM-98529,USR-6957,MauvaiseQualité,"La nourriture était gâté, pas à la hauteur.",2/2/2025 15:16,image_2922.jpg,élevé,Escaladé,,,REF-929398
75c0decc-27bb-46e4-8555-1cb8bb6ce6de,COM-18730,USR-4129,ArticleManquant,Pourriez-vous vérifier pourquoi burger n'était pas inclus ?,9/5/2024 15:16,image_6541.jpg,faible,Résolu,9/7/2024 5:16,MOD-7,REF-287904
2b5c6a97-dde1-46d9-882a-bc14e681c862,COM-83256,USR-6855,CommandeErronée,"J'ai commandé sandwich, mais j'ai reçu sushi.",9/22/2024 15:16,,faible,Escaladé,,,REF-927032
f848ee38-826b-44ac-9b71-0863792fb66a,COM-94944,USR-2963,ServiceClient,"Réponse lente du service client, qualité médiocre.",3/3/2025 15:16,,faible,Ouvert,,,REF-330116
0bb03238-7268-443d-86c9-9cb4f2d6ca35,COM-36220,USR-5199,ArticleManquant,"Petit souci, il manquait salade dans la commande.",1/21/2025 15:16,,faible,Escaladé,,,REF-151403
c0d27d28-b467-4451-9ef0-9ff826fbf514,COM-20408,USR-9188,ProblèmePaiement,"Problème de paiement, remboursement requis immédiatement.",1/19/2025 15:16,,élevé,Ouvert,,,REF-575718
f5d96434-2b20-415d-aa85-07f90811399c,COM-82423,USR-5638,NourritureEndommagée,"sandwich est arrivé écrasé, besoin d'un remplacement.",3/22/2025 15:16,image_5890.jpg,faible,Résolu,3/24/2025 13:16,MOD-3,REF-352756
9aedc48c-8bf5-417d-a4b7-f6aa6b0ba818,COM-60995,USR-3239,MauvaiseQualité,"Très mauvaise qualité de salade, immangeable.",9/12/2024 15:16,,élevé,Ouvert,,,REF-801632
d08a9e6e-f36b-4cf6-8a63-e0db21ca1c34,COM-16502,USR-7607,ProblèmePaiement,"Problème de paiement, remboursement requis immédiatement.",4/9/2025 15:16,,élevé,Escaladé,,,REF-905674
edd9765f-2f76-4b43-a844-f4e6cdfe6fae,COM-37240,USR-5422,LivraisonRetard,"Livraison en retard de 1 heure, c'est gênant mais acceptable.",6/19/2025 15:16,image_7337.jpg,élevé,Ouvert,,,REF-575099
880fac4d-b1c5-4ee1-b6bc-2d01b7f71ecb,COM-90807,USR-1655,ProblèmePaiement,"Petite erreur de facturation, mais gênante.",11/27/2024 15:16,,moyen,Résolu,11/28/2024 8:16,MOD-4,REF-501397
fdb8e67e-8631-4549-b1c7-de80034f3a8d,COM-71330,USR-4161,LivraisonRetard,"Retard de 2 heures, c'est scandaleux et dérangeant !",7/23/2024 15:16,,élevé,Résolu,7/24/2024 2:16,MOD-6,REF-953494
a900cb08-a045-444f-98a4-f894a93fe70f,COM-61009,USR-2533,LivraisonRetard,"J'ai attendu 2 heures pour ma commande, très frustrant.",10/13/2024 15:16,,élevé,Résolu,10/14/2024 22:16,MOD-12,REF-299855
11f23b3a-b61d-44b8-834b-ed194ab2ad54,COM-60201,USR-3559,ServiceClient,"Petit souci avec le support, mais acceptable.",6/28/2025 15:16,"image_2867.jpg,image_9339.jpg",moyen,Résolu,6/30/2025 2:16,MOD-10,REF-208970
a462f011-0e49-4774-be88-4410a1cf82d3,COM-22042,USR-9990,LivraisonRetard,"La commande a été livrée avec 30 minutes de retard, la nourriture était froide.",2/16/2025 15:16,,faible,Escaladé,,,REF-777458
02de6771-a16a-4822-8940-54710ddbf857,COM-80024,USR-2270,LivraisonRetard,"Retard de 30 minutes, c'est scandaleux et dérangeant !",8/14/2024 15:16,,moyen,Escaladé,,,REF-325592
9a224a87-4a19-4eed-9347-c92d43744f77,COM-17177,USR-1039,MauvaiseQualité,"Qualité médiocre de pizza, très frustrant.",8/11/2024 15:16,,moyen,Ouvert,,,REF-248654
da9fa185-bfd1-4ab1-8990-d78eb3f5fa97,COM-39746,USR-8638,NourritureEndommagée,"pizza était un peu mal emballé, mais mangeable.",7/28/2024 15:16,image_2782.jpg,faible,Résolu,7/30/2024 8:16,MOD-13,REF-691069
c18a7a4a-96d4-4a76-9ba7-13d5a8e0b71b,COM-98081,USR-9888,ArticleManquant,"Manque sandwich, service médiocre.",6/9/2025 15:16,,faible,Résolu,6/11/2025 5:16,MOD-7,REF-345311
4216c4d9-43cc-45e4-8fd8-b9eb6338450c,COM-79496,USR-6484,CommandeErronée,"Commande incorrecte, mais le goût de burger était acceptable.",9/30/2024 15:16,,faible,Escaladé,,,REF-887902
5ee09180-419d-4f9c-803b-588dd0b1b7cb,COM-24699,USR-1406,ServiceClient,"Le service client n'a pas résolu mon problème, frustrant.",9/9/2024 15:16,,moyen,Escaladé,,,REF-382709
32d82fef-74ad-4a6c-8442-6398c68a589d,COM-81212,USR-5204,ServiceClient,"Petit souci avec le support, mais acceptable.",7/12/2024 15:16,,faible,Escaladé,,,REF-438429
ce1ff52c-7bbd-4b72-ab0c-f3d47c804f44,COM-89425,USR-8844,ProblèmePaiement,"Petite erreur de facturation, mais gênante.",10/19/2024 15:16,image_1570.jpg,élevé,Escaladé,,,REF-355394
c999c27c-a9ec-4f57-9ed7-7daa2306d6e4,COM-90846,USR-6163,LivraisonRetard,"La nourriture est arrivée avec 1 heure de retard, service décevant.",1/29/2025 15:16,,moyen,Résolu,1/30/2025 0:16,MOD-8,REF-932856
b3f531f9-6d0f-4db9-89c2-14ac2e0feb6b,COM-19636,USR-7648,ArticleManquant,Pourriez-vous vérifier pourquoi sauce n'était pas inclus ?,2/1/2025 15:16,image_7804.jpg,faible,Escaladé,,,REF-591261
0e2eef3f-5a93-4033-9b17-eb55ce2dacf9,COM-25278,USR-3888,NourritureEndommagée,"boisson était un peu gâté, mais mangeable.",9/23/2024 15:16,"image_1558.jpg,image_2375.jpg",élevé,Escaladé,,,REF-175293
f813258d-e6b2-4224-bc64-2245485e12b0,COM-11306,USR-6969,MauvaiseQualité,"Le goût de burger était un peu sans goût, mais acceptable.",7/9/2024 15:16,,faible,Résolu,7/10/2024 16:16,MOD-5,REF-284818
8590db25-8aa5-4aa9-a447-0260a927de3b,COM-68011,USR-3971,CommandeErronée,"Petite erreur, j'ai reçu salade au lieu de dessert.",2/7/2025 15:16,,faible,Résolu,2/8/2025 6:16,MOD-1,REF-337171
b8d4dbb3-76e3-4105-942d-4cce3f8714e2,COM-30135,USR-8377,ArticleManquant,"Commande incomplète, burger non livré.",12/14/2024 15:16,,faible,Escaladé,,,REF-269542
b1b8ca77-80a3-4906-86e9-2e4832b8bd6f,COM-26840,USR-1332,MauvaiseQualité,"sauce avait un goût trempé, expérience horrible.",3/11/2025 15:16,,élevé,Escaladé,,,REF-434592
07ff817d-1dc8-4ab9-98bf-8a6ed442c00a,COM-88621,USR-6797,CommandeErronée,"J'ai commandé pâtes, mais j'ai reçu boisson.",8/24/2024 15:16,,faible,Ouvert,,,REF-218541
70461623-66ca-4cd8-8024-e92bfe856b6b,COM-36062,USR-5078,ProblèmePaiement,"Problème mineur avec le paiement, veuillez vérifier.",9/21/2024 15:16,image_7834.jpg,élevé,Résolu,9/23/2024 0:16,MOD-7,REF-144021
e51404c2-9641-4a61-8e78-8810c5db8567,COM-89036,USR-3866,MauvaiseQualité,"sushi n'était pas terrible, qualité moyenne.",2/17/2025 15:16,image_1489.jpg,moyen,Ouvert,,,REF-628335
e936f7ad-9e76-48f7-9ab1-5c15ddb9f91e,COM-72944,USR-6369,MauvaiseQualité,"sushi était mal emballé, totalement dégoûtant !",4/2/2025 15:16,,élevé,Escaladé,,,REF-346419
591db8cd-b0fb-4467-a93b-6380f806e526,COM-88191,USR-1126,ArticleManquant,"Commande incomplète, burger non livré.",9/5/2024 15:16,image_9900.jpg,faible,Escaladé,,,REF-728050
0c0e23c0-6ccd-4074-acfd-eff392e5b2b2,COM-65843,USR-3732,LivraisonRetard,"Retard de 90 minutes, c'est scandaleux et dérangeant !",6/22/2025 15:16,,moyen,Résolu,6/23/2025 8:16,MOD-6,REF-263302
ad9ac417-0449-41a1-a838-b43690e6bdf3,COM-37270,USR-7760,NourritureEndommagée,"La nourriture était écrasé, totalement immangeable.",10/22/2024 15:16,image_5234.jpg,élevé,Escaladé,,,REF-241473
abf91306-ae68-478e-a6ba-ee95cf90fdce,COM-43395,USR-3446,CommandeErronée,"Petite erreur, j'ai reçu burger au lieu de pizza.",1/23/2025 15:16,image_2270.jpg,faible,Ouvert,,,REF-165855
e6b95ade-a63a-433d-93d5-93124cd370dd,COM-46673,USR-8301,CommandeErronée,"Livré pâtes, mais je voulais frites, c'est inacceptable.",2/25/2025 15:16,,faible,Résolu,2/26/2025 12:16,MOD-9,REF-277279
f374442e-1d6e-40b3-ac2a-8b1affa18b4f,COM-69540,USR-4898,NourritureEndommagée,"La commande était moisi, très déçu.",4/30/2025 15:16,image_8735.jpg,élevé,Résolu,5/1/2025 12:16,MOD-19,REF-101794
0e2d83a1-7ad3-4d92-8087-208c201639c2,COM-19691,USR-7482,ProblèmePaiement,"Problème mineur avec le paiement, veuillez vérifier.",1/29/2025 15:16,image_8683.jpg,élevé,Ouvert,,,REF-681871
e68c43ce-cc57-4be2-856a-0fe8723adf16,COM-56503,USR-3822,ProblèmePaiement,"Problème mineur avec le paiement, veuillez vérifier.",8/19/2024 15:16,,moyen,Résolu,8/20/2024 4:16,MOD-19,REF-303263
83b6b8c5-5322-4cef-a32c-6aba65f8b087,COM-11399,USR-8696,LivraisonRetard,"J'ai attendu 2 heures pour ma commande, très frustrant.",1/29/2025 15:16,,élevé,Escaladé,,,REF-423314
15cc415d-2eaf-423c-bf5f-92f50a82ef05,COM-89877,USR-3298,ServiceClient,"Mauvaise expérience avec le support, très décevant.",11/22/2024 15:16,image_6804.jpg,élevé,Résolu,11/23/2024 14:16,MOD-5,REF-595841
f86e59ad-cf02-4a23-8d40-8e95b653c758,COM-29086,USR-7509,CommandeErronée,"Petite erreur, j'ai reçu pizza au lieu de pâtes.",6/10/2025 15:16,,faible,Résolu,6/11/2025 19:16,MOD-20,REF-569834
d699dee4-b1e2-42da-8ed2-34ecc31b013f,COM-56809,USR-7731,ArticleManquant,"Je n'ai pas reçu sandwich, besoin d'un remboursement.",8/25/2024 15:16,image_1156.jpg,faible,Escaladé,,,REF-737180
5a7088d1-fe91-4200-8493-9a72e349a099,COM-53904,USR-5137,CommandeErronée,"Commande incorrecte, mais le goût de pâtes était acceptable.",8/6/2024 15:16,,faible,Escaladé,,,REF-167962
048e5d61-8727-4b3d-bf4c-7e79e8900b32,COM-85720,USR-7688,ServiceClient,"Service client correct, mais pourrait être plus rapide.",8/29/2024 15:16,,faible,Résolu,8/31/2024 6:16,MOD-6,REF-611595
d173983b-c89e-46d6-b9d9-04914b55365e,COM-26927,USR-7383,ArticleManquant,"Commande incomplète, pâtes non livré.",3/10/2025 15:16,,faible,Ouvert,,,REF-121513
afaaac00-99c9-4c8c-aa83-68962cabcfde,COM-60222,USR-1888,CommandeErronée,"Livré salade, mais je voulais pâtes, c'est inacceptable.",7/30/2024 15:16,image_3821.jpg,moyen,Escaladé,,,REF-666774
618a2eea-a27d-4e81-a6c9-f623eb07b653,COM-55570,USR-2268,ArticleManquant,"Manque sandwich, service médiocre.",8/22/2024 15:16,image_7444.jpg,moyen,Ouvert,,,REF-716185
95690add-fa22-4559-aca4-b6af96ee6b82,COM-14868,USR-1520,ArticleManquant,"salade manquant, veuillez résoudre immédiatement.",1/20/2025 15:16,,moyen,Résolu,1/21/2025 11:16,MOD-13,REF-562952
32e3c5cf-9b04-4f37-963d-8d5e6be5192c,COM-77397,USR-8353,ArticleManquant,"Je n'ai pas reçu sauce, besoin d'un remboursement.",1/3/2025 15:16,,faible,Ouvert,,,REF-418993
85104a3c-327a-4cd8-9312-8a177a773f0f,COM-33456,USR-3378,NourritureEndommagée,"burger est arrivé moisi, besoin d'un remplacement.",6/5/2025 15:16,,élevé,Ouvert,,,REF-844888
4bc78fcf-83bf-4faf-8fb2-8f263aecb7d9,COM-18025,USR-9784,NourritureEndommagée,"burger livré sans goût, c'est scandaleux et dangereux !",10/11/2024 15:16,image_1023.jpg,élevé,Escaladé,,,REF-213785
51ffb0d8-22ad-413c-933b-9dd58858bc6b,COM-48155,USR-5105,ServiceClient,"Le service client n'a pas résolu mon problème, frustrant.",11/17/2024 15:16,image_9269.jpg,élevé,Escaladé,,,REF-432923
1c41e688-27d3-4d9e-bccb-d8e638bffed8,COM-14424,USR-9171,NourritureEndommagée,"sandwich livré mal emballé, c'est scandaleux et dangereux !",10/4/2024 15:16,,élevé,Escaladé,,,REF-411324
e68f1690-33a1-4927-9b8c-2a1e53801764,COM-69242,USR-7802,LivraisonRetard,"Livraison retardée de 30 minutes, totalement inacceptable !",12/10/2024 15:16,image_2815.jpg,moyen,Résolu,12/11/2024 7:16,MOD-14,REF-695147
fa00796f-2bb0-4af3-b1a4-f6db7737ce97,COM-13626,USR-1624,CommandeErronée,"Livré dessert, mais je voulais boisson, c'est inacceptable.",5/31/2025 15:16,,faible,Escaladé,,,REF-790325
558653de-cb2f-4644-9d54-23642fe3d4ba,COM-20658,USR-9599,ServiceClient,"Service client correct, mais pourrait être plus rapide.",1/26/2025 15:16,image_1116.jpg,moyen,Ouvert,,,REF-663068
5f1639bf-4caa-4c98-99b1-b8521a4d9bea,COM-59795,USR-2846,ProblèmePaiement,"Surfacturation de la commande, service client désastreux.",11/30/2024 15:16,,élevé,Résolu,11/30/2024 16:16,MOD-13,REF-568683
689b7724-d417-4521-99e6-be17bc20de0a,COM-23851,USR-6754,LivraisonRetard,"Livraison retardée de 2 heures, totalement inacceptable !",6/5/2025 15:16,image_5622.jpg,élevé,Escaladé,,,REF-531673
a7bea0c2-644b-475e-b9f1-a2d48603d50f,COM-37533,USR-2103,LivraisonRetard,"J'ai attendu 2 heures pour ma commande, très frustrant.",3/27/2025 15:16,image_4537.jpg,élevé,Escaladé,,,REF-882913
bf11f66a-4345-4eec-96dc-b339ad12dff1,COM-82322,USR-6044,ServiceClient,"Service client correct, mais pourrait être plus rapide.",7/16/2024 15:16,,faible,Escaladé,,,REF-725410
548d47d8-f53e-470a-99bc-a23ef273ea2c,COM-97062,USR-6911,LivraisonRetard,"Petit retard de 90 minutes, mais la nourriture était correcte.",7/4/2024 15:16,image_3914.jpg,élevé,Escaladé,,,REF-361038
b802c31a-db71-4f09-b043-2408e3f07504,COM-98307,USR-3365,CommandeErronée,"Commande erronée livrée, j'ai eu sauce et non pâtes.",6/3/2025 15:16,"image_6667.jpg,image_7652.jpg",faible,Escaladé,,,REF-242571
da019500-76ee-4cc6-aae4-c2021ffbf2d1,COM-85928,USR-8083,ServiceClient,"Mauvaise expérience avec le support, très décevant.",1/20/2025 15:16,image_2471.jpg,élevé,Escaladé,,,REF-416458
934ea8e3-4f66-4f78-a4ca-a933d8c92618,COM-71891,USR-6138,ProblèmePaiement,"Petite erreur de facturation, mais gênante.",9/22/2024 15:16,"image_4099.jpg,image_6587.jpg",élevé,Résolu,9/23/2024 7:16,MOD-18,REF-526854
91ddd0ac-3463-4073-b6c5-0ceb038bd581,COM-15800,USR-4222,LivraisonRetard,"Petit retard de 30 minutes, mais la nourriture était correcte.",7/19/2024 15:16,,faible,Résolu,7/21/2024 12:16,MOD-12,REF-428775
efd53e01-c371-4d9a-b344-9601a573434d,COM-23055,USR-8900,NourritureEndommagée,"sauce était gâté, qualité inacceptable.",6/5/2025 15:16,,élevé,Escaladé,,,REF-877430
44797fb6-6c38-4fb6-b749-0c4d05d6376d,COM-12021,USR-1677,CommandeErronée,"Commande erronée livrée, j'ai eu boisson et non sandwich.",6/26/2025 15:16,,faible,Ouvert,,,REF-585966
8175d71f-a237-4889-b526-827139957ade,COM-24800,USR-2720,ServiceClient,"Service client correct, mais pourrait être plus rapide.",4/22/2025 15:16,image_1908.jpg,moyen,Escaladé,,,REF-569738
1457d41a-74b1-4896-a15c-6cd1cb27eb57,COM-33896,USR-2899,CommandeErronée,J'ai reçu burger au lieu de salade.,2/17/2025 15:16,image_4484.jpg,faible,Escaladé,,,REF-232228
cc282922-ab52-4262-9f22-e7979590f6b5,COM-33358,USR-2023,NourritureEndommagée,"pâtes était écrasé, qualité inacceptable.",3/30/2025 15:16,,élevé,Résolu,3/31/2025 13:16,MOD-13,REF-927858
f1041318-f50f-4709-b5ab-51ddd4a8f76d,COM-42739,USR-4249,ProblèmePaiement,"Surfacturation de la commande, service client désastreux.",9/14/2024 15:16,"image_1021.jpg,image_3503.jpg",élevé,Escaladé,,,REF-765827
790ba5ac-75c5-4288-bbda-b292b9d68f4a,COM-75733,USR-3629,MauvaiseQualité,"Très mauvaise qualité de pâtes, immangeable.",7/11/2024 15:16,,élevé,Ouvert,,,REF-414533
b1a887ed-3ba4-4106-8d09-9e1b8cffb5b7,COM-28988,USR-3783,ServiceClient,"Petit souci avec le support, mais acceptable.",6/29/2025 15:16,,faible,Escaladé,,,REF-136676
a9fedd04-41b5-4d73-9fa8-77cfac15425f,COM-28944,USR-9442,CommandeErronée,"Livré pizza, mais je voulais pâtes, c'est inacceptable.",4/1/2025 15:16,image_3646.jpg,moyen,Résolu,4/3/2025 1:16,MOD-15,REF-988525
2fd38437-5d1a-4f9c-8a43-d37843c60478,COM-47779,USR-5897,ArticleManquant,"burger manquant, veuillez résoudre immédiatement.",3/14/2025 15:16,,moyen,Résolu,3/15/2025 11:16,MOD-11,REF-450782
6525eb71-b367-4780-921e-abbdacf9b913,COM-63663,USR-6428,LivraisonRetard,"Livraison en retard de 90 minutes, c'est gênant mais acceptable.",6/20/2025 15:16,,moyen,Escaladé,,,REF-978498
0949432e-ce34-4b24-b2dd-72fd5142b815,COM-38676,USR-7920,MauvaiseQualité,"burger était mal emballé, totalement dégoûtant !",12/3/2024 15:16,,élevé,Escaladé,,,REF-210898
541046ae-2d16-4caf-8101-a8512d50da89,COM-80929,USR-7885,LivraisonRetard,"Retard de 1 heure, c'est scandaleux et dérangeant !",11/20/2024 15:16,,moyen,Résolu,11/22/2024 11:16,MOD-6,REF-629488
ed1fff0e-0663-4df0-bb53-c92273f9f6b2,COM-95934,USR-5691,ArticleManquant,"Petit souci, il manquait sauce dans la commande.",9/26/2024 15:16,,faible,Ouvert,,,REF-769978
e9fa49ba-de71-4c5f-beae-fbf249ba2d9d,COM-63077,USR-4574,ServiceClient,"Petit souci avec le support, mais acceptable.",2/24/2025 15:16,image_7679.jpg,moyen,Ouvert,,,REF-821572
cf776cee-73f6-477f-ad70-662848691368,COM-48330,USR-4256,ProblèmePaiement,"Petite erreur de facturation, mais gênante.",7/29/2024 15:16,,moyen,Ouvert,,,REF-427535
e18b1521-ef7e-43a4-b98d-0ca22f682f5d,COM-23014,USR-8308,CommandeErronée,"Commande incorrecte, mais le goût de burger était acceptable.",11/7/2024 15:16,,faible,Résolu,11/8/2024 17:16,MOD-3,REF-570107
4c098039-b6e6-4f53-ac3f-2b8acd4158ea,COM-90490,USR-5573,NourritureEndommagée,"dessert est arrivé trempé, besoin d'un remplacement.",5/18/2025 15:16,,faible,Résolu,5/19/2025 6:16,MOD-11,REF-497812
eccd364c-cd8c-4851-bcc9-821f5206b595,COM-88248,USR-4875,LivraisonRetard,"Livraison retardée de 90 minutes, totalement inacceptable !",4/13/2025 15:16,,moyen,Ouvert,,,REF-974014
60364673-d76a-47d0-bb48-5f21f72fcbf1,COM-77894,USR-6992,ProblèmePaiement,"Problème mineur avec le paiement, veuillez vérifier.",12/31/2024 15:16,image_9052.jpg,élevé,Ouvert,,,REF-107657
00940dee-0cd0-48df-af85-0e2b2da64d61,COM-76726,USR-4640,ArticleManquant,"Je n'ai pas reçu dessert, besoin d'un remboursement.",3/23/2025 15:16,,faible,Escaladé,,,REF-509564
1fee60f5-7b73-4cc3-84e0-44f0b580b7d5,COM-24104,USR-8451,ArticleManquant,"Petit souci, il manquait sauce dans la commande.",7/27/2024 15:16,,faible,Escaladé,,,REF-216015
d6793483-e74e-42c4-a568-3520e8165241,COM-39537,USR-2672,LivraisonRetard,"La commande a été livrée avec 3 heures de retard, la nourriture était froide.",12/11/2024 15:16,image_5707.jpg,élevé,Résolu,12/13/2024 3:16,MOD-12,REF-982018
72e18251-1b52-487e-9fc7-4ecf0357fcb7,COM-92316,USR-7865,MauvaiseQualité,"Le goût de pizza était un peu mal emballé, mais acceptable.",7/13/2024 15:16,image_9530.jpg,moyen,Escaladé,,,REF-555706
19d8a04c-3ad7-4c30-af22-35ba4ab53459,COM-49278,USR-3199,ArticleManquant,"Pas de burger, c'est inacceptable et frustrant !",10/13/2024 15:16,image_7424.jpg,élevé,Résolu,10/13/2024 21:16,MOD-14,REF-708551
ea8fe712-4bd2-4470-bd16-d0b4946cb7b0,COM-79843,USR-3918,NourritureEndommagée,"Commande endommagée, boisson était légèrement sans goût.",11/11/2024 15:16,image_3770.jpg,faible,Résolu,11/13/2024 14:16,MOD-14,REF-547758
92bfba99-e5de-4f0a-bd66-d67c70caae65,COM-89178,USR-5829,MauvaiseQualité,"pizza n'était pas terrible, qualité moyenne.",11/23/2024 15:16,,faible,Ouvert,,,REF-408515
59b080d4-53fd-4f24-b6d5-bc530e9f4154,COM-72013,USR-4378,ProblèmePaiement,"Petite erreur de facturation, mais gênante.",12/1/2024 15:16,,moyen,Escaladé,,,REF-452657
f0dfccac-268d-4a0a-a383-75d94656a408,COM-15875,USR-7730,MauvaiseQualité,"Qualité médiocre de sandwich, très frustrant.",6/5/2025 15:16,,moyen,Ouvert,,,REF-736053
07bc8ce5-3299-43ca-a3a3-c43024155b3c,COM-65025,USR-1012,CommandeErronée,"Petite erreur, j'ai reçu pizza au lieu de frites.",6/3/2025 15:16,,faible,Résolu,6/5/2025 11:16,MOD-20,REF-653031
4f8ff2de-4645-455d-947e-8367573fce96,COM-84321,USR-3872,ServiceClient,"Mauvaise expérience avec le support, très décevant.",6/12/2025 15:16,image_9025.jpg,élevé,Escaladé,,,REF-567352
82f36cbe-1781-4375-9e7d-9f0245133188,COM-72922,USR-5043,ServiceClient,"Le service client n'a pas résolu mon problème, frustrant.",7/6/2024 15:16,,moyen,Escaladé,,,REF-969295
d9e6fe0b-62dc-4945-907f-d400ce47c5eb,COM-64932,USR-8144,MauvaiseQualité,"salade était brûlé, je ne commanderai plus.",7/7/2024 15:16,,faible,Résolu,7/8/2024 18:16,MOD-1,REF-884710
d94c30c7-2641-4469-8a7a-da46e40511c5,COM-78940,USR-2191,CommandeErronée,"Commande erronée livrée, j'ai eu burger et non sushi.",3/22/2025 15:16,image_8181.jpg,faible,Ouvert,,,REF-444090
869579b7-8d4a-42be-a023-587fcdd3f39b,COM-59700,USR-6594,LivraisonRetard,"Commande arrivée après 90 minutes, vraiment pas satisfait.",2/28/2025 15:16,,moyen,Escaladé,,,REF-225858
edbc5ebd-21bb-4e1d-80f3-e0d8381805b0,COM-71785,USR-1796,MauvaiseQualité,"La nourriture était froid, pas à la hauteur.",4/23/2025 15:16,,faible,Escaladé,,,REF-567129
66f7e557-5519-41f0-807d-8a7dec0072e6,COM-40881,USR-4561,ServiceClient,"Mauvaise expérience avec le support, très décevant.",11/5/2024 15:16,,élevé,Résolu,11/7/2024 12:16,MOD-20,REF-346781
b9ebd066-615f-49ee-a6b0-03fc0b561e31,COM-69387,USR-5496,LivraisonRetard,"Retard de 1 heure, c'est scandaleux et dérangeant !",1/21/2025 15:16,image_4924.jpg,élevé,Résolu,1/22/2025 17:16,MOD-13,REF-232047
45459c2c-08f7-4531-a6f6-ffca04cf236b,COM-40228,USR-6373,ServiceClient,"Service client injoignable, c'est insupportable !",8/16/2024 15:16,image_5339.jpg,élevé,Résolu,8/17/2024 12:16,MOD-20,REF-466041
23ee9635-0874-44ea-bcd8-6f4574e1f36d,COM-87176,USR-4744,MauvaiseQualité,"Le goût de sushi était un peu froid, mais acceptable.",9/2/2024 15:16,,moyen,Escaladé,,,REF-690184
47b1589f-82ca-4d7c-9b76-a1e6f84383d8,COM-30147,USR-2643,ServiceClient,"Service client injoignable, c'est insupportable !",6/14/2025 15:16,image_3730.jpg,élevé,Ouvert,,,REF-665597
ac81f35f-eea1-40cd-8567-b89242df867b,COM-67469,USR-1149,LivraisonRetard,"La commande a été livrée avec 1 heure de retard, la nourriture était froide.",12/30/2024 15:16,,moyen,Escaladé,,,REF-117485
73be0439-f076-4e17-889c-aa2f2210f158,COM-60612,USR-2979,CommandeErronée,"Erreur sur ma commande : pâtes au lieu de pizza, très agaçant.",6/16/2025 15:16,,moyen,Ouvert,,,REF-521390
8e5351b6-ff98-4c10-b3fb-d989fed33d44,COM-74317,USR-1251,ProblèmePaiement,"Erreur de facturation pour sauce, très frustrant.",1/16/2025 15:16,,moyen,Escaladé,,,REF-533628
70038c87-f228-41ff-ae9c-78eb40821066,COM-52750,USR-6076,CommandeErronée,"Commande erronée livrée, j'ai eu sauce et non salade.",10/19/2024 15:16,image_6713.jpg,faible,Ouvert,,,REF-220483
79b889c5-8c84-4285-9feb-a32f37485e37,COM-55672,USR-6868,MauvaiseQualité,"Très mauvaise qualité de frites, immangeable.",1/10/2025 15:16,,élevé,Ouvert,,,REF-973081
3038923f-d998-43da-af51-790d45a002f5,COM-98374,USR-7378,CommandeErronée,J'ai reçu boisson au lieu de burger.,12/2/2024 15:16,,faible,Ouvert,,,REF-794252
6511ac8e-f735-4ffc-a236-4c2e53aa4eb9,COM-44267,USR-4414,MauvaiseQualité,"Le goût de dessert était un peu moisi, mais acceptable.",7/9/2024 15:16,,élevé,Résolu,7/11/2024 12:16,MOD-20,REF-287787
ab80fdec-1692-455d-a6db-da1bddab3241,COM-17357,USR-3513,ProblèmePaiement,"Petite erreur de facturation, mais gênante.",7/9/2024 15:16,"image_7685.jpg,image_2869.jpg",élevé,Escaladé,,,REF-773607
964099f4-5c3f-4bff-900e-2f27ee465fd1,COM-91522,USR-4770,CommandeErronée,"Petite erreur, j'ai reçu sauce au lieu de frites.",3/4/2025 15:16,"image_8938.jpg,image_4070.jpg",faible,Ouvert,,,REF-198664
46c0c485-d0e6-4a67-8f13-02cfa8167da5,COM-86935,USR-9196,MauvaiseQualité,"frites n'était pas terrible, qualité moyenne.",11/8/2024 15:16,image_5966.jpg,moyen,Résolu,11/9/2024 16:16,MOD-19,REF-184943
212e9f8c-d32c-4387-863a-235b439232ae,COM-66574,USR-6162,ArticleManquant,Pourriez-vous vérifier pourquoi burger n'était pas inclus ?,5/15/2025 15:16,,faible,Résolu,5/17/2025 7:16,MOD-9,REF-923707
d802583c-401a-4eca-986e-641d0862211a,COM-91279,USR-1333,MauvaiseQualité,"Qualité médiocre de burger, très frustrant.",10/16/2024 15:16,,moyen,Résolu,10/16/2024 22:16,MOD-3,REF-419627
061fc9b0-4610-4381-b40d-7ed632db9ce5,COM-27164,USR-2254,LivraisonRetard,"La commande a été livrée avec 30 minutes de retard, la nourriture était froide.",10/10/2024 15:16,,faible,Résolu,10/10/2024 17:16,MOD-10,REF-302945
586f3989-90f0-4f37-ae8d-65be0b35e8dc,COM-90791,USR-2441,LivraisonRetard,"La nourriture est arrivée avec 2 heures de retard, service décevant.",6/23/2025 15:16,image_6615.jpg,élevé,Résolu,6/25/2025 7:16,MOD-14,REF-266515
da69254b-4e52-4095-a224-3839b19aa9bf,COM-44156,USR-6168,ProblèmePaiement,"Erreur de facturation pour sandwich, très frustrant.",2/27/2025 15:16,,moyen,Escaladé,,,REF-763531
ae9081d6-78b4-4a54-98f0-ac58df44dd50,COM-41778,USR-6341,ArticleManquant,"Manque pizza, service médiocre.",3/8/2025 15:16,,faible,Résolu,3/8/2025 21:16,MOD-9,REF-104711
ad782940-a05e-4d57-a4ff-b8e305c3dec0,COM-70350,USR-5517,LivraisonRetard,"Commande arrivée après 2 heures, vraiment pas satisfait.",1/23/2025 15:16,,élevé,Ouvert,,,REF-622312
e60a0c4e-89e9-4818-8071-7228c28cd90e,COM-50856,USR-3780,NourritureEndommagée,"sandwich livré brûlé, c'est scandaleux et dangereux !",8/7/2024 15:16,,élevé,Résolu,8/8/2024 2:16,MOD-11,REF-475447
2ecadaae-f0f4-4e5a-9c19-c971d5b0baa3,COM-62150,USR-4189,MauvaiseQualité,"Qualité médiocre de pâtes, très frustrant.",8/2/2024 15:16,,moyen,Escaladé,,,REF-116003
25433330-87e8-4474-a6cb-3fca7cfd357d,COM-20167,USR-8764,ArticleManquant,"Pas de sushi, c'est inacceptable et frustrant !",9/10/2024 15:16,image_1623.jpg,élevé,Escaladé,,,REF-240542
b6b5b1b5-54f7-4c7c-a19f-05194134f03f,COM-10514,USR-1673,CommandeErronée,"Commande incorrecte, mais le goût de sushi était acceptable.",7/19/2024 15:16,image_5805.jpg,moyen,Escaladé,,,REF-815565
2794c07f-4835-4a99-bfec-c197a7263b6e,COM-10397,USR-4100,MauvaiseQualité,"sauce était brûlé, totalement dégoûtant !",10/10/2024 15:16,,élevé,Ouvert,,,REF-622212
a95268c5-51d6-4d76-a0e1-73ddee27648c,COM-10975,USR-5374,CommandeErronée,"Petite erreur, j'ai reçu pizza au lieu de sandwich.",5/2/2025 15:16,,faible,Résolu,5/3/2025 17:16,MOD-4,REF-563314
c6b2e3cf-6f44-4b5c-a898-1a36ae2c45fc,COM-78671,USR-3281,MauvaiseQualité,"Qualité médiocre de sushi, très frustrant.",7/29/2024 15:16,,moyen,Résolu,7/29/2024 20:16,MOD-8,REF-290734
044eeda8-20d1-4143-ba75-4f3ae6e2de72,COM-55773,USR-1629,CommandeErronée,"J'ai commandé burger, mais j'ai reçu boisson.",7/5/2024 15:16,,faible,Résolu,7/6/2024 22:16,MOD-16,REF-482528
0b0f9621-55a4-4231-8ef6-4373f5a3eefa,COM-96365,USR-8009,ServiceClient,"Petit souci avec le support, mais acceptable.",11/6/2024 15:16,image_2228.jpg,moyen,Escaladé,,,REF-182004
aabe8a32-003f-4421-9c06-2f2962db5e19,COM-82908,USR-8919,ArticleManquant,"Manque pâtes, service médiocre.",8/19/2024 15:16,,faible,Escaladé,,,REF-613187
32c344c7-a804-464c-8799-ba01c0b60195,COM-31846,USR-2034,NourritureEndommagée,"Tout était trempé, expérience catastrophique.",3/3/2025 15:16,,élevé,Escaladé,,,REF-500482
29559e44-f9b0-47c2-b1bc-52144067d2a4,COM-35656,USR-1826,ServiceClient,"Le service client n'a pas résolu mon problème, frustrant.",1/18/2025 15:16,"image_8127.jpg,image_2894.jpg",élevé,Résolu,1/19/2025 14:16,MOD-6,REF-157945
9503916a-a471-48f8-a9b3-ac1499ad2400,COM-98722,USR-6854,CommandeErronée,"Mauvais article livré, sandwich à la place de dessert.",11/8/2024 15:16,image_6688.jpg,faible,Résolu,11/10/2024 13:16,MOD-12,REF-757296
5d2250c1-6e43-4984-a972-6c5d56a1476b,COM-78175,USR-2650,ServiceClient,"Mauvaise expérience avec le support, très décevant.",2/5/2025 15:16,,moyen,Escaladé,,,REF-290111
8355b38a-5fb3-4ace-914a-e6300f06ada4,COM-22161,USR-2420,MauvaiseQualité,"burger n'était pas terrible, qualité moyenne.",8/8/2024 15:16,,faible,Résolu,8/9/2024 10:16,MOD-3,REF-613575
12374dab-6c12-444c-a9c9-d9fdfd7c588b,COM-96343,USR-4039,MauvaiseQualité,"Très mauvaise qualité de pâtes, immangeable.",11/29/2024 15:16,,élevé,Résolu,12/1/2024 12:16,MOD-3,REF-601830
383a7980-85fb-435c-9016-dd2e67415334,COM-78385,USR-3516,LivraisonRetard,"Livraison retardée de 30 minutes, totalement inacceptable !",5/18/2025 15:16,,faible,Résolu,5/19/2025 17:16,MOD-20,REF-502419
d8e99230-6727-45dc-b50f-56e073afb2e8,COM-98444,USR-3829,CommandeErronée,"Petite erreur, j'ai reçu dessert au lieu de sauce.",9/3/2024 15:16,"image_5585.jpg,image_8171.jpg",faible,Résolu,9/4/2024 8:16,MOD-17,REF-370551
ccec1f58-6af0-44d4-b829-e134fcb1ab70,COM-84186,USR-8176,ServiceClient,"Le service client n'a pas résolu mon problème, frustrant.",2/5/2025 15:16,"image_8602.jpg,image_4815.jpg",élevé,Escaladé,,,REF-122500
978a3788-79ec-4b27-8d64-ec7f51f28879,COM-49823,USR-1735,ServiceClient,"Réponse lente du service client, qualité médiocre.",9/24/2024 15:16,image_6233.jpg,moyen,Escaladé,,,REF-989663
03701ad9-1de0-42b5-928d-05755ed90ac6,COM-65660,USR-1584,CommandeErronée,"Erreur sur ma commande : burger au lieu de burger, très agaçant.",4/2/2025 15:16,,moyen,Ouvert,,,REF-663196
b09dac7e-bdbc-445f-9252-640a749eeb94,COM-45517,USR-2891,ServiceClient,"Service client correct, mais pourrait être plus rapide.",6/23/2025 15:16,image_4381.jpg,moyen,Résolu,6/25/2025 6:16,MOD-8,REF-426627
a07999f5-7569-45b2-aceb-9809a71f78c7,COM-44625,USR-9326,ServiceClient,"Mauvaise expérience avec le support, très décevant.",5/21/2025 15:16,,moyen,Ouvert,,,REF-106786
b71d0e22-d2ff-4c28-a918-c9e47c77f80b,COM-87126,USR-7597,ProblèmePaiement,"Problème de paiement, remboursement requis immédiatement.",9/9/2024 15:16,,élevé,Escaladé,,,REF-123196
57c11182-0cd0-441d-ac56-c5419adac561,COM-84500,USR-5497,NourritureEndommagée,"La nourriture était gâté, totalement immangeable.",10/4/2024 15:16,image_2181.jpg,élevé,Résolu,10/5/2024 14:16,MOD-19,REF-455667
82eefc81-5e2a-4bd6-b351-beb7bf056355,COM-37763,USR-4855,LivraisonRetard,"J'ai attendu 90 minutes pour ma commande, très frustrant.",10/17/2024 15:16,,moyen,Escaladé,,,REF-381491
1dbf8b93-91cd-4be3-b124-5f5a4ff0f469,COM-26531,USR-9559,NourritureEndommagée,"La nourriture était sans goût, totalement immangeable.",3/29/2025 15:16,image_5412.jpg,élevé,Escaladé,,,REF-444628
6b877fc4-b2ea-4009-a0c9-a09dab2c5425,COM-37349,USR-8535,MauvaiseQualité,"sushi n'était pas terrible, qualité moyenne.",6/5/2025 15:16,,faible,Ouvert,,,REF-767632
28a7122f-6755-4bb4-9071-4b43a1ab63fa,COM-90634,USR-3007,ProblèmePaiement,"Surfacturation de la commande, service client désastreux.",8/31/2024 15:16,,élevé,Ouvert,,,REF-464411
82e32af3-5055-4f68-a603-6daa44a327dd,COM-50994,USR-1301,CommandeErronée,"Petite erreur, j'ai reçu boisson au lieu de dessert.",5/9/2025 15:16,,faible,Ouvert,,,REF-481617
51bce4ff-84af-4fc2-a297-0844cc6b4c7c,COM-37919,USR-1846,ServiceClient,"Service client injoignable, c'est insupportable !",1/30/2025 15:16,image_5282.jpg,élevé,Ouvert,,,REF-821134
aa7d64a1-0560-48ae-a2df-737176593f80,COM-30159,USR-8622,ServiceClient,"Service client injoignable, c'est insupportable !",6/12/2025 15:16,image_8721.jpg,élevé,Ouvert,,,REF-513987
0b5a1045-6360-4412-889b-9b25a0a820d9,COM-50276,USR-9761,ServiceClient,"Petit souci avec le support, mais acceptable.",4/20/2025 15:16,,faible,Escaladé,,,REF-348123
68c3a6de-ba99-4890-a9c5-05113f3af46c,COM-58543,USR-4967,MauvaiseQualité,"La nourriture était brûlé, pas à la hauteur.",1/5/2025 15:16,,faible,Escaladé,,,REF-607111
4fd45344-87f4-4f69-b8fd-34cac9cb2c68,COM-46287,USR-8764,ArticleManquant,Pourriez-vous vérifier pourquoi burger n'était pas inclus ?,9/24/2024 15:16,"image_6688.jpg,image_6628.jpg",faible,Escaladé,,,REF-411535
e8152414-3a38-4270-90bb-4b1ce5f2ced6,COM-57873,USR-4925,MauvaiseQualité,"Qualité médiocre de burger, très frustrant.",10/18/2024 15:16,,moyen,Ouvert,,,REF-621328
db996ef4-d3f3-4df3-9fe6-ec13ccf9078c,COM-15905,USR-1369,NourritureEndommagée,"sandwich livré moisi, c'est scandaleux et dangereux !",1/14/2025 15:16,image_4293.jpg,élevé,Ouvert,,,REF-594018
d82be13e-f3d7-4725-91e4-523cbc1e9d90,COM-71441,USR-8345,CommandeErronée,"Mauvais article livré, burger à la place de boisson.",3/21/2025 15:16,,faible,Résolu,3/22/2025 9:16,MOD-14,REF-274562
b54ebdc0-c6f3-4c66-a300-991fa888fd47,COM-27000,USR-9079,NourritureEndommagée,"La commande était écrasé, très déçu.",12/20/2024 15:16,image_9567.jpg,faible,Résolu,12/21/2024 2:16,MOD-14,REF-719198
1f901805-300f-4989-ba60-220a46c65d5e,COM-10784,USR-3688,LivraisonRetard,"J'ai attendu 2 heures pour ma commande, très frustrant.",8/20/2024 15:16,,élevé,Résolu,8/20/2024 19:16,MOD-11,REF-375300
8b90feb4-146b-49ae-bf75-6707bc2f6a1f,COM-78609,USR-1332,LivraisonRetard,"Retard de 90 minutes, c'est scandaleux et dérangeant !",3/10/2025 15:16,,moyen,Résolu,3/11/2025 9:16,MOD-7,REF-433584
e793fdf3-bdb6-4a15-9e14-33a450898a20,COM-73173,USR-5766,NourritureEndommagée,"frites était mal emballé, qualité inacceptable.",11/18/2024 15:16,,élevé,Résolu,11/19/2024 15:16,MOD-15,REF-907012
a2d0b7cb-28f7-4e01-889c-36cac41ac987,COM-57259,USR-3395,ServiceClient,"Réponse lente du service client, qualité médiocre.",11/11/2024 15:16,image_4533.jpg,moyen,Résolu,11/12/2024 20:16,MOD-3,REF-267374
8f6d93aa-b11b-49dc-b98a-899b7fca721b,COM-92145,USR-5783,MauvaiseQualité,"Le goût de pâtes était un peu sans goût, mais acceptable.",10/17/2024 15:16,image_6180.jpg,moyen,Résolu,10/17/2024 21:16,MOD-16,REF-920722
adc70650-1e23-4f65-8637-3996d9754d1f,COM-21186,USR-6345,ProblèmePaiement,"J'ai été facturé deux fois pour ma commande, c'est inacceptable !",10/25/2024 15:16,,élevé,Ouvert,,,REF-620806
29b6be66-004c-4438-8edd-3b56f042b93a,COM-61629,USR-8548,ArticleManquant,"Manque boisson, service médiocre.",6/23/2025 15:16,,faible,Résolu,6/25/2025 3:16,MOD-18,REF-553114
276f35f4-6910-42ce-b5f9-cd9efce4969e,COM-24750,USR-5274,ServiceClient,"Service client correct, mais pourrait être plus rapide.",7/19/2024 15:16,,faible,Résolu,7/20/2024 5:16,MOD-1,REF-650801
855b6112-1564-45fd-ab66-d91f654359b5,COM-52866,USR-1922,ProblèmePaiement,"Petite erreur de facturation, mais gênante.",8/22/2024 15:16,,moyen,Ouvert,,,REF-647720
5721525d-23f2-42e2-8432-f26c818f8a12,COM-40472,USR-6657,MauvaiseQualité,"sushi n'était pas terrible, qualité moyenne.",6/29/2025 15:16,,faible,Résolu,6/30/2025 16:16,MOD-14,REF-773486
e7889c6d-4862-4a36-aece-984cef1da3b3,COM-81259,USR-7986,MauvaiseQualité,"dessert était trempé, totalement dégoûtant !",10/24/2024 15:16,,élevé,Résolu,10/26/2024 1:16,MOD-7,REF-393808
372e19cb-ba0f-41de-8e9d-b114007f7dc3,COM-19190,USR-1543,ArticleManquant,"Manque salade, service médiocre.",2/12/2025 15:16,,faible,Ouvert,,,REF-838185
b4f3741b-55f3-4061-b61f-a3ffc414b37f,COM-89137,USR-9708,CommandeErronée,"Petite erreur, j'ai reçu dessert au lieu de frites.",8/14/2024 15:16,,faible,Résolu,8/16/2024 9:16,MOD-1,REF-524058
61027406-7b15-40f0-ae3e-3088a26db568,COM-56764,USR-1585,ServiceClient,"Service client injoignable, c'est insupportable !",12/27/2024 15:16,image_3715.jpg,élevé,Escaladé,,,REF-430229
69a338dc-c9be-4955-9247-ac293dc7899f,COM-89143,USR-5957,MauvaiseQualité,"Qualité médiocre de pâtes, très frustrant.",2/18/2025 15:16,image_2334.jpg,élevé,Ouvert,,,REF-359862
cc1d6f2f-6888-4d42-9667-09d5172d5062,COM-94494,USR-9893,MauvaiseQualité,"sandwich avait un goût gâté, expérience horrible.",4/25/2025 15:16,image_4555.jpg,élevé,Escaladé,,,REF-935684
e7ae158e-38f8-458d-ac70-3778c39cffb2,COM-60621,USR-2417,NourritureEndommagée,"salade était un peu trempé, mais mangeable.",3/28/2025 15:16,,faible,Escaladé,,,REF-520624
c2a8ded3-c274-477e-b00a-b62eab715911,COM-39898,USR-1504,ArticleManquant,"Commande incomplète, frites non livré.",3/11/2025 15:16,image_8166.jpg,faible,Ouvert,,,REF-214440
642cd9b2-056b-4643-bbaf-2499a4c74f6b,COM-15592,USR-6619,ArticleManquant,"Je n'ai pas reçu boisson, besoin d'un remboursement.",1/5/2025 15:16,image_1343.jpg,faible,Escaladé,,,REF-754187
99c83905-1685-445c-8764-630bc0a7413d,COM-13242,USR-3859,ArticleManquant,"Manque sauce, service médiocre.",8/4/2024 15:16,,faible,Escaladé,,,REF-887534
735f6e23-108a-48d5-8cde-bea2ce1d78a0,COM-28235,USR-7825,ProblèmePaiement,"Petite erreur de facturation, mais gênante.",11/27/2024 15:16,,moyen,Résolu,11/29/2024 1:16,MOD-3,REF-218367
a9a0e08f-7e53-439f-9678-08ed9f55d491,COM-48800,USR-7715,LivraisonRetard,"Retard de 30 minutes, c'est scandaleux et dérangeant !",9/4/2024 15:16,image_2426.jpg,élevé,Résolu,9/5/2024 5:16,MOD-15,REF-518546
d49cc727-95af-45bf-a223-3f6fa411fe77,COM-61369,USR-8626,LivraisonRetard,"Petit retard de 3 heures, mais la nourriture était correcte.",11/24/2024 15:16,image_5171.jpg,élevé,Escaladé,,,REF-816585
fd02ff6f-82de-47fb-8604-b56dd5e9eb82,COM-21109,USR-7594,NourritureEndommagée,"sushi était un peu brûlé, mais mangeable.",3/16/2025 15:16,,faible,Escaladé,,,REF-948340
7fd095da-6697-4659-b7e6-29a20f5938b2,COM-22206,USR-3450,LivraisonRetard,"La nourriture est arrivée avec 3 heures de retard, service décevant.",11/18/2024 15:16,image_3869.jpg,élevé,Escaladé,,,REF-713168
6a818f62-4d22-4a3e-85cf-0203cf6324a2,COM-21428,USR-4191,MauvaiseQualité,"La nourriture était gâté, pas à la hauteur.",2/22/2025 15:16,,élevé,Ouvert,,,REF-813712
3e2cd5ec-b90f-4dd6-ab6a-992168eac123,COM-68656,USR-9478,ServiceClient,"Réponse lente du service client, qualité médiocre.",4/4/2025 15:16,,faible,Résolu,4/5/2025 14:16,MOD-17,REF-210285
5cafffce-182d-407b-a741-1164842f7eb0,COM-10875,USR-1553,ArticleManquant,Pourriez-vous vérifier pourquoi sandwich n'était pas inclus ?,9/29/2024 15:16,"image_9877.jpg,image_8980.jpg",faible,Escaladé,,,REF-966353
a8d50703-7807-40f3-9b0c-8e7980ac86ca,COM-25948,USR-9585,CommandeErronée,"Petite erreur, j'ai reçu pâtes au lieu de sauce.",12/14/2024 15:16,image_8965.jpg,faible,Résolu,12/16/2024 3:16,MOD-15,REF-896154
9cacc2e9-df70-45ec-bd2c-3053a969c950,COM-64706,USR-7873,NourritureEndommagée,"sandwich était mal emballé, qualité inacceptable.",8/27/2024 15:16,,élevé,Ouvert,,,REF-566200
a9e16988-eb40-4c0b-b4e1-bae2be6c1dfa,COM-98183,USR-3765,NourritureEndommagée,"Commande endommagée, sushi était légèrement brûlé.",10/21/2024 15:16,,faible,Résolu,10/22/2024 3:16,MOD-15,REF-571675
9912f972-1b72-49fe-867d-eceba45f54ae,COM-91038,USR-7852,MauvaiseQualité,"boisson était brûlé, je ne commanderai plus.",3/10/2025 15:16,image_5779.jpg,faible,Résolu,3/10/2025 18:16,MOD-3,REF-517450
d59b91c0-9c10-43d0-b849-35af22a10110,COM-16089,USR-6814,ProblèmePaiement,"Problème de paiement, remboursement requis immédiatement.",4/4/2025 15:16,,élevé,Escaladé,,,REF-355903
6dcc30c4-158f-4c0c-9d3a-f9aba2235021,COM-71272,USR-3109,NourritureEndommagée,"La commande était mal emballé, très déçu.",2/25/2025 15:16,,faible,Escaladé,,,REF-693620
5385c3da-2d36-45b4-9c24-f3bbd3a2d94d,COM-66809,USR-8866,NourritureEndommagée,"La nourriture était gâté, totalement immangeable.",5/30/2025 15:16,image_7483.jpg,élevé,Résolu,5/30/2025 16:16,MOD-5,REF-236234
5b9bc413-56ac-4533-b726-12115a238cf8,COM-56045,USR-4112,ServiceClient,"Mauvaise expérience avec le support, très décevant.",10/1/2024 15:16,,moyen,Ouvert,,,REF-953035
4a382c18-099c-4cfc-8115-26e155683137,COM-29094,USR-3461,ServiceClient,"Service client correct, mais pourrait être plus rapide.",7/2/2024 15:16,,faible,Ouvert,,,REF-587277
abb0ad68-f903-4026-80ca-3240038c4495,COM-59917,USR-3164,ArticleManquant,"frites manquant, veuillez résoudre immédiatement.",5/26/2025 15:16,image_5263.jpg,élevé,Escaladé,,,REF-839444
3e0bc5ba-e925-4597-a547-2edf1a9788c3,COM-74906,USR-1450,ArticleManquant,"Il manque dessert dans ma commande, très décevant.",3/4/2025 15:16,,moyen,Escaladé,,,REF-876601
2003eb44-6cca-42cc-9a57-2af8a3f93c25,COM-11165,USR-1091,ProblèmePaiement,"Problème de paiement, remboursement requis immédiatement.",8/10/2024 15:16,"image_5738.jpg,image_4982.jpg",élevé,Résolu,8/12/2024 3:16,MOD-8,REF-761973
764aa300-2022-4d43-a1a9-a8bbd6010ba1,COM-54844,USR-2291,NourritureEndommagée,"Commande endommagée, sauce était légèrement moisi.",1/20/2025 15:16,"image_8819.jpg,image_9777.jpg",élevé,Escaladé,,,REF-677043
22540449-0190-417e-a927-4b691ab32448,COM-77133,USR-2077,ArticleManquant,"burger manquant, veuillez résoudre immédiatement.",7/3/2024 15:16,image_2072.jpg,élevé,Escaladé,,,REF-129785
288f6750-7c33-41ef-a951-ea20236b31e2,COM-18342,USR-9067,ProblèmePaiement,"Problème mineur avec le paiement, veuillez vérifier.",3/29/2025 15:16,image_4292.jpg,élevé,Résolu,3/31/2025 8:16,MOD-12,REF-146781
57eeced3-e098-4c6a-9aa3-536a8569c522,COM-79838,USR-1808,CommandeErronée,"Petite erreur, j'ai reçu sandwich au lieu de frites.",3/30/2025 15:16,,faible,Escaladé,,,REF-457325
f0ee0cb6-0449-4b81-8336-6a2caef80c52,COM-91592,USR-9084,LivraisonRetard,"Petit retard de 2 heures, mais la nourriture était correcte.",5/13/2025 15:16,,élevé,Résolu,5/15/2025 5:16,MOD-9,REF-942998
51c134da-3365-45c9-ad94-c84fabf5945b,COM-93117,USR-8905,ProblèmePaiement,"Surfacturation de la commande, service client désastreux.",11/8/2024 15:16,image_6791.jpg,élevé,Ouvert,,,REF-258936
913168f6-df33-46e7-a5dc-662deef96a7e,COM-85247,USR-4096,ProblèmePaiement,"Problème mineur avec le paiement, veuillez vérifier.",11/6/2024 15:16,image_6883.jpg,élevé,Escaladé,,,REF-257890
145a6efa-332d-4dca-9181-71a4d0f663f5,COM-92975,USR-8701,ArticleManquant,"Je n'ai pas reçu salade, besoin d'un remboursement.",6/21/2025 15:16,image_9763.jpg,faible,Escaladé,,,REF-345568
4eea5437-65e0-4275-ba5d-f9495a054f36,COM-25840,USR-2039,NourritureEndommagée,"dessert était brûlé, qualité inacceptable.",4/1/2025 15:16,,élevé,Ouvert,,,REF-520690
0fc82274-2e67-4d25-9659-f690552bb1dd,COM-62885,USR-9617,CommandeErronée,"Livré frites, mais je voulais pâtes, c'est inacceptable.",9/26/2024 15:16,image_1153.jpg,élevé,Résolu,9/27/2024 16:16,MOD-18,REF-378171
0e11c160-182f-4c1f-b1af-1a474577576d,COM-48380,USR-9330,NourritureEndommagée,"La nourriture était froid, totalement immangeable.",8/16/2024 15:16,,élevé,Escaladé,,,REF-287863
8abdbf25-cfcd-4ec4-9ecc-37a4a27d211c,COM-20261,USR-5361,NourritureEndommagée,"La commande était moisi, très déçu.",9/29/2024 15:16,image_2971.jpg,élevé,Ouvert,,,REF-953461
2a9f5650-6458-43fc-9071-0f94bed5faed,COM-92735,USR-4350,MauvaiseQualité,"Qualité médiocre de dessert, très frustrant.",5/14/2025 15:16,image_8890.jpg,élevé,Ouvert,,,REF-247660
364b9c1f-5eb2-4b17-8983-3cc516db6be7,COM-14200,USR-4134,MauvaiseQualité,"sandwich n'était pas terrible, qualité moyenne.",12/23/2024 15:16,,faible,Escaladé,,,REF-890017
8cf18ed4-45e3-44bb-9a0a-0510f935e8ec,COM-68444,USR-3659,LivraisonRetard,"Retard de 3 heures, c'est scandaleux et dérangeant !",4/2/2025 15:16,"image_4519.jpg,image_6171.jpg",élevé,Escaladé,,,REF-196937
978ab145-cb98-4053-834f-99e2e0f9c589,COM-64549,USR-5092,ProblèmePaiement,"Erreur de facturation pour sushi, très frustrant.",2/17/2025 15:16,,élevé,Ouvert,,,REF-533511
71d4a2e2-8b22-4978-b5d4-1014f346fd27,COM-65349,USR-3635,CommandeErronée,"Livré sushi, mais je voulais frites, c'est inacceptable.",9/11/2024 15:16,image_1304.jpg,moyen,Résolu,9/11/2024 21:16,MOD-4,REF-314236
8ff2e951-468d-4915-8fa2-761e57b339b3,COM-50326,USR-1719,ServiceClient,"Service client injoignable, c'est insupportable !",6/19/2025 15:16,,élevé,Résolu,6/20/2025 22:16,MOD-19,REF-612285
abf42471-5ae8-4cc2-9dcc-6491b495c579,COM-68231,USR-1096,MauvaiseQualité,"La nourriture était froid, pas à la hauteur.",9/24/2024 15:16,,faible,Escaladé,,,REF-675014
aaefbfa9-fe81-4c0d-92ba-f082d8eeea62,COM-54106,USR-6569,ServiceClient,"Petit souci avec le support, mais acceptable.",2/27/2025 15:16,,faible,Escaladé,,,REF-934657
4b264787-2754-4ad3-b444-f7c65828d840,COM-59075,USR-4038,NourritureEndommagée,"La nourriture était mal emballé, totalement immangeable.",11/8/2024 15:16,,élevé,Ouvert,,,REF-696255
f7d940ba-a06e-43ba-9991-f7df6559ba18,COM-39171,USR-7497,ServiceClient,"Le service client n'a pas résolu mon problème, frustrant.",2/13/2025 15:16,,moyen,Résolu,2/14/2025 0:16,MOD-14,REF-849240
f1a28a17-bbac-423c-9304-9e5d3d77da19,COM-58094,USR-7536,LivraisonRetard,"Livraison en retard de 2 heures, c'est gênant mais acceptable.",8/15/2024 15:16,image_8282.jpg,élevé,Escaladé,,,REF-639539
aebdf375-e0a2-4138-912c-1f32053498f7,COM-43861,USR-4717,NourritureEndommagée,"burger livré mal emballé, c'est scandaleux et dangereux !",12/7/2024 15:16,,élevé,Résolu,12/7/2024 20:16,MOD-12,REF-968845
4afa6cd9-c47e-4c9e-9556-297588b93ec5,COM-70240,USR-1875,NourritureEndommagée,"sushi était froid, qualité inacceptable.",6/2/2025 15:16,,élevé,Escaladé,,,REF-697695
6b01580a-f2b6-466c-91d3-f30a450f04c7,COM-79828,USR-8788,ArticleManquant,"Pas de boisson, c'est inacceptable et frustrant !",10/1/2024 15:16,,moyen,Escaladé,,,REF-221319
4fba2f2f-80b4-483a-98d2-1614950ee145,COM-90260,USR-2221,CommandeErronée,"Petite erreur, j'ai reçu pâtes au lieu de sauce.",10/27/2024 15:16,image_8392.jpg,faible,Escaladé,,,REF-591970
558a8d93-786e-4be1-81e8-29f31593f0bf,COM-88214,USR-7330,ProblèmePaiement,"Erreur de facturation pour burger, très frustrant.",2/12/2025 15:16,,moyen,Escaladé,,,REF-337204
8a23cd06-7172-4138-a6d4-784fcf352bdd,COM-98341,USR-3014,MauvaiseQualité,"La nourriture était brûlé, pas à la hauteur.",3/13/2025 15:16,"image_5562.jpg,image_3927.jpg",faible,Résolu,3/15/2025 7:16,MOD-9,REF-733828
ebc14e52-8294-439f-8461-81f3b780adbd,COM-49713,USR-2505,MauvaiseQualité,"Le goût de frites était un peu mal emballé, mais acceptable.",1/13/2025 15:16,image_9725.jpg,moyen,Résolu,1/15/2025 6:16,MOD-13,REF-851751
93a8734e-9920-4ed2-8a53-a1a6c1170065,COM-63301,USR-6670,CommandeErronée,"Petite erreur, j'ai reçu salade au lieu de burger.",5/10/2025 15:16,,faible,Ouvert,,,REF-443702
98e48fa5-f63d-4e83-bcbe-8f48287dc034,COM-30232,USR-1179,ProblèmePaiement,"J'ai été facturé deux fois pour ma commande, c'est inacceptable !",9/27/2024 15:16,image_4545.jpg,élevé,Escaladé,,,REF-643586
502ea9dc-8a5d-4417-9074-304e3a12f8e4,COM-57998,USR-4071,ProblèmePaiement,"Surfacturation de la commande, service client désastreux.",10/24/2024 15:16,,élevé,Résolu,10/25/2024 8:16,MOD-15,REF-437408
d89d40eb-4651-4e1b-ab10-f95e17cb8f88,COM-34649,USR-4741,CommandeErronée,"Petite erreur, j'ai reçu boisson au lieu de frites.",5/9/2025 15:16,image_6380.jpg,faible,Ouvert,,,REF-841994
fad58887-e567-48a5-90c9-15d9851d066d,COM-15918,USR-4174,ArticleManquant,"Il manque sauce dans ma commande, très décevant.",3/9/2025 15:16,,moyen,Résolu,3/11/2025 11:16,MOD-4,REF-867855
c0e64431-3910-4a54-b074-c8473bfab9e4,COM-18789,USR-5300,ServiceClient,"Le service client n'a pas résolu mon problème, frustrant.",12/17/2024 15:16,image_5487.jpg,élevé,Résolu,12/19/2024 13:16,MOD-8,REF-544935
20c5ff1c-f711-4397-aaaf-0c99548e333c,COM-28283,USR-1814,LivraisonRetard,"La commande a été livrée avec 3 heures de retard, la nourriture était froide.",11/11/2024 15:16,,élevé,Escaladé,,,REF-133846
f9747fdc-d7ed-4925-97b4-4c8901388f55,COM-68626,USR-3098,MauvaiseQualité,"Très mauvaise qualité de sauce, immangeable.",10/25/2024 15:16,"image_6259.jpg,image_3740.jpg",élevé,Résolu,10/26/2024 13:16,MOD-3,REF-110540
940507d8-1004-489a-a39b-d570dc5746dd,COM-11980,USR-5949,NourritureEndommagée,"Commande endommagée, boisson était légèrement sans goût.",7/6/2024 15:16,image_6629.jpg,faible,Résolu,7/7/2024 14:16,MOD-6,REF-390154
58703859-2588-4ced-9996-5f0447242e9d,COM-28976,USR-2143,NourritureEndommagée,"Commande endommagée, boisson était légèrement brûlé.",11/22/2024 15:16,,faible,Escaladé,,,REF-680750
d7213904-bc18-415c-a1d5-4feae33aef0f,COM-33063,USR-3630,NourritureEndommagée,"salade était trempé, qualité inacceptable.",2/28/2025 15:16,,élevé,Résolu,3/2/2025 14:16,MOD-16,REF-831028
97579f5f-8b11-4ea0-914d-edcdafc2f344,COM-67371,USR-1329,LivraisonRetard,"Livraison en retard de 1 heure, c'est gênant mais acceptable.",5/31/2025 15:16,,moyen,Résolu,6/1/2025 9:16,MOD-7,REF-350817
4f66b814-2faa-4a4d-8f0e-e3a3b45934eb,COM-19044,USR-8020,LivraisonRetard,"J'ai attendu 2 heures pour ma commande, très frustrant.",8/24/2024 15:16,,élevé,Ouvert,,,REF-415891
5bdccb97-d7f5-4626-8a43-b4e67358dc4b,COM-39146,USR-3114,ProblèmePaiement,"Problème mineur avec le paiement, veuillez vérifier.",10/31/2024 15:16,,moyen,Ouvert,,,REF-819437
70efd6f2-bdc4-490d-b660-655e317855d1,COM-57115,USR-1248,CommandeErronée,"Commande erronée livrée, j'ai eu pâtes et non burger.",4/27/2025 15:16,image_8547.jpg,faible,Résolu,4/29/2025 15:16,MOD-4,REF-326004
3206f4dd-8ce4-4327-9f4a-64207a90cb9d,COM-53640,USR-4050,LivraisonRetard,"Commande arrivée après 2 heures, vraiment pas satisfait.",1/8/2025 15:16,,élevé,Ouvert,,,REF-780085
2034ac27-d4f7-4518-9497-0a5293431f1c,COM-95552,USR-4744,LivraisonRetard,"La nourriture est arrivée avec 1 heure de retard, service décevant.",10/18/2024 15:16,,élevé,Résolu,10/19/2024 15:16,MOD-12,REF-984101
6f832517-b375-48cc-b01f-155668893004,COM-70051,USR-1431,ProblèmePaiement,"Surfacturation de la commande, service client désastreux.",7/9/2024 15:16,,élevé,Escaladé,,,REF-306374
b785803b-29b7-43a7-97fc-a17b87984364,COM-84570,USR-2100,LivraisonRetard,"J'ai attendu 1 heure pour ma commande, très frustrant.",12/15/2024 15:16,image_7234.jpg,élevé,Résolu,12/16/2024 17:16,MOD-7,REF-286629
f3422cb0-11c1-4ae4-ac8f-df1524388208,COM-88016,USR-6722,ArticleManquant,"sushi manquant, veuillez résoudre immédiatement.",11/19/2024 15:16,image_6339.jpg,élevé,Escaladé,,,REF-234827
1599266c-5009-4da2-8525-3d12813149e3,COM-55373,USR-2065,LivraisonRetard,"La nourriture est arrivée avec 30 minutes de retard, service décevant.",10/5/2024 15:16,,moyen,Ouvert,,,REF-418672
6eb07882-6730-4cc6-ae32-51c136d5cbfa,COM-37725,USR-8844,LivraisonRetard,"Retard de 1 heure, c'est scandaleux et dérangeant !",11/2/2024 15:16,,moyen,Escaladé,,,REF-267255
2d412ab6-12d5-4911-88b5-2e6df8c57266,COM-51465,USR-6486,ServiceClient,"Mauvaise expérience avec le support, très décevant.",2/28/2025 15:16,"image_9125.jpg,image_2093.jpg",élevé,Escaladé,,,REF-235200
80f9bdfa-e939-4268-ad5a-7d055b3ee847,COM-45462,USR-8725,ArticleManquant,"Commande incomplète, sushi non livré.",7/1/2024 15:16,,faible,Ouvert,,,REF-517504
eac0e89b-71b5-47da-ba8d-428765981fd9,COM-50251,USR-5742,CommandeErronée,"J'ai commandé dessert, mais j'ai reçu sandwich.",4/24/2025 15:16,,faible,Ouvert,,,REF-600399
12b0ee6f-9324-4d2f-abdf-e3234b8991d5,COM-12492,USR-2102,ArticleManquant,"Il manque pâtes dans ma commande, très décevant.",11/2/2024 15:16,image_2884.jpg,élevé,Ouvert,,,REF-259611
33023647-8ac2-4dca-bfaf-8761717b6699,COM-30155,USR-1169,ProblèmePaiement,"Surfacturation de la commande, service client désastreux.",8/24/2024 15:16,,élevé,Escaladé,,,REF-176767
85002bbb-31bc-478e-b06c-c39d51ac1c29,COM-19408,USR-4970,CommandeErronée,J'ai reçu burger au lieu de burger.,2/13/2025 15:16,,faible,Ouvert,,,REF-566313
d67ba467-a474-437b-a456-8e9424f1c1db,COM-99032,USR-9850,MauvaiseQualité,"Qualité médiocre de salade, très frustrant.",1/11/2025 15:16,image_1177.jpg,élevé,Résolu,1/12/2025 22:16,MOD-18,REF-540544
69f394bf-b082-40ae-a25d-0a4d863719c5,COM-52787,USR-4766,ServiceClient,"Service client injoignable, c'est insupportable !",5/16/2025 15:16,,élevé,Ouvert,,,REF-283976
b5602142-4a10-43f4-83a2-600c7ae107c4,COM-83381,USR-9027,ServiceClient,"Service client injoignable, c'est insupportable !",11/1/2024 15:16,image_6726.jpg,élevé,Résolu,11/2/2024 13:16,MOD-10,REF-512543
a4cb4751-66bf-406f-88ac-34faf5288d4a,COM-78389,USR-5858,MauvaiseQualité,"frites avait un goût trempé, expérience horrible.",6/20/2025 15:16,,élevé,Résolu,6/22/2025 11:16,MOD-9,REF-972863
7f0c464f-124e-4389-9ef8-e54d7adf5a41,COM-85723,USR-3436,LivraisonRetard,"Commande arrivée après 90 minutes, vraiment pas satisfait.",7/20/2024 15:16,image_9977.jpg,élevé,Résolu,7/20/2024 20:16,MOD-12,REF-385364
3c106ea6-2e37-4c70-902f-e7dbca1e74be,COM-87446,USR-2658,NourritureEndommagée,"sushi livré écrasé, c'est scandaleux et dangereux !",1/11/2025 15:16,,élevé,Résolu,1/13/2025 8:16,MOD-8,REF-406293
dfc4d0d6-21b0-4457-8576-e4e6225d937a,COM-67362,USR-7740,ProblèmePaiement,"Problème de paiement, remboursement requis immédiatement.",11/8/2024 15:16,,élevé,Ouvert,,,REF-736272
b816dff3-16df-4643-9521-c9ea1facfd17,COM-13970,USR-3699,ArticleManquant,"Il manque sushi dans ma commande, très décevant.",3/16/2025 15:16,image_2216.jpg,élevé,Escaladé,,,REF-105018
9096fa4b-d82d-41e3-94ab-c0a9fb10f77b,COM-58758,USR-9458,ArticleManquant,"Pas de sushi, c'est inacceptable et frustrant !",9/26/2024 15:16,,moyen,Ouvert,,,REF-573435
2bffa069-b18f-46ca-bc76-78224233be62,COM-13260,USR-5851,NourritureEndommagée,"sandwich était un peu écrasé, mais mangeable.",10/10/2024 15:16,,faible,Ouvert,,,REF-321446
f5fde174-8a73-4be0-83ae-b3f68d51497d,COM-97356,USR-1470,ServiceClient,"Réponse lente du service client, qualité médiocre.",9/24/2024 15:16,image_3783.jpg,moyen,Résolu,9/26/2024 14:16,MOD-1,REF-678199
8021c6a6-6c36-437e-bdc6-32a33b771b7c,COM-90543,USR-6712,ServiceClient,"Service client correct, mais pourrait être plus rapide.",9/3/2024 15:16,,faible,Escaladé,,,REF-867922
f16cadad-b513-45b8-bb96-7a284ea232d6,COM-47392,USR-8260,MauvaiseQualité,"salade n'était pas terrible, qualité moyenne.",11/29/2024 15:16,,faible,Résolu,11/30/2024 4:16,MOD-16,REF-593162
1c3db420-36a5-41f0-bde9-eba25a0674f6,COM-30965,USR-5930,CommandeErronée,"Erreur sur ma commande : pâtes au lieu de dessert, très agaçant.",1/31/2025 15:16,,moyen,Ouvert,,,REF-478294
059450ce-f0a4-44b9-8ebd-147f4d5f7382,COM-95235,USR-6111,LivraisonRetard,"Petit retard de 90 minutes, mais la nourriture était correcte.",10/25/2024 15:16,,moyen,Ouvert,,,REF-204740
fd23bb95-acdf-4f9b-bfe5-473a74cfa438,COM-56257,USR-8764,MauvaiseQualité,"salade n'était pas terrible, qualité moyenne.",8/25/2024 15:16,,faible,Ouvert,,,REF-316965
ea0b8c94-d288-411c-9bd0-18d5b99c6b91,COM-80341,USR-6529,LivraisonRetard,"Petit retard de 30 minutes, mais la nourriture était correcte.",11/10/2024 15:16,"image_3271.jpg,image_1037.jpg",moyen,Escaladé,,,REF-403335
8231a976-af93-4d02-9b81-e54222379beb,COM-28667,USR-4626,CommandeErronée,"Erreur sur ma commande : sandwich au lieu de sandwich, très agaçant.",9/10/2024 15:16,image_1982.jpg,élevé,Ouvert,,,REF-698740
74784cdb-4280-4eb7-85ea-eaf6576d9a05,COM-80535,USR-4545,MauvaiseQualité,"Très mauvaise qualité de sauce, immangeable.",10/21/2024 15:16,image_9950.jpg,élevé,Escaladé,,,REF-478612
446df620-2947-4027-a380-45ba93b9dbdd,COM-50357,USR-4130,LivraisonRetard,"Commande arrivée après 2 heures, vraiment pas satisfait.",1/19/2025 15:16,,élevé,Résolu,1/20/2025 13:16,MOD-12,REF-887842
aaf4bffd-b801-4379-8399-cb60f5b9f177,COM-94949,USR-4728,ServiceClient,"Service client injoignable, c'est insupportable !",9/5/2024 15:16,"image_9507.jpg,image_1449.jpg",élevé,Escaladé,,,REF-251769
86ef2811-12cb-42ec-ac7a-7c7d1bffee3c,COM-56582,USR-1023,ProblèmePaiement,"Problème mineur avec le paiement, veuillez vérifier.",8/24/2024 15:16,image_7392.jpg,élevé,Résolu,8/26/2024 3:16,MOD-10,REF-816875
28759d72-d9f3-4593-a271-b3780f155cf0,COM-86916,USR-3527,NourritureEndommagée,"La nourriture était écrasé, totalement immangeable.",2/22/2025 15:16,,élevé,Ouvert,,,REF-917054
4f2ffb80-5683-43b9-b59a-b6848e705b2e,COM-50443,USR-7857,ProblèmePaiement,"J'ai été facturé deux fois pour ma commande, c'est inacceptable !",3/9/2025 15:16,,élevé,Résolu,3/10/2025 20:16,MOD-10,REF-979795
e1d31079-8b63-44c7-aa19-d6d7c5d6dc46,COM-71173,USR-5940,MauvaiseQualité,"Le goût de pâtes était un peu froid, mais acceptable.",8/24/2024 15:16,image_1531.jpg,moyen,Ouvert,,,REF-143465
7217b40c-a9da-4bfd-a5bf-1604bcbb3d9f,COM-24879,USR-9092,CommandeErronée,"Livré boisson, mais je voulais pâtes, c'est inacceptable.",11/8/2024 15:16,,faible,Résolu,11/9/2024 10:16,MOD-9,REF-802211
fc798a84-19f2-4165-beac-5c94632febdf,COM-13344,USR-4625,ArticleManquant,"Commande incomplète, salade non livré.",9/11/2024 15:16,,faible,Escaladé,,,REF-327121
d1b209aa-6bb9-485f-bff3-76513ca6c2cf,COM-90201,USR-4671,LivraisonRetard,"Livraison en retard de 1 heure, c'est gênant mais acceptable.",5/16/2025 15:16,image_4768.jpg,élevé,Ouvert,,,REF-414785
f6797930-40a0-4cd6-a108-d9e995c2d015,COM-85953,USR-9828,ArticleManquant,"Pas de frites, c'est inacceptable et frustrant !",8/8/2024 15:16,,moyen,Escaladé,,,REF-999139
d832ea9f-1461-461d-b919-0576044f47ba,COM-62037,USR-7802,CommandeErronée,"Petite erreur, j'ai reçu boisson au lieu de sushi.",1/5/2025 15:16,image_1045.jpg,faible,Ouvert,,,REF-991530
8939818d-e0fb-464f-9374-95625bab081b,COM-10817,USR-7737,MauvaiseQualité,"pizza n'était pas terrible, qualité moyenne.",3/9/2025 15:16,,faible,Ouvert,,,REF-137019
867b62cf-c9e3-4cd9-b13b-dd06f155c8b0,COM-43850,USR-8381,ServiceClient,"Réponse lente du service client, qualité médiocre.",5/1/2025 15:16,,faible,Escaladé,,,REF-331965
512e98f1-f051-423b-bb24-ed7e251a97d1,COM-75841,USR-6749,MauvaiseQualité,"dessert était moisi, je ne commanderai plus.",3/17/2025 15:16,,élevé,Ouvert,,,REF-123223
edf1814c-64c0-40bb-a7dc-0d1e21d3f5dc,COM-50251,USR-1729,ProblèmePaiement,"Problème de paiement, remboursement requis immédiatement.",10/15/2024 15:16,image_4940.jpg,élevé,Escaladé,,,REF-314319
96b57235-4bb8-4afa-8641-1396217422f6,COM-92582,USR-3744,LivraisonRetard,"Livraison retardée de 2 heures, totalement inacceptable !",11/7/2024 15:16,,élevé,Ouvert,,,REF-118291
dac1e690-66cf-4034-87fa-1ae59904ad73,COM-96416,USR-9794,MauvaiseQualité,"Le goût de sauce était un peu gâté, mais acceptable.",3/24/2025 15:16,"image_4073.jpg,image_3099.jpg",élevé,Ouvert,,,REF-619717
2aeaa041-8f85-47aa-84de-5d057a7cbb68,COM-40234,USR-8116,MauvaiseQualité,"Qualité médiocre de salade, très frustrant.",11/12/2024 15:16,,moyen,Résolu,11/13/2024 12:16,MOD-2,REF-272909
30bd5a8e-5a96-4da9-abd6-330d463ff5fc,COM-78397,USR-7803,NourritureEndommagée,"Tout était brûlé, expérience catastrophique.",10/30/2024 15:16,image_7294.jpg,élevé,Escaladé,,,REF-194790
fc86fc1b-5b85-410c-ad88-1c87e3eae401,COM-73101,USR-4099,CommandeErronée,"Commande erronée livrée, j'ai eu pizza et non sushi.",12/10/2024 15:16,,faible,Résolu,12/11/2024 21:16,MOD-18,REF-379240
71beea9a-79b5-403c-b68c-ede4be9a0d39,COM-58893,USR-3871,ArticleManquant,"Manque sushi, service médiocre.",3/18/2025 15:16,,faible,Escaladé,,,REF-910778
cd5f6ded-b766-4be9-aad8-26d940104fd0,COM-72868,USR-4783,MauvaiseQualité,"salade avait un goût brûlé, expérience horrible.",10/3/2024 15:16,image_5053.jpg,élevé,Ouvert,,,REF-891879
a7cb3c45-b302-4e18-88df-bce15122beca,COM-97891,USR-7088,LivraisonRetard,"Retard de 30 minutes, c'est scandaleux et dérangeant !",10/13/2024 15:16,image_7962.jpg,élevé,Résolu,10/15/2024 5:16,MOD-12,REF-900159
f498e031-b54c-43d2-a7ef-2135d113e964,COM-13616,USR-1650,ServiceClient,"Réponse lente du service client, qualité médiocre.",6/29/2025 15:16,image_8517.jpg,moyen,Résolu,6/29/2025 21:16,MOD-3,REF-126948
07727247-1d6d-416d-b946-da7aa2889b07,COM-38588,USR-2131,LivraisonRetard,"Retard de 90 minutes, c'est scandaleux et dérangeant !",11/6/2024 15:16,,moyen,Escaladé,,,REF-841877
00183a59-a3d7-440e-985e-8e9c3f64ddf0,COM-32341,USR-5798,MauvaiseQualité,"La nourriture était brûlé, pas à la hauteur.",2/22/2025 15:16,,faible,Ouvert,,,REF-628400
3459d650-096e-47e9-b9ee-df6e8ba34f49,COM-90324,USR-7200,MauvaiseQualité,"Le goût de frites était un peu sans goût, mais acceptable.",11/6/2024 15:16,,faible,Ouvert,,,REF-846132
0f9c7180-0cd6-4e51-abf3-765007aa164c,COM-87947,USR-7435,NourritureEndommagée,"La commande était gâté, très déçu.",1/16/2025 15:16,,élevé,Escaladé,,,REF-874021
a454e691-e749-4142-8526-bc64b1ba2e60,COM-84925,USR-8281,ArticleManquant,Pourriez-vous vérifier pourquoi sauce n'était pas inclus ?,7/10/2024 15:16,image_3349.jpg,faible,Résolu,7/12/2024 5:16,MOD-6,REF-124394
5c5a069c-854d-4c3c-a3b5-1a4ae10f7bf4,COM-18197,USR-6336,MauvaiseQualité,"Très mauvaise qualité de sushi, immangeable.",7/2/2024 15:16,,élevé,Ouvert,,,REF-156992
1eba26e8-ca19-4428-a3a7-b67db1bf32ca,COM-89736,USR-8782,ServiceClient,"Service client injoignable, c'est insupportable !",10/3/2024 15:16,"image_2108.jpg,image_8745.jpg",élevé,Résolu,10/5/2024 3:16,MOD-11,REF-864451
9738c5f0-6874-48da-bb3d-e2b1511373dd,COM-87880,USR-4894,MauvaiseQualité,"frites était brûlé, je ne commanderai plus.",12/12/2024 15:16,,faible,Escaladé,,,REF-214086
36cbc939-c984-4eca-9dda-dc88ade30358,COM-23232,USR-3996,ServiceClient,"Le service client n'a pas résolu mon problème, frustrant.",8/1/2024 15:16,image_3335.jpg,élevé,Ouvert,,,REF-961118
db62c4bc-b437-47a2-be00-abe1ebbc7d41,COM-21316,USR-9831,ServiceClient,"Service client injoignable, c'est insupportable !",7/24/2024 15:16,image_4977.jpg,élevé,Escaladé,,,REF-167103
57238134-acfd-4ce5-b902-d6ce45f33014,COM-69716,USR-9504,ProblèmePaiement,"J'ai été facturé deux fois pour ma commande, c'est inacceptable !",5/4/2025 15:16,,élevé,Ouvert,,,REF-618217
afd9ad92-62f3-4ad2-949a-16d57e6905f2,COM-30234,USR-8953,NourritureEndommagée,"salade livré brûlé, c'est scandaleux et dangereux !",11/28/2024 15:16,,élevé,Ouvert,,,REF-973725
84e5bd41-053f-4cee-9ded-522eac83f6c9,COM-38636,USR-4639,CommandeErronée,"Commande incorrecte, mais le goût de sauce était acceptable.",1/6/2025 15:16,,faible,Escaladé,,,REF-369376
6362b640-b015-4659-95b0-d51ea9eadf89,COM-22898,USR-1538,MauvaiseQualité,"pâtes n'était pas terrible, qualité moyenne.",7/3/2024 15:16,,faible,Ouvert,,,REF-164833
a0f4dece-2027-40a8-91ed-662d09bec7dc,COM-38501,USR-5944,NourritureEndommagée,"La commande était brûlé, très déçu.",8/1/2024 15:16,image_3061.jpg,faible,Escaladé,,,REF-286190
7ae2d25c-a562-4de4-b7db-26e6269a43b1,COM-51991,USR-1644,ServiceClient,"Mauvaise expérience avec le support, très décevant.",10/18/2024 15:16,image_9297.jpg,élevé,Ouvert,,,REF-161899
149ac790-dcea-4371-bf49-08cea0111213,COM-31063,USR-3745,ArticleManquant,"pâtes manquant, veuillez résoudre immédiatement.",9/19/2024 15:16,image_3564.jpg,élevé,Ouvert,,,REF-422706
a601965e-ce2a-4de1-b7c8-e86036d11fe3,COM-88775,USR-4081,ServiceClient,"Petit souci avec le support, mais acceptable.",12/24/2024 15:16,,faible,Résolu,12/24/2024 22:16,MOD-1,REF-383512
b97cfbb9-ec4c-43d5-83ac-ecbcbccaa6e4,COM-99476,USR-6391,NourritureEndommagée,"La commande était sans goût, très déçu.",11/6/2024 15:16,,faible,Résolu,11/7/2024 4:16,MOD-13,REF-578574
ce77d4bb-51de-4840-9788-b7cf88fb832a,COM-82202,USR-7997,ProblèmePaiement,"Problème mineur avec le paiement, veuillez vérifier.",8/3/2024 15:16,,moyen,Ouvert,,,REF-172809
d249c0cc-332d-443f-b80e-bbe0ab085898,COM-67464,USR-4200,LivraisonRetard,"Livraison retardée de 30 minutes, totalement inacceptable !",7/10/2024 15:16,image_7633.jpg,moyen,Ouvert,,,REF-215904
2dc6937b-4944-4be4-b68a-9acbe5d5ff8b,COM-36933,USR-7922,MauvaiseQualité,"dessert était gâté, totalement dégoûtant !",7/3/2024 15:16,,élevé,Résolu,7/4/2024 19:16,MOD-8,REF-318228
d31ee505-820b-4111-a97d-110a12375bae,COM-13470,USR-8300,CommandeErronée,"Livré frites, mais je voulais sandwich, c'est inacceptable.",4/28/2025 15:16,,moyen,Ouvert,,,REF-467736
fc7a8445-0ffc-4daf-96c5-5904c59e0b3d,COM-47718,USR-1255,ArticleManquant,"Il manque sauce dans ma commande, très décevant.",12/7/2024 15:16,,moyen,Résolu,12/9/2024 9:16,MOD-8,REF-526567
867bedae-2322-48ac-b572-d7623e160667,COM-83807,USR-2689,ProblèmePaiement,"Problème mineur avec le paiement, veuillez vérifier.",10/2/2024 15:16,"image_1815.jpg,image_2637.jpg",élevé,Résolu,10/3/2024 3:16,MOD-16,REF-984003
07c79e3b-ffd5-4962-904c-4372be6d0282,COM-40354,USR-9742,MauvaiseQualité,"Qualité médiocre de burger, très frustrant.",5/11/2025 15:16,,moyen,Ouvert,,,REF-330810
26bfff84-f0b1-4755-8112-17a6c716a605,COM-79971,USR-2505,LivraisonRetard,"Commande arrivée après 3 heures, vraiment pas satisfait.",8/2/2024 15:16,,élevé,Résolu,8/2/2024 22:16,MOD-4,REF-880521
4b17a83b-fa05-4707-91c9-00dcd3d9dab8,COM-11770,USR-2911,LivraisonRetard,"Retard de 30 minutes, c'est scandaleux et dérangeant !",7/7/2024 15:16,,moyen,Résolu,7/9/2024 11:16,MOD-6,REF-217620
b9e5d0e8-2d19-4e4d-802d-f52e5b7bac2c,COM-38271,USR-9207,ServiceClient,"Le service client n'a pas résolu mon problème, frustrant.",2/12/2025 15:16,,moyen,Escaladé,,,REF-735315
5e2f2f39-16ff-4228-9ef4-e76a55be8373,COM-97419,USR-7422,LivraisonRetard,"La commande a été livrée avec 90 minutes de retard, la nourriture était froide.",6/17/2025 15:16,,moyen,Ouvert,,,REF-989620
ec5a2653-feed-45c9-8e2a-8b56cfa68e81,COM-32269,USR-9280,ServiceClient,"Réponse lente du service client, qualité médiocre.",7/30/2024 15:16,,faible,Résolu,7/31/2024 16:16,MOD-11,REF-441803
8736d0c4-6b81-4ed6-9ce1-bc3a5ee43d1d,COM-55299,USR-9169,ServiceClient,"Service client correct, mais pourrait être plus rapide.",6/19/2025 15:16,image_8443.jpg,moyen,Escaladé,,,REF-539613
1e8edea0-5397-4065-ab73-d5bb4617bb84,COM-79702,USR-8356,ArticleManquant,"Manque burger, service médiocre.",2/4/2025 15:16,,faible,Escaladé,,,REF-151200
d0fe8861-9c21-414e-a547-1676681a5ab2,COM-58035,USR-6848,CommandeErronée,"J'ai commandé pâtes, mais j'ai reçu pizza.",10/24/2024 15:16,image_2714.jpg,faible,Ouvert,,,REF-628293
592c3e2d-7ecb-41ad-8a9c-29b07899d235,COM-73113,USR-8511,ArticleManquant,"Manque pâtes, service médiocre.",3/11/2025 15:16,,faible,Ouvert,,,REF-660000
217313bd-4dae-4714-a1ca-7590d54b4fcd,COM-38915,USR-8766,MauvaiseQualité,"sauce était trempé, je ne commanderai plus.",1/7/2025 15:16,,faible,Résolu,1/8/2025 7:16,MOD-6,REF-742726
0cb17e19-1691-4460-802f-0a56358ee185,COM-26065,USR-1410,NourritureEndommagée,"Commande endommagée, dessert était légèrement moisi.",10/13/2024 15:16,,élevé,Escaladé,,,REF-596027
609031cb-1a30-40bc-b40e-d2f33906c70e,COM-95959,USR-3571,ProblèmePaiement,"Surfacturation de la commande, service client désastreux.",5/22/2025 15:16,,élevé,Ouvert,,,REF-693471
021875ba-f5b5-4bdb-a452-90c4e3846c8f,COM-20087,USR-6787,LivraisonRetard,"Commande arrivée après 2 heures, vraiment pas satisfait.",6/28/2025 15:16,,élevé,Résolu,6/28/2025 18:16,MOD-8,REF-427567
52b29e16-28ca-401b-bcab-764ed32efd75,COM-64363,USR-8237,ArticleManquant,"boisson manquant, veuillez résoudre immédiatement.",6/29/2025 15:16,,moyen,Résolu,6/30/2025 5:16,MOD-17,REF-987206
8c94fafa-467d-4764-ab83-db85e4eb6e71,COM-77284,USR-4511,CommandeErronée,"Mauvais article livré, dessert à la place de frites.",12/15/2024 15:16,"image_6079.jpg,image_4868.jpg",faible,Ouvert,,,REF-587703
33db47d5-44f1-4ecc-adb4-95dc7c89b092,COM-42842,USR-6086,ServiceClient,"Service client correct, mais pourrait être plus rapide.",3/27/2025 15:16,image_6023.jpg,moyen,Escaladé,,,REF-705651
5d353f69-7a31-49d6-a748-70751477f69a,COM-32568,USR-3595,LivraisonRetard,"Petit retard de 1 heure, mais la nourriture était correcte.",2/16/2025 15:16,,moyen,Escaladé,,,REF-531675
20792b5b-2c96-4f34-b830-dee17131e658,COM-45441,USR-4447,NourritureEndommagée,"La commande était écrasé, très déçu.",8/16/2024 15:16,,faible,Ouvert,,,REF-188876
7899eef8-4a14-4342-8835-927a40f3913b,COM-67706,USR-6164,ProblèmePaiement,"Problème de paiement, remboursement requis immédiatement.",8/19/2024 15:16,image_6845.jpg,élevé,Résolu,8/21/2024 4:16,MOD-19,REF-863947
4ba17cbc-a10b-4479-a2a9-2155f09f87cb,COM-77446,USR-7345,NourritureEndommagée,"Tout était moisi, expérience catastrophique.",3/23/2025 15:16,,élevé,Escaladé,,,REF-758169
d8c97414-e1a8-4f4f-9ec9-54486af35b8f,COM-62165,USR-8768,NourritureEndommagée,"La nourriture était moisi, totalement immangeable.",9/2/2024 15:16,,élevé,Résolu,9/3/2024 3:16,MOD-14,REF-374460
76fd87e1-1fed-48da-a649-c3ddf11c357c,COM-29822,USR-5886,CommandeErronée,"Erreur sur ma commande : dessert au lieu de dessert, très agaçant.",6/1/2025 15:16,,moyen,Escaladé,,,REF-589869
ad59ce24-6673-4c14-a516-54fe7332f34c,COM-71747,USR-4072,LivraisonRetard,"Commande arrivée après 90 minutes, vraiment pas satisfait.",4/26/2025 15:16,"image_2167.jpg,image_1318.jpg",élevé,Escaladé,,,REF-309002
a0873b3f-aa1e-4408-ae06-7d8d0775a99f,COM-98841,USR-3967,NourritureEndommagée,"boisson est arrivé mal emballé, besoin d'un remplacement.",5/24/2025 15:16,image_5388.jpg,faible,Ouvert,,,REF-893860
6859e757-11d0-4d82-910e-eeaae716b901,COM-15950,USR-9260,CommandeErronée,"Livré sushi, mais je voulais salade, c'est inacceptable.",4/25/2025 15:16,,faible,Ouvert,,,REF-193515
a7024c4c-e5b4-4fda-abad-e6e3b426a1e2,COM-26353,USR-9724,CommandeErronée,"Commande erronée livrée, j'ai eu frites et non sushi.",12/2/2024 15:16,"image_7444.jpg,image_9310.jpg",faible,Ouvert,,,REF-570659
724173cc-e369-4f53-a2ab-c7dde81f6ffd,COM-81801,USR-2492,ArticleManquant,"Il manque sandwich dans ma commande, très décevant.",9/7/2024 15:16,image_7748.jpg,élevé,Résolu,9/9/2024 7:16,MOD-5,REF-957273
a94d34c7-496e-4bfd-b284-fb4d3eaed9ba,COM-60378,USR-6432,ServiceClient,"Service client injoignable, c'est insupportable !",10/1/2024 15:16,image_7838.jpg,élevé,Ouvert,,,REF-916253
dbed571d-1a19-41c2-b86d-b4471e7121ae,COM-34984,USR-5529,ProblèmePaiement,"Surfacturation de la commande, service client désastreux.",1/15/2025 15:16,image_7475.jpg,élevé,Escaladé,,,REF-371418
565355a9-f53a-42c2-b254-6ef2364486d9,COM-32249,USR-9488,MauvaiseQualité,"Très mauvaise qualité de burger, immangeable.",10/26/2024 15:16,,élevé,Ouvert,,,REF-866074
b6130ac9-b23b-42b2-95ee-e6eb2e0154dc,COM-76250,USR-5170,CommandeErronée,J'ai reçu boisson au lieu de pizza.,3/16/2025 15:16,image_8235.jpg,faible,Résolu,3/17/2025 19:16,MOD-18,REF-459482
ff7fadd2-717c-49d1-a2d1-ce03d7007dc5,COM-72740,USR-9711,LivraisonRetard,"Retard de 2 heures, c'est scandaleux et dérangeant !",12/3/2024 15:16,image_6731.jpg,élevé,Escaladé,,,REF-133688
deba6811-233c-441e-a99f-c99ff1db13dc,COM-31851,USR-7186,NourritureEndommagée,"salade est arrivé écrasé, besoin d'un remplacement.",4/16/2025 15:16,,faible,Résolu,4/17/2025 19:16,MOD-19,REF-495064
4f1f349e-1c70-4598-a7b3-a5088265cc9e,COM-19427,USR-8519,ServiceClient,"Mauvaise expérience avec le support, très décevant.",9/22/2024 15:16,"image_2767.jpg,image_6424.jpg",élevé,Ouvert,,,REF-494304
bd01ae99-cb01-49a6-b475-2a46ddf4b689,COM-63515,USR-1958,MauvaiseQualité,"Qualité médiocre de sauce, très frustrant.",10/26/2024 15:16,,moyen,Ouvert,,,REF-113039
8fed4a7e-13e5-4801-99c1-d5ac3e1b98a0,COM-77279,USR-5474,MauvaiseQualité,"sandwich était trempé, je ne commanderai plus.",7/20/2024 15:16,image_5561.jpg,faible,Résolu,7/21/2024 2:16,MOD-12,REF-519546
29cc701b-7a70-41c8-938d-7e49bdee3c95,COM-47594,USR-2898,LivraisonRetard,"Livraison en retard de 90 minutes, c'est gênant mais acceptable.",9/2/2024 15:16,,moyen,Escaladé,,,REF-698758
d2585bc5-7760-4850-9830-0fa030d0ccd7,COM-82278,USR-7664,LivraisonRetard,"J'ai attendu 2 heures pour ma commande, très frustrant.",12/28/2024 15:16,image_6683.jpg,élevé,Résolu,12/30/2024 0:16,MOD-10,REF-235580
9529997d-25fe-46e1-937a-0810e4285dfc,COM-17018,USR-4454,MauvaiseQualité,"La nourriture était écrasé, pas à la hauteur.",6/1/2025 15:16,,faible,Résolu,6/2/2025 15:16,MOD-15,REF-140578
8d257cdc-7608-4fd8-b1e7-f0f5164fb559,COM-95290,USR-3525,ServiceClient,"Réponse lente du service client, qualité médiocre.",1/4/2025 15:16,image_6753.jpg,moyen,Escaladé,,,REF-732583
b945df88-525a-4c80-8c27-f4e72034bb65,COM-76890,USR-7684,MauvaiseQualité,"La nourriture était sans goût, pas à la hauteur.",6/5/2025 15:16,,faible,Ouvert,,,REF-335036
98240a81-ce3a-4d87-b6a3-597027e468f5,COM-43243,USR-4464,NourritureEndommagée,"Tout était moisi, expérience catastrophique.",5/4/2025 15:16,,élevé,Ouvert,,,REF-856858
8bd41494-6061-4221-99e5-171b25072889,COM-31053,USR-9819,MauvaiseQualité,"pizza avait un goût sans goût, expérience horrible.",8/10/2024 15:16,,élevé,Ouvert,,,REF-320281
db8f5781-21b7-44f0-bb33-d4cf802d7d4a,COM-60961,USR-9016,MauvaiseQualité,"sandwich avait un goût moisi, expérience horrible.",10/5/2024 15:16,"image_9811.jpg,image_6647.jpg",élevé,Ouvert,,,REF-542474
d2c04a61-6916-4f3f-bc57-aa81143b6fdc,COM-18187,USR-9842,NourritureEndommagée,"frites livré trempé, c'est scandaleux et dangereux !",8/20/2024 15:16,,élevé,Escaladé,,,REF-464555
b8b5815e-9489-4ed4-b6f0-7d91b7752d2b,COM-68499,USR-9235,CommandeErronée,"Commande erronée livrée, j'ai eu dessert et non pâtes.",6/3/2025 15:16,,faible,Escaladé,,,REF-644882
1898f068-1d57-490d-916b-e9ad6d44e4b5,COM-62231,USR-4358,LivraisonRetard,"La commande a été livrée avec 30 minutes de retard, la nourriture était froide.",6/8/2025 15:16,,faible,Ouvert,,,REF-244467
c861ca54-68b6-46e7-9f93-b95243e901bc,COM-35213,USR-4541,MauvaiseQualité,"frites n'était pas terrible, qualité moyenne.",6/8/2025 15:16,,faible,Résolu,6/10/2025 11:16,MOD-15,REF-376759
5d2aac9f-5dc8-4c2e-a873-069b6f838f05,COM-83855,USR-8045,LivraisonRetard,"La nourriture est arrivée avec 2 heures de retard, service décevant.",5/13/2025 15:16,,élevé,Résolu,5/15/2025 5:16,MOD-2,REF-573195
dbe1947d-b7e1-48a3-8934-b872bf8d666a,COM-79231,USR-4047,LivraisonRetard,"La nourriture est arrivée avec 2 heures de retard, service décevant.",4/18/2025 15:16,,élevé,Résolu,4/20/2025 4:16,MOD-3,REF-274419
344b2a55-f121-4458-ac31-931e04706818,COM-13714,USR-4906,ProblèmePaiement,"Petite erreur de facturation, mais gênante.",6/11/2025 15:16,,moyen,Résolu,6/13/2025 10:16,MOD-6,REF-850615
5e370a83-9abe-4378-8b85-2f7c04372441,COM-14306,USR-4589,NourritureEndommagée,"salade est arrivé froid, besoin d'un remplacement.",7/17/2024 15:16,image_6628.jpg,moyen,Résolu,7/17/2024 23:16,MOD-18,REF-509997
26f36aa7-09a0-4a9c-97b2-bf3f98b929ec,COM-42382,USR-2300,ServiceClient,"Mauvaise expérience avec le support, très décevant.",5/21/2025 15:16,image_9264.jpg,élevé,Escaladé,,,REF-353666
35022d24-ccf6-453b-9688-19676f6952bd,COM-73856,USR-4737,ProblèmePaiement,"J'ai été facturé deux fois pour ma commande, c'est inacceptable !",12/11/2024 15:16,image_8666.jpg,élevé,Résolu,12/12/2024 1:16,MOD-13,REF-815267
b576abec-bbe4-49a3-854f-ae30bb50e50f,COM-38752,USR-1305,ServiceClient,"Réponse lente du service client, qualité médiocre.",12/21/2024 15:16,image_8580.jpg,moyen,Résolu,12/21/2024 21:16,MOD-6,REF-729788
1a807b64-ad69-4d7d-977c-96f28ac5ffbc,COM-52694,USR-4601,CommandeErronée,"J'ai commandé burger, mais j'ai reçu dessert.",10/19/2024 15:16,,faible,Escaladé,,,REF-325704
0b4898f6-a5bc-48d2-91ac-e457c5373e61,COM-58096,USR-9076,ProblèmePaiement,"J'ai été facturé deux fois pour ma commande, c'est inacceptable !",7/23/2024 15:16,image_7171.jpg,élevé,Escaladé,,,REF-424820
e8e43ddd-008d-49ac-9bb4-8c71201dbbb9,COM-39166,USR-4303,CommandeErronée,J'ai reçu burger au lieu de pâtes.,1/23/2025 15:16,,faible,Ouvert,,,REF-917982
51fd00a9-1e07-4691-a0f1-75ba6808193e,COM-32024,USR-3914,CommandeErronée,J'ai reçu frites au lieu de salade.,12/5/2024 15:16,image_9030.jpg,faible,Escaladé,,,REF-488498
1fa70e86-b6ed-43b9-bccd-2ab62f91131d,COM-92374,USR-1163,LivraisonRetard,"La nourriture est arrivée avec 30 minutes de retard, service décevant.",12/30/2024 15:16,,moyen,Ouvert,,,REF-765187
0787c4a9-cf38-4005-aaa5-2dd1e5c88874,COM-16944,USR-4533,NourritureEndommagée,"Commande endommagée, sauce était légèrement gâté.",9/10/2024 15:16,image_9669.jpg,élevé,Résolu,9/11/2024 8:16,MOD-16,REF-762750
6522ec2a-1914-452b-a73e-610f967a2810,COM-36490,USR-7326,CommandeErronée,"Petite erreur, j'ai reçu salade au lieu de frites.",9/22/2024 15:16,image_6768.jpg,faible,Ouvert,,,REF-207665
8f6ba252-20ca-4ac4-afc9-0215f5ad0cfb,COM-54546,USR-7180,ArticleManquant,"frites manquant, veuillez résoudre immédiatement.",9/6/2024 15:16,,moyen,Escaladé,,,REF-837642
cbf40c8b-b60a-41f6-a96f-9674ff58623b,COM-30608,USR-3344,ArticleManquant,"Pas de pizza, c'est inacceptable et frustrant !",2/5/2025 15:16,,moyen,Escaladé,,,REF-843264
10dca38c-3999-4f98-ab23-4c44d7e9f813,COM-58498,USR-3110,ServiceClient,"Le service client n'a pas résolu mon problème, frustrant.",4/17/2025 15:16,,moyen,Escaladé,,,REF-415042
a44feb3b-efe7-47bc-965a-ef68b2ef72d5,COM-27935,USR-1082,ArticleManquant,Pourriez-vous vérifier pourquoi dessert n'était pas inclus ?,10/25/2024 15:16,"image_9183.jpg,image_4575.jpg",faible,Escaladé,,,REF-141378
7406ce9d-ae54-4e9c-836a-f028ce4567cc,COM-51666,USR-1383,CommandeErronée,"Livré salade, mais je voulais pâtes, c'est inacceptable.",7/2/2024 15:16,image_1774.jpg,moyen,Résolu,7/4/2024 15:16,MOD-7,REF-169397
26c8931d-5dd6-492f-9396-77e022ec9916,COM-72360,USR-3808,ServiceClient,"Mauvaise expérience avec le support, très décevant.",10/13/2024 15:16,,moyen,Résolu,10/14/2024 10:16,MOD-1,REF-131415
895d4495-a92b-4cda-8c8c-01c7a6f5976e,COM-74316,USR-3331,ServiceClient,"Le service client n'a pas résolu mon problème, frustrant.",12/8/2024 15:16,,moyen,Escaladé,,,REF-980295
57be43b7-ad48-4251-b289-f1440a836d7f,COM-42453,USR-3423,MauvaiseQualité,"sandwich était sans goût, je ne commanderai plus.",10/10/2024 15:16,image_7541.jpg,faible,Résolu,10/11/2024 9:16,MOD-19,REF-962398
a05ca4c8-0169-4f5f-8e90-b9e1a70e5f0c,COM-53834,USR-8745,LivraisonRetard,"Retard de 90 minutes, c'est scandaleux et dérangeant !",8/27/2024 15:16,,moyen,Résolu,8/28/2024 8:16,MOD-17,REF-876152
c70e7209-030c-4042-b6e6-0e2ed746d876,COM-43477,USR-3585,MauvaiseQualité,"Le goût de dessert était un peu moisi, mais acceptable.",6/8/2025 15:16,,élevé,Escaladé,,,REF-734744
ac1211f8-cac1-41d4-a140-12060eb62772,COM-43012,USR-3743,NourritureEndommagée,"La nourriture était brûlé, totalement immangeable.",5/16/2025 15:16,image_7752.jpg,élevé,Ouvert,,,REF-349570
b20dad39-90ba-4115-9dde-a7d64a3d43e8,COM-63732,USR-5488,ArticleManquant,"Il manque sushi dans ma commande, très décevant.",7/28/2024 15:16,image_2834.jpg,élevé,Résolu,7/29/2024 15:16,MOD-9,REF-547228
8b0a7fce-7a44-45df-9482-c8c991a12bae,COM-51175,USR-1331,ArticleManquant,"Pas de pâtes, c'est inacceptable et frustrant !",4/15/2025 15:16,,moyen,Ouvert,,,REF-227258
0aa8fc4d-2bac-410d-bc9a-eb72059e695a,COM-85656,USR-9601,MauvaiseQualité,"boisson avait un goût froid, expérience horrible.",7/1/2025 15:16,,élevé,Résolu,7/2/2025 5:16,MOD-4,REF-270929
1ad9c10d-971c-4190-bc9f-3b9a31512abd,COM-53132,USR-8425,NourritureEndommagée,"Commande endommagée, boisson était légèrement sans goût.",8/12/2024 15:16,image_3176.jpg,faible,Résolu,8/13/2024 0:16,MOD-11,REF-559899
456857ec-97bb-4b0b-b050-44b46143a998,COM-95928,USR-5852,ArticleManquant,"Manque dessert, service médiocre.",3/19/2025 15:16,,faible,Escaladé,,,REF-671812
f84af47d-55e5-4899-a99f-c62127d10dc4,COM-60230,USR-4192,MauvaiseQualité,"pâtes n'était pas terrible, qualité moyenne.",12/23/2024 15:16,image_1508.jpg,moyen,Ouvert,,,REF-803336
f4a5a1e6-fec8-44ee-89f8-58660e196a89,COM-29790,USR-2902,ArticleManquant,"Petit souci, il manquait salade dans la commande.",1/11/2025 15:16,,faible,Escaladé,,,REF-799352
060c4bc9-ff40-4d7c-9959-b2b7a99dd293,COM-60752,USR-5198,MauvaiseQualité,"sushi était gâté, totalement dégoûtant !",12/20/2024 15:16,,élevé,Escaladé,,,REF-370733
5b651da3-cceb-4514-ae9f-5f167c7e5251,COM-16874,USR-8966,MauvaiseQualité,"Très mauvaise qualité de sandwich, immangeable.",6/20/2025 15:16,,élevé,Escaladé,,,REF-878787
63233c1b-7e7a-4bf6-8461-ccaa818b0844,COM-74990,USR-5184,MauvaiseQualité,"pizza avait un goût froid, expérience horrible.",3/23/2025 15:16,,élevé,Escaladé,,,REF-686766
0ba28691-eb03-4d67-8df8-78956bba5e99,COM-39544,USR-2366,LivraisonRetard,"Livraison retardée de 30 minutes, totalement inacceptable !",1/7/2025 15:16,"image_2712.jpg,image_3827.jpg",moyen,Escaladé,,,REF-292405
97128013-e03e-4785-8117-5bf9472e4561,COM-48446,USR-2261,LivraisonRetard,"J'ai attendu 3 heures pour ma commande, très frustrant.",12/15/2024 15:16,image_4356.jpg,élevé,Escaladé,,,REF-694316
667b13ca-06d7-4216-97a1-e9fd15eb969d,COM-64560,USR-1973,ServiceClient,"Petit souci avec le support, mais acceptable.",10/14/2024 15:16,,faible,Ouvert,,,REF-856270
7228b5d3-0557-40d7-9fb5-68c534d03d18,COM-40734,USR-8035,ProblèmePaiement,"Problème de paiement, remboursement requis immédiatement.",5/19/2025 15:16,image_1764.jpg,élevé,Escaladé,,,REF-359451
cd6980ec-d5f8-4a20-aa2c-f595e6b4696e,COM-56459,USR-5562,ProblèmePaiement,"Surfacturation de la commande, service client désastreux.",8/21/2024 15:16,image_9485.jpg,élevé,Escaladé,,,REF-792466
0d775160-591b-434e-8d38-d71433dc44db,COM-11077,USR-3294,ProblèmePaiement,"Surfacturation de la commande, service client désastreux.",10/25/2024 15:16,image_6684.jpg,élevé,Escaladé,,,REF-383360
3ef53bd7-1b7e-4207-9776-9ecc4bdc7157,COM-10533,USR-4382,NourritureEndommagée,"La nourriture était écrasé, totalement immangeable.",8/8/2024 15:16,,élevé,Escaladé,,,REF-183091
31e3bfce-d1fe-4cd2-b464-8eb038aa74ba,COM-55626,USR-1639,ProblèmePaiement,"Erreur de facturation pour boisson, très frustrant.",9/13/2024 15:16,image_2952.jpg,élevé,Escaladé,,,REF-930494
0e67caec-9e3d-41a6-a61f-d2ab6d2f412a,COM-84695,USR-2361,NourritureEndommagée,"Commande endommagée, boisson était légèrement froid.",4/12/2025 15:16,,faible,Résolu,4/14/2025 10:16,MOD-7,REF-955628
df848877-4e94-4cfa-b87d-0e2ecec63ecb,COM-59107,USR-9443,ServiceClient,"Le service client n'a pas résolu mon problème, frustrant.",4/23/2025 15:16,,moyen,Résolu,4/24/2025 10:16,MOD-13,REF-830469
838d388e-3db5-41c0-bd8f-2ed47a70f2b6,COM-89919,USR-4716,MauvaiseQualité,"salade était trempé, je ne commanderai plus.",12/3/2024 15:16,image_9053.jpg,faible,Résolu,12/4/2024 5:16,MOD-10,REF-940536
34f0b248-a9fe-4c39-bb8e-d05b7deb3082,COM-25090,USR-4933,LivraisonRetard,"J'ai attendu 2 heures pour ma commande, très frustrant.",6/18/2025 15:16,,élevé,Ouvert,,,REF-633075
e1136bce-515d-483e-ac82-056dc77b86a4,COM-70334,USR-2596,ProblèmePaiement,"Problème de paiement, remboursement requis immédiatement.",12/31/2024 15:16,,élevé,Résolu,1/2/2025 4:16,MOD-4,REF-115506
4f8f556b-80cc-485a-80d8-56318a6d53f2,COM-97165,USR-1852,ServiceClient,"Service client injoignable, c'est insupportable !",9/5/2024 15:16,,élevé,Escaladé,,,REF-207167
080999d5-4804-4615-9fbb-15267857cb89,COM-11454,USR-5399,NourritureEndommagée,"pâtes est arrivé moisi, besoin d'un remplacement.",5/3/2025 15:16,,élevé,Résolu,5/4/2025 20:16,MOD-1,REF-766900
d46aa7dc-a50d-433c-a262-90c914c3f657,COM-80458,USR-5874,ServiceClient,"Réponse lente du service client, qualité médiocre.",11/20/2024 15:16,,faible,Ouvert,,,REF-156517
2d973eaf-2807-4fb8-88d8-e7ffae3815d4,COM-23556,USR-6561,ServiceClient,"Petit souci avec le support, mais acceptable.",1/2/2025 15:16,,faible,Résolu,1/3/2025 18:16,MOD-13,REF-777899
849b5790-3e75-46e2-a075-ce6930567b9b,COM-93528,USR-6716,MauvaiseQualité,"boisson était moisi, totalement dégoûtant !",3/4/2025 15:16,image_2058.jpg,élevé,Résolu,3/6/2025 10:16,MOD-6,REF-157999
2325575a-94e6-4ae0-9298-a87f63cc6da8,COM-76751,USR-1190,ProblèmePaiement,"Surfacturation de la commande, service client désastreux.",9/7/2024 15:16,image_4780.jpg,élevé,Ouvert,,,REF-830178
051e3ac6-2b74-4bbd-bdc3-87d340ec1d08,COM-86944,USR-7357,NourritureEndommagée,"burger était écrasé, qualité inacceptable.",8/27/2024 15:16,,élevé,Escaladé,,,REF-757815
64733e42-aa60-47f8-bfa7-7bf50009edc7,COM-44148,USR-8700,ProblèmePaiement,"Problème mineur avec le paiement, veuillez vérifier.",11/18/2024 15:16,,moyen,Résolu,11/19/2024 1:16,MOD-2,REF-619209
3ee591d3-f5f1-470a-aaf5-e4eb3ba84701,COM-48215,USR-3771,ArticleManquant,"burger manquant, veuillez résoudre immédiatement.",8/28/2024 15:16,image_2981.jpg,élevé,Escaladé,,,REF-458691
4af57bab-526b-4e2a-99b9-ad42eadb965b,COM-83458,USR-4870,ArticleManquant,"Petit souci, il manquait sauce dans la commande.",2/5/2025 15:16,"image_7012.jpg,image_8857.jpg",faible,Escaladé,,,REF-716280
90f61039-a234-4509-8a31-ae7fb31d7b9c,COM-92469,USR-4903,ProblèmePaiement,"Petite erreur de facturation, mais gênante.",4/5/2025 15:16,,moyen,Ouvert,,,REF-901769
1f616ea7-12a5-49c5-9e21-3d12fbd01e3f,COM-78567,USR-5270,ArticleManquant,"burger manquant, veuillez résoudre immédiatement.",12/8/2024 15:16,,moyen,Escaladé,,,REF-696384
f5995bbf-f70f-48db-b7cb-29b14df71d41,COM-10890,USR-7787,LivraisonRetard,"La nourriture est arrivée avec 90 minutes de retard, service décevant.",12/31/2024 15:16,image_2174.jpg,élevé,Ouvert,,,REF-775964
f1f04554-8d2f-45bc-9d12-2b3b6b6c3636,COM-81906,USR-3790,CommandeErronée,"Commande erronée livrée, j'ai eu sauce et non sauce.",4/27/2025 15:16,,faible,Escaladé,,,REF-944810
55e84d0b-1379-4b69-bddc-cf11d5657370,COM-38862,USR-5108,CommandeErronée,"Erreur sur ma commande : sauce au lieu de burger, très agaçant.",7/8/2024 15:16,image_1664.jpg,élevé,Résolu,7/9/2024 10:16,MOD-12,REF-442412
e61befff-0d6a-4168-9058-ad0744ed2ebb,COM-17669,USR-7109,ArticleManquant,"dessert manquant, veuillez résoudre immédiatement.",8/14/2024 15:16,,moyen,Escaladé,,,REF-975587
6ce51af0-b657-4a6c-908d-485d41eedbc6,COM-13444,USR-2520,LivraisonRetard,"La nourriture est arrivée avec 1 heure de retard, service décevant.",6/28/2025 15:16,image_4163.jpg,élevé,Ouvert,,,REF-730224
95818e29-d235-43d6-9510-3fbe89f63877,COM-21933,USR-6863,ArticleManquant,"Manque sandwich, service médiocre.",4/6/2025 15:16,image_7380.jpg,moyen,Résolu,4/8/2025 7:16,MOD-2,REF-226340
0608f61c-5659-4895-ac31-22fe95a643d6,COM-27826,USR-2890,ArticleManquant,"Il manque frites dans ma commande, très décevant.",4/23/2025 15:16,image_1255.jpg,élevé,Résolu,4/24/2025 4:16,MOD-20,REF-324207
d56fc18f-68af-4fb4-ab77-00a4abb2f6f3,COM-32252,USR-9744,ServiceClient,"Service client injoignable, c'est insupportable !",8/27/2024 15:16,image_2283.jpg,élevé,Résolu,8/29/2024 0:16,MOD-17,REF-262240
6bd918c1-14db-4574-90c9-305b3b1e196b,COM-43866,USR-9655,ServiceClient,"Mauvaise expérience avec le support, très décevant.",6/29/2025 15:16,image_3959.jpg,élevé,Ouvert,,,REF-288562
a77e8646-f3fb-4e86-9cc8-7c8585e13448,COM-20183,USR-4065,CommandeErronée,"Livré sandwich, mais je voulais sandwich, c'est inacceptable.",4/14/2025 15:16,image_8275.jpg,moyen,Ouvert,,,REF-319631
84955985-bd1d-4e7c-9009-828a13c1895f,COM-20040,USR-2268,NourritureEndommagée,"La nourriture était froid, totalement immangeable.",8/9/2024 15:16,,élevé,Résolu,8/11/2024 6:16,MOD-1,REF-441123
bca6d4a5-4973-409e-876f-9f5f6aa991c6,COM-71546,USR-3740,CommandeErronée,"J'ai commandé sandwich, mais j'ai reçu salade.",2/28/2025 15:16,,faible,Escaladé,,,REF-980102
6de04158-d9c1-41b2-9c49-8029984f8ed1,COM-59509,USR-9844,LivraisonRetard,"La nourriture est arrivée avec 1 heure de retard, service décevant.",5/16/2025 15:16,,moyen,Résolu,5/16/2025 19:16,MOD-18,REF-448024
ecab138b-477e-4d48-b977-89a0cb4aab0c,COM-47826,USR-9524,MauvaiseQualité,"Le goût de sushi était un peu sans goût, mais acceptable.",2/27/2025 15:16,,faible,Ouvert,,,REF-505985
bfd5453b-d32e-4439-a8ec-2acc08004eeb,COM-41731,USR-7418,NourritureEndommagée,"pizza était un peu moisi, mais mangeable.",4/22/2025 15:16,,élevé,Escaladé,,,REF-555511
ad832559-2a65-4934-b074-71442525b4f9,COM-79313,USR-5727,CommandeErronée,J'ai reçu salade au lieu de pâtes.,2/3/2025 15:16,,faible,Escaladé,,,REF-327214
6bd89f1b-2a8e-44ab-86f3-5ed9a33282ad,COM-19704,USR-5912,ArticleManquant,"sandwich manquant, veuillez résoudre immédiatement.",5/24/2025 15:16,"image_6021.jpg,image_7973.jpg",élevé,Ouvert,,,REF-685593
d350325f-661e-481d-a455-d50a95aaafb5,COM-37691,USR-7258,LivraisonRetard,"Livraison en retard de 90 minutes, c'est gênant mais acceptable.",9/25/2024 15:16,image_7900.jpg,élevé,Ouvert,,,REF-862515
f81a21c0-b8f8-4a35-8fcc-2ff6fb437b14,COM-53610,USR-1324,LivraisonRetard,"La nourriture est arrivée avec 2 heures de retard, service décevant.",7/16/2024 15:16,,élevé,Ouvert,,,REF-570001
11267cba-0526-4a4b-afea-7a988ede410c,COM-90814,USR-4210,ArticleManquant,"Pas de sandwich, c'est inacceptable et frustrant !",9/29/2024 15:16,,moyen,Résolu,10/1/2024 13:16,MOD-8,REF-478245
b8d80822-cd8b-473d-a531-3266ebe9796b,COM-51806,USR-9161,MauvaiseQualité,"La nourriture était sans goût, pas à la hauteur.",6/18/2025 15:16,,faible,Escaladé,,,REF-432364
06649d8f-cced-46fa-a198-37192e850584,COM-25036,USR-6512,MauvaiseQualité,"Qualité médiocre de burger, très frustrant.",3/14/2025 15:16,,moyen,Résolu,3/14/2025 22:16,MOD-10,REF-463137
13172b8c-1cd1-439b-a33a-b04c8c048d3a,COM-12750,USR-4994,CommandeErronée,"Mauvais article livré, sushi à la place de salade.",11/18/2024 15:16,,faible,Résolu,11/19/2024 10:16,MOD-9,REF-929158
cec1e961-544f-4094-8361-f5ad7bec5b52,COM-50552,USR-2195,CommandeErronée,"Commande erronée livrée, j'ai eu frites et non dessert.",8/24/2024 15:16,,faible,Escaladé,,,REF-937116
1a9eed6b-ac10-48a4-b7f3-46bf77e7a518,COM-25377,USR-1544,MauvaiseQualité,"dessert n'était pas terrible, qualité moyenne.",10/16/2024 15:16,,faible,Résolu,10/18/2024 2:16,MOD-7,REF-990802
3db90edd-c576-4a04-b51e-d691cd67fc5c,COM-88915,USR-8084,MauvaiseQualité,"boisson n'était pas terrible, qualité moyenne.",1/19/2025 15:16,,faible,Escaladé,,,REF-776186
a34a0221-3b71-49b8-b323-b7b522de89c7,COM-17375,USR-8216,ProblèmePaiement,"J'ai été facturé deux fois pour ma commande, c'est inacceptable !",9/21/2024 15:16,,élevé,Ouvert,,,REF-281081
9ee8b821-21c2-489f-8381-48dfbfbab6da,COM-56428,USR-5092,NourritureEndommagée,"La nourriture était moisi, totalement immangeable.",3/31/2025 15:16,,élevé,Ouvert,,,REF-351549
7769f0f9-841b-4c4f-ac07-7793fcd0f86e,COM-37417,USR-2405,ProblèmePaiement,"J'ai été facturé deux fois pour ma commande, c'est inacceptable !",8/10/2024 15:16,,élevé,Ouvert,,,REF-764626
8e7a2fa7-b53c-4b70-9e18-69ef2a901c1f,COM-18747,USR-1254,NourritureEndommagée,"boisson livré gâté, c'est scandaleux et dangereux !",8/19/2024 15:16,,élevé,Escaladé,,,REF-865663
f3f7643c-b95a-498b-937a-399a774f9166,COM-60751,USR-3321,MauvaiseQualité,"sauce était écrasé, totalement dégoûtant !",2/16/2025 15:16,,élevé,Escaladé,,,REF-848978
112c7b5e-c81a-4a7d-9063-97ff19362415,COM-84656,USR-1296,MauvaiseQualité,"Très mauvaise qualité de pâtes, immangeable.",5/6/2025 15:16,image_9263.jpg,élevé,Escaladé,,,REF-329715
233835a7-2f5d-4243-9125-a603babd8530,COM-92741,USR-3136,MauvaiseQualité,"boisson avait un goût écrasé, expérience horrible.",10/22/2024 15:16,,élevé,Résolu,10/23/2024 11:16,MOD-9,REF-613967
be94cf67-9a4f-477c-a3b8-d1d3bb97273e,COM-13056,USR-7630,ProblèmePaiement,"Surfacturation de la commande, service client désastreux.",7/2/2024 15:16,,élevé,Résolu,7/3/2024 18:16,MOD-9,REF-686268
fdafbd1f-f4cb-47c1-9bd2-dca8dbbc3eae,COM-25080,USR-5011,LivraisonRetard,"La nourriture est arrivée avec 2 heures de retard, service décevant.",12/16/2024 15:16,,élevé,Résolu,12/17/2024 4:16,MOD-13,REF-433471
375e017a-cbe0-410f-8e79-4799d8459439,COM-57510,USR-7214,ArticleManquant,"Commande incomplète, sushi non livré.",10/12/2024 15:16,,faible,Escaladé,,,REF-368409
0f8c1186-3845-404c-8983-e712f61482fb,COM-49152,USR-6456,LivraisonRetard,"J'ai attendu 1 heure pour ma commande, très frustrant.",4/1/2025 15:16,,moyen,Ouvert,,,REF-757597
9cfd2614-c408-49be-92a4-9eaf876b16b8,COM-53403,USR-6015,CommandeErronée,"Mauvais article livré, sauce à la place de pâtes.",12/22/2024 15:16,image_6928.jpg,faible,Escaladé,,,REF-301152
69f8a10f-56fc-4ba6-b7c9-7bd4913f0677,COM-36571,USR-3756,ArticleManquant,"Commande incomplète, sandwich non livré.",2/8/2025 15:16,,faible,Escaladé,,,REF-975808
8a153bcc-f6fe-4cde-8dac-3b87743217de,COM-73828,USR-8526,CommandeErronée,"Livré pâtes, mais je voulais salade, c'est inacceptable.",10/11/2024 15:16,image_7268.jpg,moyen,Escaladé,,,REF-720478
cbff4b7d-ca9c-4ff4-b153-7941da067ba9,COM-16667,USR-9431,NourritureEndommagée,"frites est arrivé brûlé, besoin d'un remplacement.",8/2/2024 15:16,image_7138.jpg,faible,Escaladé,,,REF-730438
6f31f057-d6ef-4c12-999c-8175e4e48372,COM-71854,USR-4821,LivraisonRetard,"Livraison retardée de 90 minutes, totalement inacceptable !",7/18/2024 15:16,,moyen,Résolu,7/19/2024 18:16,MOD-1,REF-913162
dc15ee45-e199-42ec-90c0-bee4367114f0,COM-58721,USR-9128,NourritureEndommagée,"sauce est arrivé gâté, besoin d'un remplacement.",11/26/2024 15:16,image_3620.jpg,élevé,Ouvert,,,REF-925595
cc297bae-4039-45c5-aef1-4734ddf7830e,COM-43195,USR-8825,MauvaiseQualité,"dessert était écrasé, je ne commanderai plus.",7/24/2024 15:16,image_4684.jpg,faible,Ouvert,,,REF-451971
34330cc0-3a71-490a-bb73-e42bfad7b6b0,COM-70707,USR-8169,ProblèmePaiement,"Problème de paiement, remboursement requis immédiatement.",1/28/2025 15:16,,élevé,Escaladé,,,REF-445345
1e7841c7-1a89-468f-bc2e-e82cfacaeff7,COM-89895,USR-6623,ServiceClient,"Mauvaise expérience avec le support, très décevant.",1/4/2025 15:16,,moyen,Résolu,1/5/2025 5:16,MOD-8,REF-991497
d061af06-527c-4721-85c8-ea49f1534357,COM-32782,USR-5611,NourritureEndommagée,"sushi était sans goût, qualité inacceptable.",3/8/2025 15:16,image_7246.jpg,élevé,Ouvert,,,REF-565785
a99427ad-66ba-4ea9-8f9e-51fb292023a7,COM-35062,USR-7743,ProblèmePaiement,"Surfacturation de la commande, service client désastreux.",7/12/2024 15:16,image_5496.jpg,élevé,Ouvert,,,REF-316736
33976016-3541-4e8a-88b0-66b5c13edd51,COM-30528,USR-1940,LivraisonRetard,"Commande arrivée après 30 minutes, vraiment pas satisfait.",7/24/2024 15:16,,moyen,Résolu,7/26/2024 7:16,MOD-6,REF-433070
8b63e56c-6ffb-4209-9e75-d795580e93a6,COM-78033,USR-4683,ArticleManquant,"Commande incomplète, sushi non livré.",11/16/2024 15:16,image_6375.jpg,faible,Résolu,11/18/2024 10:16,MOD-8,REF-833403
dc8824cc-0251-499f-8067-db26ffa74246,COM-30288,USR-3656,NourritureEndommagée,"La nourriture était brûlé, totalement immangeable.",2/20/2025 15:16,image_5204.jpg,élevé,Ouvert,,,REF-828905
ba845a15-9489-4232-8c70-3cd3d7b7cc43,COM-71745,USR-5738,MauvaiseQualité,"Le goût de dessert était un peu brûlé, mais acceptable.",8/20/2024 15:16,,faible,Escaladé,,,REF-914050
ce001db3-a8f0-4887-8f45-5bcff4484595,COM-94941,USR-9367,LivraisonRetard,"Livraison en retard de 2 heures, c'est gênant mais acceptable.",2/24/2025 15:16,,élevé,Escaladé,,,REF-900208
9140b6ad-5d50-49e4-8d5c-83332daeb06f,COM-79071,USR-6705,NourritureEndommagée,"sushi était un peu trempé, mais mangeable.",1/26/2025 15:16,image_7736.jpg,faible,Escaladé,,,REF-718127
184ca65f-a658-4490-bce8-b44f767a696a,COM-46878,USR-9417,ArticleManquant,"Commande incomplète, sushi non livré.",12/22/2024 15:16,,faible,Ouvert,,,REF-767509
68301c7f-399f-4a02-b085-57116a53e2ca,COM-29346,USR-5678,CommandeErronée,"Erreur sur ma commande : boisson au lieu de salade, très agaçant.",9/24/2024 15:16,"image_8769.jpg,image_9741.jpg",élevé,Ouvert,,,REF-184620
2f5d8070-4d41-4ee1-9bbb-6f29e7d4d279,COM-38601,USR-8093,ArticleManquant,"Petit souci, il manquait pizza dans la commande.",3/30/2025 15:16,,faible,Ouvert,,,REF-242164
56e8edc3-2c26-4f78-b2eb-fbc09bfb2fb4,COM-14402,USR-3822,NourritureEndommagée,"Commande endommagée, salade était légèrement écrasé.",10/8/2024 15:16,,faible,Escaladé,,,REF-806760
bd27e6b2-00f1-44c7-a09e-f76b807a512b,COM-95401,USR-3218,NourritureEndommagée,"sushi livré froid, c'est scandaleux et dangereux !",1/19/2025 15:16,,élevé,Ouvert,,,REF-406569
d3b4f470-fa59-4c57-9980-7bb93c222f83,COM-31933,USR-7476,LivraisonRetard,"La nourriture est arrivée avec 30 minutes de retard, service décevant.",12/10/2024 15:16,,moyen,Résolu,12/11/2024 6:16,MOD-16,REF-524554
d698ab23-f550-4f2b-be4e-60f9f95bb069,COM-58668,USR-8912,MauvaiseQualité,"Très mauvaise qualité de burger, immangeable.",10/6/2024 15:16,image_6588.jpg,élevé,Ouvert,,,REF-401386
54539e02-fb5e-4cba-a8d2-6c85fabb5834,COM-38317,USR-1537,LivraisonRetard,"La commande a été livrée avec 1 heure de retard, la nourriture était froide.",1/19/2025 15:16,,moyen,Ouvert,,,REF-174663
78959f5e-b2be-43c6-9060-347b94ff5554,COM-82621,USR-3490,LivraisonRetard,"Livraison en retard de 90 minutes, c'est gênant mais acceptable.",11/25/2024 15:16,,moyen,Résolu,11/27/2024 7:16,MOD-11,REF-707364
cf4d55d0-2d5b-4b5e-b23e-512f95096006,COM-77609,USR-5230,ProblèmePaiement,"Problème de paiement, remboursement requis immédiatement.",12/14/2024 15:16,,élevé,Ouvert,,,REF-263025
73bf6114-425d-4142-860f-ca5753baccd2,COM-11659,USR-5245,MauvaiseQualité,"sushi n'était pas terrible, qualité moyenne.",10/4/2024 15:16,image_7758.jpg,moyen,Escaladé,,,REF-714093
c438ae63-c637-419e-b252-32075ebfae1a,COM-20022,USR-7279,ProblèmePaiement,"Problème de paiement, remboursement requis immédiatement.",3/12/2025 15:16,,élevé,Ouvert,,,REF-513370
5b74eee4-3737-4670-bf37-d7b722a82e9c,COM-56568,USR-7750,LivraisonRetard,"La commande a été livrée avec 30 minutes de retard, la nourriture était froide.",9/29/2024 15:16,,faible,Ouvert,,,REF-764458
a9060abc-9dfe-4f3c-98a9-fded0d21de0d,COM-52964,USR-3923,CommandeErronée,"J'ai commandé burger, mais j'ai reçu sandwich.",4/1/2025 15:16,image_7999.jpg,faible,Résolu,4/1/2025 21:16,MOD-9,REF-891982
574dc82c-c7f8-48b3-8973-897212116990,COM-38832,USR-5553,LivraisonRetard,"La nourriture est arrivée avec 1 heure de retard, service décevant.",1/20/2025 15:16,,moyen,Résolu,1/21/2025 18:16,MOD-15,REF-812356
4686164c-5871-469e-931b-5fa8b5632940,COM-35484,USR-1894,ServiceClient,"Réponse lente du service client, qualité médiocre.",5/29/2025 15:16,,faible,Résolu,5/30/2025 0:16,MOD-14,REF-940113
38616cae-1384-47d1-a414-9e009c3064f9,COM-95150,USR-1074,CommandeErronée,"Livré pizza, mais je voulais boisson, c'est inacceptable.",3/16/2025 15:16,,faible,Résolu,3/18/2025 10:16,MOD-10,REF-465551
7d711f65-940e-460a-bd72-2296922801a3,COM-77649,USR-6736,ProblèmePaiement,"Surfacturation de la commande, service client désastreux.",11/3/2024 15:16,image_6628.jpg,élevé,Ouvert,,,REF-959908
a5d6d00f-b923-4e2b-809e-c6a315536487,COM-18216,USR-5484,LivraisonRetard,"J'ai attendu 30 minutes pour ma commande, très frustrant.",8/9/2024 15:16,,moyen,Résolu,8/11/2024 4:16,MOD-12,REF-737398
fcd8499e-99e4-45e4-8e81-5a9f0eeede3f,COM-51764,USR-2730,ProblèmePaiement,"Problème de paiement, remboursement requis immédiatement.",7/30/2024 15:16,,élevé,Ouvert,,,REF-817466
9f6988e8-78f4-405b-8543-a1de00cbe5e8,COM-45870,USR-7542,LivraisonRetard,"La commande a été livrée avec 30 minutes de retard, la nourriture était froide.",5/2/2025 15:16,,faible,Escaladé,,,REF-189471
08ae76ba-e9ec-4de5-935b-3a7926386a07,COM-83696,USR-2803,ServiceClient,"Service client injoignable, c'est insupportable !",7/6/2024 15:16,,élevé,Ouvert,,,REF-106232
b61c8cbb-e51d-4f09-913b-d314901cd7c8,COM-29280,USR-3289,MauvaiseQualité,"Le goût de salade était un peu gâté, mais acceptable.",4/19/2025 15:16,,élevé,Ouvert,,,REF-651116
785847c7-697e-409c-9444-ec5e8e8b78be,COM-35087,USR-8709,LivraisonRetard,"La commande a été livrée avec 90 minutes de retard, la nourriture était froide.",11/29/2024 15:16,,moyen,Résolu,11/30/2024 4:16,MOD-11,REF-833057
92e4c7a8-0882-42e8-8431-61f47126365e,COM-46854,USR-7592,NourritureEndommagée,"La nourriture était froid, totalement immangeable.",2/24/2025 15:16,,élevé,Ouvert,,,REF-567680
dc0f00c8-9f0f-43f9-a12a-ae885afd9ffe,COM-16358,USR-4642,ProblèmePaiement,"J'ai été facturé deux fois pour ma commande, c'est inacceptable !",4/10/2025 15:16,"image_7150.jpg,image_2167.jpg",élevé,Ouvert,,,REF-844036
44e9be97-e701-4206-a673-0f9c7043904a,COM-81332,USR-6103,NourritureEndommagée,"Commande endommagée, salade était légèrement froid.",10/27/2024 15:16,image_7606.jpg,moyen,Ouvert,,,REF-886685
97b70825-d88b-4478-adce-4362b8239874,COM-53294,USR-6226,ServiceClient,"Le service client n'a pas résolu mon problème, frustrant.",1/20/2025 15:16,,moyen,Ouvert,,,REF-217159
cc7b2cd3-b2e8-4b3d-b197-f2ce4e9785ff,COM-44561,USR-1706,NourritureEndommagée,"Commande endommagée, burger était légèrement écrasé.",2/18/2025 15:16,image_6864.jpg,faible,Escaladé,,,REF-541939
96b1b9ba-5092-4a27-a546-489f404dde39,COM-47848,USR-8693,NourritureEndommagée,"burger est arrivé sans goût, besoin d'un remplacement.",1/4/2025 15:16,,faible,Résolu,1/5/2025 1:16,MOD-19,REF-335647
24ee01e3-3e88-43a8-882b-0de8bf5b3a3a,COM-35019,USR-5694,MauvaiseQualité,"Le goût de salade était un peu gâté, mais acceptable.",2/16/2025 15:16,,élevé,Ouvert,,,REF-198246
d8e78a3b-98ba-48a1-ad32-037b19235ba5,COM-61924,USR-8516,CommandeErronée,"Livré sandwich, mais je voulais sandwich, c'est inacceptable.",3/31/2025 15:16,"image_6608.jpg,image_8846.jpg",moyen,Résolu,4/1/2025 4:16,MOD-14,REF-866419
8fee3903-e09d-4ba2-bd81-594a3ebf9883,COM-55517,USR-5300,MauvaiseQualité,"pâtes était brûlé, totalement dégoûtant !",5/22/2025 15:16,image_3433.jpg,élevé,Escaladé,,,REF-104707
4b2bdc20-ceed-4251-a2e4-13c0447afccf,COM-57408,USR-2213,ServiceClient,"Petit souci avec le support, mais acceptable.",10/27/2024 15:16,image_1903.jpg,moyen,Résolu,10/28/2024 21:16,MOD-2,REF-997469
36f727cb-2b86-4e2e-8906-6dafc5e78ab1,COM-43783,USR-6573,MauvaiseQualité,"Le goût de salade était un peu trempé, mais acceptable.",9/26/2024 15:16,image_3810.jpg,moyen,Résolu,9/26/2024 23:16,MOD-13,REF-789098
44c9e16d-a93e-43c5-83a3-741d53a9ae43,COM-36522,USR-9088,CommandeErronée,"Petite erreur, j'ai reçu boisson au lieu de salade.",8/10/2024 15:16,image_3624.jpg,faible,Résolu,8/12/2024 10:16,MOD-3,REF-835874
7de4e8d2-c4bd-4f48-aa20-822c3de88566,COM-77042,USR-8256,NourritureEndommagée,"La nourriture était mal emballé, totalement immangeable.",12/7/2024 15:16,,élevé,Ouvert,,,REF-276010
0b094456-52f4-4f5f-b5d1-a733003b3603,COM-47456,USR-1522,NourritureEndommagée,"La commande était moisi, très déçu.",12/21/2024 15:16,,élevé,Résolu,12/23/2024 10:16,MOD-13,REF-269002
93d034f1-0d9e-407a-9aac-b86c6a856c4e,COM-89839,USR-3743,MauvaiseQualité,"salade n'était pas terrible, qualité moyenne.",1/23/2025 15:16,image_7596.jpg,moyen,Ouvert,,,REF-760093
c88032eb-f83c-479c-875a-88b92ee958eb,COM-26654,USR-8008,ProblèmePaiement,"Problème de paiement, remboursement requis immédiatement.",7/23/2024 15:16,"image_3336.jpg,image_2900.jpg",élevé,Escaladé,,,REF-358468
b79b82af-17f2-4315-9bbe-96a029469ec3,COM-61653,USR-9573,LivraisonRetard,"Livraison retardée de 2 heures, totalement inacceptable !",6/27/2025 15:16,,élevé,Résolu,6/28/2025 9:16,MOD-9,REF-289212
2c25beae-0254-4dd2-bff1-625222689f5c,COM-64790,USR-7654,ArticleManquant,"Commande incomplète, burger non livré.",10/23/2024 15:16,,faible,Escaladé,,,REF-670136
1ab4327c-7c3b-45f8-bd82-ddc65825b8b2,COM-44924,USR-9730,ArticleManquant,Pourriez-vous vérifier pourquoi sandwich n'était pas inclus ?,3/18/2025 15:16,,faible,Ouvert,,,REF-443280
05bd9b22-64f3-4459-a805-8805452ee975,COM-14789,USR-4108,NourritureEndommagée,"sauce était mal emballé, qualité inacceptable.",6/6/2025 15:16,"image_7121.jpg,image_6736.jpg",élevé,Résolu,6/8/2025 6:16,MOD-4,REF-153077
c92221f5-0543-40e7-b741-aa8263475245,COM-20983,USR-6670,ProblèmePaiement,"J'ai été facturé deux fois pour ma commande, c'est inacceptable !",11/25/2024 15:16,image_6823.jpg,élevé,Résolu,11/27/2024 2:16,MOD-10,REF-742360
ed9f7be0-e2bd-496e-9bb3-a9971dc11932,COM-92879,USR-2895,ServiceClient,"Mauvaise expérience avec le support, très décevant.",10/19/2024 15:16,,moyen,Ouvert,,,REF-892542
75bee2ff-e3a1-459f-9b40-f75106058a39,COM-99424,USR-2978,NourritureEndommagée,"salade était moisi, qualité inacceptable.",5/23/2025 15:16,,élevé,Résolu,5/25/2025 12:16,MOD-17,REF-622354
471c4936-8152-431a-ac5a-adf4d580a5b8,COM-52106,USR-6182,NourritureEndommagée,"La nourriture était froid, totalement immangeable.",1/29/2025 15:16,image_8721.jpg,élevé,Ouvert,,,REF-369954
2bb132f1-0fa7-414a-82d7-cc9b3f2a2716,COM-11826,USR-6018,MauvaiseQualité,"La nourriture était froid, pas à la hauteur.",8/28/2024 15:16,image_7299.jpg,moyen,Résolu,8/30/2024 6:16,MOD-2,REF-744286
c06c63e3-97be-43a4-8a06-c38ba8a23bb7,COM-63642,USR-2448,ServiceClient,"Le service client n'a pas résolu mon problème, frustrant.",11/1/2024 15:16,image_6915.jpg,élevé,Ouvert,,,REF-571923
271118b6-8722-4406-b03f-83cdfe4c6ce0,COM-85622,USR-2834,ProblèmePaiement,"Problème de paiement, remboursement requis immédiatement.",10/4/2024 15:16,,élevé,Résolu,10/4/2024 16:16,MOD-19,REF-388393
a612e51c-e1ad-462f-8452-14bae35841df,COM-93634,USR-4552,ProblèmePaiement,"Surfacturation de la commande, service client désastreux.",11/30/2024 15:16,image_2960.jpg,élevé,Escaladé,,,REF-957654
c48a7d7c-1fde-486a-b5eb-c639a917af13,COM-55664,USR-2805,MauvaiseQualité,"La nourriture était brûlé, pas à la hauteur.",12/16/2024 15:16,,faible,Résolu,12/18/2024 1:16,MOD-4,REF-292211
f559f2ba-a042-48ac-8a89-ce5eef968260,COM-25125,USR-3734,MauvaiseQualité,"sandwich n'était pas terrible, qualité moyenne.",2/14/2025 15:16,,faible,Escaladé,,,REF-368968
4376869e-f817-4b45-b10c-5bec35f919e6,COM-52216,USR-5554,MauvaiseQualité,"Très mauvaise qualité de pizza, immangeable.",6/13/2025 15:16,image_7211.jpg,élevé,Ouvert,,,REF-120487
20a6fdfc-4906-4428-986b-136046171830,COM-17458,USR-7681,CommandeErronée,"Erreur sur ma commande : salade au lieu de sauce, très agaçant.",12/19/2024 15:16,image_1812.jpg,élevé,Ouvert,,,REF-485459
bbf90043-7ebb-4369-90de-29a7fb35a426,COM-10777,USR-5978,LivraisonRetard,"La commande a été livrée avec 2 heures de retard, la nourriture était froide.",6/20/2025 15:16,image_7457.jpg,élevé,Escaladé,,,REF-601984
239d65a0-4818-4c75-9c04-9fcd4de38af4,COM-51472,USR-4849,ArticleManquant,"Pas de frites, c'est inacceptable et frustrant !",8/14/2024 15:16,image_3784.jpg,élevé,Ouvert,,,REF-127768
75675e26-593e-4347-a4eb-41155d029348,COM-40263,USR-7817,ProblèmePaiement,"Problème mineur avec le paiement, veuillez vérifier.",12/15/2024 15:16,,moyen,Escaladé,,,REF-722740
db3244ec-979f-4183-8c84-6ac5dc788c99,COM-74878,USR-1815,NourritureEndommagée,"La commande était brûlé, très déçu.",10/29/2024 15:16,image_6091.jpg,faible,Escaladé,,,REF-507478
8c391a9c-c6b8-4e2e-b80f-2abd26761fc0,COM-49827,USR-8529,MauvaiseQualité,"Le goût de frites était un peu trempé, mais acceptable.",10/24/2024 15:16,image_7003.jpg,moyen,Ouvert,,,REF-155162
40a64a0e-9b53-4787-9892-d33d2a2b2baf,COM-41818,USR-8552,ArticleManquant,Pourriez-vous vérifier pourquoi salade n'était pas inclus ?,9/16/2024 15:16,,faible,Ouvert,,,REF-457990
236a1055-5aa8-4695-8036-5b69a91f10f5,COM-31104,USR-4309,ServiceClient,"Mauvaise expérience avec le support, très décevant.",2/22/2025 15:16,,moyen,Escaladé,,,REF-212803
76adfe90-65d6-4343-804a-542403a50a67,COM-52475,USR-1578,ProblèmePaiement,"Surfacturation de la commande, service client désastreux.",11/29/2024 15:16,,élevé,Résolu,12/1/2024 6:16,MOD-20,REF-849698
c1bcd457-af48-43a2-bd2a-addb05f52b48,COM-26516,USR-5810,MauvaiseQualité,"Le goût de pizza était un peu moisi, mais acceptable.",6/27/2025 15:16,image_6753.jpg,élevé,Escaladé,,,REF-309571
9d64cb0b-97b9-41f4-b287-9a9086329fed,COM-28627,USR-8829,CommandeErronée,"Erreur sur ma commande : burger au lieu de pizza, très agaçant.",7/12/2024 15:16,image_8687.jpg,élevé,Résolu,7/14/2024 15:16,MOD-16,REF-213149
dc350428-0e2b-47f0-aeb2-33b8c50b5ee1,COM-29781,USR-7861,NourritureEndommagée,"boisson était un peu écrasé, mais mangeable.",1/1/2025 15:16,image_1672.jpg,faible,Escaladé,,,REF-446779
68ab2ec3-bb35-450c-a95b-65a2ac4a5c89,COM-26602,USR-2083,ProblèmePaiement,"Surfacturation de la commande, service client désastreux.",2/4/2025 15:16,,élevé,Résolu,2/5/2025 6:16,MOD-18,REF-260003
626ce68f-0f89-40a8-b6a9-f5212a89cbd6,COM-36931,USR-2173,ArticleManquant,"salade manquant, veuillez résoudre immédiatement.",4/2/2025 15:16,,moyen,Résolu,4/2/2025 19:16,MOD-10,REF-859143
561b5e4e-548e-4951-b80f-818106b3cca9,COM-30912,USR-2586,ArticleManquant,"Je n'ai pas reçu sandwich, besoin d'un remboursement.",7/24/2024 15:16,image_1770.jpg,faible,Ouvert,,,REF-764260
df8acd6c-575e-4eb3-bd13-825441965280,COM-82508,USR-7472,ArticleManquant,"Manque salade, service médiocre.",11/9/2024 15:16,,faible,Escaladé,,,REF-637164
0b7fee14-dbbc-4d1e-8fce-883a6202b3f7,COM-38330,USR-7338,ProblèmePaiement,"Surfacturation de la commande, service client désastreux.",10/12/2024 15:16,"image_1105.jpg,image_3692.jpg",élevé,Résolu,10/13/2024 5:16,MOD-6,REF-638777
dcb9fe83-2bbf-46e1-a06e-55862eba720b,COM-10757,USR-9035,NourritureEndommagée,"Commande endommagée, sandwich était légèrement brûlé.",5/12/2025 15:16,,faible,Ouvert,,,REF-224043
78d6e2d1-af15-4a08-ac92-709b63a61678,COM-68405,USR-9245,NourritureEndommagée,"salade était un peu trempé, mais mangeable.",9/21/2024 15:16,"image_4459.jpg,image_9623.jpg",faible,Escaladé,,,REF-139913
5cf790ad-a8bf-447e-a511-f32b8c2a5e62,COM-80471,USR-5435,ServiceClient,"Mauvaise expérience avec le support, très décevant.",4/18/2025 15:16,,moyen,Résolu,4/19/2025 19:16,MOD-13,REF-219056
b2745695-7d6c-452f-b134-1e64e54a9dff,COM-88115,USR-9138,MauvaiseQualité,"sushi était moisi, totalement dégoûtant !",3/5/2025 15:16,,élevé,Résolu,3/7/2025 6:16,MOD-17,REF-391073
75a39f60-1ca1-43ee-960f-2427f32f4599,COM-47590,USR-3230,ArticleManquant,"Petit souci, il manquait sandwich dans la commande.",1/22/2025 15:16,,faible,Escaladé,,,REF-947029
c6862149-0a24-4a5d-8bef-493fc916e45e,COM-90294,USR-8075,CommandeErronée,J'ai reçu sushi au lieu de sushi.,1/2/2025 15:16,,faible,Ouvert,,,REF-889840
967fa6d9-5655-4585-a35c-4c7589f2542e,COM-10113,USR-9276,CommandeErronée,"Livré salade, mais je voulais burger, c'est inacceptable.",1/26/2025 15:16,,faible,Ouvert,,,REF-724923
39d15046-f410-4b93-9d15-0213e85cbf29,COM-68171,USR-1676,MauvaiseQualité,"salade avait un goût froid, expérience horrible.",7/17/2024 15:16,,élevé,Ouvert,,,REF-386348
e72a4f37-fce0-4870-a724-e7257466922c,COM-13937,USR-9719,ArticleManquant,Pourriez-vous vérifier pourquoi dessert n'était pas inclus ?,10/17/2024 15:16,image_1502.jpg,faible,Ouvert,,,REF-121888
a991d623-910d-4a58-a2e4-0c4aa2032eb3,COM-44121,USR-6537,NourritureEndommagée,"La nourriture était trempé, totalement immangeable.",6/20/2025 15:16,,élevé,Résolu,6/22/2025 2:16,MOD-20,REF-480665
009dadfe-0a5f-4d83-98b0-fc4b5c283096,COM-25475,USR-3269,ServiceClient,"Mauvaise expérience avec le support, très décevant.",7/9/2024 15:16,,moyen,Escaladé,,,REF-827882
c6ff7767-1c09-42e2-bfcb-668acfc8c8fa,COM-73275,USR-2802,LivraisonRetard,"J'ai attendu 90 minutes pour ma commande, très frustrant.",4/21/2025 15:16,,élevé,Escaladé,,,REF-783682
13ff5bb9-13f2-4c55-9563-b3dfb7da4dd6,COM-50577,USR-5999,ProblèmePaiement,"J'ai été facturé deux fois pour ma commande, c'est inacceptable !",6/24/2025 15:16,,élevé,Escaladé,,,REF-345550
4af62047-974e-4787-9e2e-b55631ccb44f,COM-41217,USR-2084,CommandeErronée,"Commande incorrecte, mais le goût de boisson était acceptable.",8/12/2024 15:16,image_9299.jpg,moyen,Résolu,8/12/2024 23:16,MOD-12,REF-438634
2ac0ac6b-4150-4adc-981b-a5d95e8aaa47,COM-66020,USR-9617,LivraisonRetard,"Livraison retardée de 2 heures, totalement inacceptable !",5/30/2025 15:16,,élevé,Escaladé,,,REF-982634
fb9313a7-70df-413c-879d-51d91b37a2c4,COM-56914,USR-9704,LivraisonRetard,"J'ai attendu 90 minutes pour ma commande, très frustrant.",4/29/2025 15:16,,moyen,Escaladé,,,REF-611482
1ac05623-7ba4-4896-8a36-25abb4d7797d,COM-66180,USR-1421,ArticleManquant,"Manque sandwich, service médiocre.",7/20/2024 15:16,image_9917.jpg,moyen,Escaladé,,,REF-778511
beabb788-46a9-4165-ab8b-4466ddce863b,COM-51989,USR-4064,ServiceClient,"Réponse lente du service client, qualité médiocre.",11/27/2024 15:16,,faible,Ouvert,,,REF-961877
74f0cff3-f08b-4479-bfb7-92c1772c3e98,COM-97568,USR-8706,CommandeErronée,"Erreur sur ma commande : sushi au lieu de pizza, très agaçant.",9/3/2024 15:16,"image_5745.jpg,image_9919.jpg",élevé,Résolu,9/5/2024 14:16,MOD-15,REF-728866
4b599e80-aff1-498e-a8be-ba96c4e719c7,COM-71077,USR-6018,CommandeErronée,"Mauvais article livré, boisson à la place de sauce.",2/14/2025 15:16,image_6684.jpg,faible,Escaladé,,,REF-509704
f6c78e3e-cb66-4795-a33f-935e2e1e0ef4,COM-16144,USR-9197,ArticleManquant,"Petit souci, il manquait pizza dans la commande.",1/10/2025 15:16,image_8752.jpg,faible,Ouvert,,,REF-852875
3471122a-5ec9-4b10-b473-eb8a3b07879a,COM-98996,USR-6851,NourritureEndommagée,"Tout était sans goût, expérience catastrophique.",8/27/2024 15:16,image_5682.jpg,élevé,Résolu,8/28/2024 0:16,MOD-10,REF-356671
f70f68c6-689f-4a56-abdf-894f3244cf22,COM-85146,USR-1884,ProblèmePaiement,"Problème de paiement, remboursement requis immédiatement.",9/25/2024 15:16,,élevé,Ouvert,,,REF-513523
d28031d6-7cf6-4d3a-b0b0-cbac1d295230,COM-27960,USR-5068,MauvaiseQualité,"Qualité médiocre de sandwich, très frustrant.",6/23/2025 15:16,image_7111.jpg,élevé,Escaladé,,,REF-906679
c55e2b4d-5a0c-4cf7-ac27-d1fff3e44356,COM-27642,USR-1896,CommandeErronée,"Mauvais article livré, burger à la place de salade.",2/5/2025 15:16,image_9091.jpg,faible,Escaladé,,,REF-794929
a6828266-45a8-4c86-8576-688f7bd9ff02,COM-64185,USR-8928,ServiceClient,"Mauvaise expérience avec le support, très décevant.",12/30/2024 15:16,,moyen,Escaladé,,,REF-172548
8f813d73-c1cb-4b4d-9681-a58af8721768,COM-56498,USR-8322,NourritureEndommagée,"salade était écrasé, qualité inacceptable.",8/12/2024 15:16,,élevé,Ouvert,,,REF-271523
258d572c-0c3c-475f-b299-17d03dcc19e4,COM-70724,USR-9024,NourritureEndommagée,"Tout était sans goût, expérience catastrophique.",9/19/2024 15:16,,élevé,Résolu,9/20/2024 4:16,MOD-14,REF-771340
6aece7d6-cf39-40ea-8729-4a92d31ea8a7,COM-71861,USR-1250,LivraisonRetard,"La nourriture est arrivée avec 2 heures de retard, service décevant.",3/25/2025 15:16,image_9242.jpg,élevé,Résolu,3/27/2025 5:16,MOD-7,REF-140462
8e53d281-4a28-4c5d-87e5-4ad5d0d86c34,COM-60881,USR-1045,NourritureEndommagée,"Commande endommagée, sushi était légèrement brûlé.",12/27/2024 15:16,image_5231.jpg,faible,Escaladé,,,REF-891115
0dd99092-80b0-41c5-a683-9e979b5653ff,COM-24926,USR-4654,LivraisonRetard,"Commande arrivée après 90 minutes, vraiment pas satisfait.",9/30/2024 15:16,,moyen,Ouvert,,,REF-948790
0667b57c-8eaf-47d8-b622-e21cb08030d9,COM-84497,USR-6403,MauvaiseQualité,"La nourriture était froid, pas à la hauteur.",9/17/2024 15:16,,faible,Ouvert,,,REF-939722
27193cc0-8315-443f-baf5-3de5fdef1173,COM-19619,USR-4093,CommandeErronée,"Commande erronée livrée, j'ai eu burger et non sandwich.",9/24/2024 15:16,image_6079.jpg,faible,Ouvert,,,REF-622585
ef3caa5e-9095-420d-88c6-1cda70301c6d,COM-74226,USR-6654,ServiceClient,"Mauvaise expérience avec le support, très décevant.",11/9/2024 15:16,,moyen,Ouvert,,,REF-468813
90a9dd5a-2227-4521-a59f-80a539e13e37,COM-84723,USR-6725,MauvaiseQualité,"Très mauvaise qualité de pizza, immangeable.",12/26/2024 15:16,image_2542.jpg,élevé,Résolu,12/28/2024 15:16,MOD-2,REF-766841
743a742e-d1a0-406a-965d-29215371ef29,COM-11310,USR-6435,CommandeErronée,"Livré burger, mais je voulais sandwich, c'est inacceptable.",8/1/2024 15:16,image_1934.jpg,moyen,Escaladé,,,REF-775165
8857f879-413a-4e3d-a236-ca23f2a5ecb8,COM-39399,USR-1361,ServiceClient,"Service client correct, mais pourrait être plus rapide.",2/21/2025 15:16,image_2271.jpg,moyen,Escaladé,,,REF-843189
b73113ba-52aa-49fd-833f-ee16cca79875,COM-73929,USR-4717,CommandeErronée,"Erreur sur ma commande : sandwich au lieu de boisson, très agaçant.",11/9/2024 15:16,,moyen,Résolu,11/10/2024 19:16,MOD-2,REF-898278
121fe4d2-6605-4871-9c32-9b51ad4d85b2,COM-80355,USR-6138,LivraisonRetard,"La nourriture est arrivée avec 2 heures de retard, service décevant.",9/9/2024 15:16,,élevé,Escaladé,,,REF-391549
139ffbae-b595-40cc-8a66-ab5c14fc7bf0,COM-34903,USR-6266,ServiceClient,"Service client injoignable, c'est insupportable !",5/27/2025 15:16,image_7148.jpg,élevé,Résolu,5/29/2025 5:16,MOD-6,REF-951390
79654377-1936-4285-b37d-b5722cec79a1,COM-28397,USR-1823,CommandeErronée,"Erreur sur ma commande : salade au lieu de boisson, très agaçant.",10/12/2024 15:16,,moyen,Ouvert,,,REF-478310
7b9d2945-9c08-4b3e-a803-c7785a60df43,COM-76747,USR-1207,ProblèmePaiement,"Surfacturation de la commande, service client désastreux.",8/7/2024 15:16,"image_8839.jpg,image_9560.jpg",élevé,Résolu,8/8/2024 4:16,MOD-6,REF-416119
16e008f8-a977-46d5-a269-d2b2790afcf3,COM-75476,USR-9626,NourritureEndommagée,"sushi était trempé, qualité inacceptable.",1/3/2025 15:16,image_5488.jpg,élevé,Escaladé,,,REF-959277
06db8bc6-4dc9-4adc-841b-fd0f408a33d3,COM-16408,USR-4506,MauvaiseQualité,"La nourriture était écrasé, pas à la hauteur.",5/24/2025 15:16,,faible,Résolu,5/26/2025 3:16,MOD-2,REF-105297
6d0e9b11-7bfd-4467-ae67-afb20ea21962,COM-73782,USR-9209,ServiceClient,"Petit souci avec le support, mais acceptable.",4/29/2025 15:16,image_2034.jpg,moyen,Ouvert,,,REF-848524
480beed6-fca2-440b-98d4-0cf729cfdeb9,COM-90122,USR-1532,ServiceClient,"Réponse lente du service client, qualité médiocre.",9/6/2024 15:16,,faible,Ouvert,,,REF-794475
48b8afcd-5445-455c-b777-bf0ab10eb84e,COM-65678,USR-8375,NourritureEndommagée,"La nourriture était gâté, totalement immangeable.",7/2/2024 15:16,"image_2063.jpg,image_4245.jpg",élevé,Ouvert,,,REF-690483
478ddaa4-9d99-48c5-b79c-a1ae497a9e30,COM-50311,USR-4384,MauvaiseQualité,"Le goût de dessert était un peu froid, mais acceptable.",7/3/2024 15:16,,faible,Ouvert,,,REF-491172
1ff4b06b-8454-40c6-89a4-a295c840388b,COM-98179,USR-7048,CommandeErronée,"Livré salade, mais je voulais sauce, c'est inacceptable.",9/4/2024 15:16,image_7462.jpg,moyen,Ouvert,,,REF-656998
66dfd074-5a25-4dcd-be0f-ed8897b4e3ff,COM-84098,USR-4625,ArticleManquant,"sushi manquant, veuillez résoudre immédiatement.",4/30/2025 15:16,,élevé,Escaladé,,,REF-794549
0c758fa5-7914-41c5-9b97-7018018c7846,COM-13099,USR-2299,ProblèmePaiement,"J'ai été facturé deux fois pour ma commande, c'est inacceptable !",10/15/2024 15:16,image_6656.jpg,élevé,Escaladé,,,REF-647372
934ea1f0-2cc5-43ed-9508-46ef26ebff72,COM-95286,USR-4961,MauvaiseQualité,"burger était sans goût, totalement dégoûtant !",12/10/2024 15:16,,élevé,Escaladé,,,REF-529766
036e7682-fe69-41bd-8842-fa34300e1b23,COM-35256,USR-5450,ProblèmePaiement,"Problème de paiement, remboursement requis immédiatement.",11/20/2024 15:16,image_5661.jpg,élevé,Escaladé,,,REF-408300
134240f4-604a-4e47-9d85-f9b6785e4893,COM-69495,USR-8894,MauvaiseQualité,"Le goût de salade était un peu mal emballé, mais acceptable.",7/8/2024 15:16,image_8952.jpg,moyen,Résolu,7/9/2024 22:16,MOD-11,REF-582737
b1b8d5db-ae5e-4d92-a7fc-da42b82b19a6,COM-64612,USR-3275,ServiceClient,"Mauvaise expérience avec le support, très décevant.",8/7/2024 15:16,image_4377.jpg,élevé,Escaladé,,,REF-673768
8f4727b9-d859-44da-a851-b60bf0dab862,COM-78262,USR-3312,CommandeErronée,"J'ai commandé boisson, mais j'ai reçu dessert.",1/22/2025 15:16,image_9657.jpg,faible,Résolu,1/22/2025 18:16,MOD-17,REF-217386
f683780b-ac99-43b6-b475-adc5f8713b95,COM-60422,USR-5698,LivraisonRetard,"La nourriture est arrivée avec 90 minutes de retard, service décevant.",9/5/2024 15:16,image_5732.jpg,élevé,Escaladé,,,REF-305977
697d71aa-6735-4a24-8929-6d7d9339111c,COM-54059,USR-6526,NourritureEndommagée,"sushi était un peu froid, mais mangeable.",2/17/2025 15:16,image_3637.jpg,moyen,Résolu,2/19/2025 0:16,MOD-8,REF-710923
57dc3f83-67ca-4fe0-bbdf-00aba1babbc6,COM-83044,USR-9722,NourritureEndommagée,"La commande était trempé, très déçu.",10/21/2024 15:16,,faible,Ouvert,,,REF-140482
9114ae3a-56d8-404d-851f-b25efec10a92,COM-90145,USR-2695,CommandeErronée,"Petite erreur, j'ai reçu dessert au lieu de sauce.",2/16/2025 15:16,image_5854.jpg,faible,Résolu,2/17/2025 7:16,MOD-2,REF-880577
d140eb56-d67e-4a18-a11a-1630304f207e,COM-77806,USR-1661,LivraisonRetard,"Retard de 1 heure, c'est scandaleux et dérangeant !",11/14/2024 15:16,,moyen,Ouvert,,,REF-349662
c8fd0cb6-f4dd-40f4-9e6e-fb5723cc8128,COM-82091,USR-8922,NourritureEndommagée,"Commande endommagée, pizza était légèrement froid.",10/2/2024 15:16,,faible,Résolu,10/3/2024 23:16,MOD-12,REF-548625
eab790ca-4895-47ec-a9bd-7b958159cc73,COM-86302,USR-6367,CommandeErronée,"Erreur sur ma commande : salade au lieu de pâtes, très agaçant.",6/25/2025 15:16,,moyen,Escaladé,,,REF-786882
9ce9fe1d-cdda-40fe-9905-59016f9b3c44,COM-91525,USR-9026,ServiceClient,"Service client injoignable, c'est insupportable !",10/8/2024 15:16,,élevé,Ouvert,,,REF-663512
c1999c2c-9ed9-4ea4-92ad-651ea802102d,COM-65854,USR-3808,NourritureEndommagée,"pâtes est arrivé froid, besoin d'un remplacement.",5/21/2025 15:16,"image_1319.jpg,image_5724.jpg",moyen,Résolu,5/22/2025 16:16,MOD-20,REF-309457
732f7e34-e806-4465-8e40-0e9b4a493fd5,COM-91075,USR-8105,ServiceClient,"Petit souci avec le support, mais acceptable.",12/1/2024 15:16,,faible,Escaladé,,,REF-186381
6ab61756-3349-4e6b-a080-dc0457275dd2,COM-67719,USR-8518,MauvaiseQualité,"sauce était gâté, je ne commanderai plus.",12/28/2024 15:16,image_1014.jpg,élevé,Résolu,12/29/2024 19:16,MOD-7,REF-475497
42024019-b565-4c67-8bd1-50e4bfa43fe2,COM-31365,USR-8321,NourritureEndommagée,"frites est arrivé écrasé, besoin d'un remplacement.",3/3/2025 15:16,"image_9434.jpg,image_7872.jpg",faible,Ouvert,,,REF-547097
b5c39ab7-075b-4eba-8295-820a9644650d,COM-34963,USR-4555,ArticleManquant,"Petit souci, il manquait burger dans la commande.",1/7/2025 15:16,image_2361.jpg,faible,Ouvert,,,REF-766249
bcfc8015-f87d-44bc-b1b0-b54582707c7a,COM-16682,USR-4794,ServiceClient,"Réponse lente du service client, qualité médiocre.",8/1/2024 15:16,,faible,Ouvert,,,REF-365898
08fefec8-9e37-4e5d-a017-73ff5e6db627,COM-76431,USR-5970,ArticleManquant,"Je n'ai pas reçu dessert, besoin d'un remboursement.",8/24/2024 15:16,,faible,Escaladé,,,REF-340683
e52856bc-8926-4b14-a9d0-d9345dcb276c,COM-42023,USR-1672,MauvaiseQualité,"frites n'était pas terrible, qualité moyenne.",9/19/2024 15:16,,faible,Ouvert,,,REF-419320
301545ed-ed26-4fbc-90ee-3c24e15e7fb1,COM-19705,USR-1327,CommandeErronée,"Mauvais article livré, frites à la place de burger.",9/10/2024 15:16,,faible,Escaladé,,,REF-920227
5c9b9141-2843-4f5b-8cd5-b1340d1a6485,COM-57931,USR-6586,ServiceClient,"Réponse lente du service client, qualité médiocre.",1/3/2025 15:16,image_7902.jpg,moyen,Ouvert,,,REF-506137
29a7020d-4689-407f-a68f-d43e20dfa51e,COM-67001,USR-5978,ArticleManquant,Pourriez-vous vérifier pourquoi sauce n'était pas inclus ?,4/7/2025 15:16,,faible,Ouvert,,,REF-189929
6f86f6bb-2d04-46d4-80d3-cc6e3ab2f297,COM-32664,USR-5163,ArticleManquant,"Manque dessert, service médiocre.",5/13/2025 15:16,image_6238.jpg,moyen,Escaladé,,,REF-387427
4b8ea298-2839-4679-96e0-e71af336f05a,COM-34362,USR-8246,CommandeErronée,"Erreur sur ma commande : sauce au lieu de sauce, très agaçant.",3/27/2025 15:16,image_9095.jpg,élevé,Escaladé,,,REF-654630
9e8b96ea-048f-4cf6-8173-4b0ee324d063,COM-89636,USR-3696,CommandeErronée,"Commande incorrecte, mais le goût de sandwich était acceptable.",7/19/2024 15:16,,faible,Résolu,7/20/2024 10:16,MOD-10,REF-169960
e7f05255-8024-4b46-b904-876cd9066f6b,COM-33477,USR-1336,ProblèmePaiement,"Petite erreur de facturation, mais gênante.",1/13/2025 15:16,,moyen,Résolu,1/14/2025 20:16,MOD-18,REF-855432
6f1ef528-ce90-4dad-a9dc-d53b49c8d9be,COM-87442,USR-8512,CommandeErronée,"J'ai commandé sauce, mais j'ai reçu sushi.",2/24/2025 15:16,,faible,Escaladé,,,REF-728923
b72c6a66-8ce8-44aa-bd11-0879f64163fa,COM-91470,USR-5450,ProblèmePaiement,"Petite erreur de facturation, mais gênante.",6/28/2025 15:16,image_1974.jpg,élevé,Escaladé,,,REF-564306
8ece92dc-298b-4f99-b7f0-7b7ade76e041,COM-15903,USR-6514,ArticleManquant,"Manque boisson, service médiocre.",3/27/2025 15:16,"image_7194.jpg,image_1147.jpg",moyen,Escaladé,,,REF-851492
f5cec17d-9fb9-476a-88f4-d4ba262d2478,COM-40680,USR-2553,CommandeErronée,"Livré pâtes, mais je voulais pizza, c'est inacceptable.",6/25/2025 15:16,,faible,Ouvert,,,REF-221526
3fbd8282-e97f-44ab-9808-e0bb619feb0c,COM-55615,USR-9705,ProblèmePaiement,"Problème mineur avec le paiement, veuillez vérifier.",6/4/2025 15:16,"image_6269.jpg,image_8581.jpg",élevé,Résolu,6/6/2025 12:16,MOD-8,REF-200016
4b563ec7-9f98-41b6-9f36-9044acf52619,COM-24386,USR-1409,NourritureEndommagée,"pizza était trempé, qualité inacceptable.",10/18/2024 15:16,,élevé,Résolu,10/19/2024 15:16,MOD-16,REF-648288
952647a4-df76-472a-b998-56125e71dfce,COM-57846,USR-7666,LivraisonRetard,"Livraison en retard de 30 minutes, c'est gênant mais acceptable.",12/30/2024 15:16,"image_9668.jpg,image_9525.jpg",élevé,Ouvert,,,REF-559898
dd2cdb4b-304d-415e-821d-671f8b21c3c1,COM-74772,USR-2007,NourritureEndommagée,"Tout était froid, expérience catastrophique.",6/4/2025 15:16,,élevé,Escaladé,,,REF-654550
207c254a-6936-45a8-b29f-84fa5b914892,COM-28201,USR-5974,ProblèmePaiement,"Erreur de facturation pour sushi, très frustrant.",12/14/2024 15:16,image_6170.jpg,élevé,Escaladé,,,REF-792916
6dcd4887-1835-44c9-876b-589f11080eb2,COM-27980,USR-4312,MauvaiseQualité,"sandwich était moisi, totalement dégoûtant !",12/12/2024 15:16,,élevé,Résolu,12/13/2024 1:16,MOD-13,REF-787925
a61afb17-c06e-42b4-8e61-a0458e5769b0,COM-24832,USR-1415,MauvaiseQualité,"La nourriture était moisi, pas à la hauteur.",4/8/2025 15:16,image_4968.jpg,élevé,Escaladé,,,REF-387585
75cb3ab0-a6ce-4446-87f8-9f7e59875be6,COM-99078,USR-2802,CommandeErronée,"Mauvais article livré, dessert à la place de sauce.",3/20/2025 15:16,,faible,Escaladé,,,REF-220841
3e9ef9dd-d360-46c2-8675-be35d879d429,COM-19217,USR-3904,NourritureEndommagée,"La nourriture était mal emballé, totalement immangeable.",11/19/2024 15:16,,élevé,Escaladé,,,REF-252323
a728f9fb-9869-420c-b2bb-2b612688bf2c,COM-89218,USR-3212,ArticleManquant,"Manque frites, service médiocre.",2/13/2025 15:16,,faible,Ouvert,,,REF-513767
25be8555-7b86-4f6e-b6f6-f6f0bd6653c2,COM-39025,USR-7814,ProblèmePaiement,"J'ai été facturé deux fois pour ma commande, c'est inacceptable !",7/7/2024 15:16,,élevé,Escaladé,,,REF-264651
0f6b1a66-7cfd-4399-8be1-71cfcfbb9870,COM-31101,USR-8357,ProblèmePaiement,"J'ai été facturé deux fois pour ma commande, c'est inacceptable !",5/28/2025 15:16,,élevé,Escaladé,,,REF-716211
09b3c5cd-d25d-4967-94b2-939747b25416,COM-14689,USR-7190,MauvaiseQualité,"dessert n'était pas terrible, qualité moyenne.",9/17/2024 15:16,,faible,Ouvert,,,REF-316552
0965572f-f448-4d29-9059-808d2fdd681a,COM-43257,USR-5720,ProblèmePaiement,"Erreur de facturation pour sauce, très frustrant.",6/9/2025 15:16,,moyen,Résolu,6/11/2025 4:16,MOD-13,REF-555073
df334507-16df-459c-a46b-57b36ed28d54,COM-54960,USR-9891,MauvaiseQualité,"pizza avait un goût mal emballé, expérience horrible.",7/12/2024 15:16,,élevé,Résolu,7/12/2024 23:16,MOD-6,REF-216259
1e7ad83a-01cd-4670-a548-ef94ddacb48e,COM-13330,USR-8959,ArticleManquant,"sauce manquant, veuillez résoudre immédiatement.",4/3/2025 15:16,,moyen,Ouvert,,,REF-838744
89d03b9e-63d6-487d-94c8-4c4dee6e315d,COM-76924,USR-7449,ServiceClient,"Service client injoignable, c'est insupportable !",7/20/2024 15:16,image_8075.jpg,élevé,Escaladé,,,REF-258347
c5a7b429-0109-4b73-8c49-eec5902d79b4,COM-28560,USR-4014,ProblèmePaiement,"Petite erreur de facturation, mais gênante.",2/4/2025 15:16,,moyen,Escaladé,,,REF-945804
612d08a4-3a9f-4ce4-860b-5a08769a0fb6,COM-13704,USR-9853,LivraisonRetard,"Petit retard de 30 minutes, mais la nourriture était correcte.",4/17/2025 15:16,,faible,Escaladé,,,REF-986554
eb5ee544-1f84-490e-8e4a-ab24bdf50ed7,COM-62194,USR-2904,LivraisonRetard,"Petit retard de 90 minutes, mais la nourriture était correcte.",8/28/2024 15:16,,moyen,Escaladé,,,REF-123714
ffcf5d0e-9acd-4293-bfdd-48e31d7c3192,COM-64364,USR-3919,ServiceClient,"Réponse lente du service client, qualité médiocre.",10/24/2024 15:16,,faible,Résolu,10/26/2024 8:16,MOD-4,REF-681935
8541fe82-a132-4f81-ba9e-a3184194de3e,COM-62188,USR-4595,MauvaiseQualité,"frites avait un goût moisi, expérience horrible.",9/18/2024 15:16,"image_6271.jpg,image_1278.jpg",élevé,Escaladé,,,REF-491674
023cdfef-75e9-4339-93ce-3b3b2a222291,COM-96461,USR-4047,CommandeErronée,"Erreur sur ma commande : sauce au lieu de sandwich, très agaçant.",1/3/2025 15:16,,moyen,Escaladé,,,REF-843119
81d64b94-ba5a-40f1-af28-a17c57c44468,COM-71989,USR-2454,ProblèmePaiement,"J'ai été facturé deux fois pour ma commande, c'est inacceptable !",3/13/2025 15:16,,élevé,Résolu,3/13/2025 17:16,MOD-2,REF-217965
2fade294-f7ef-4a72-839e-c91eb25f3e14,COM-67715,USR-1001,MauvaiseQualité,"Le goût de sushi était un peu écrasé, mais acceptable.",7/21/2024 15:16,image_2962.jpg,moyen,Résolu,7/22/2024 11:16,MOD-15,REF-650380
04f67017-11ca-47ea-a10c-242582ade69e,COM-64435,USR-1244,ProblèmePaiement,"Problème de paiement, remboursement requis immédiatement.",2/13/2025 15:16,image_3679.jpg,élevé,Escaladé,,,REF-123125
e43f9e2e-562e-46b8-8a44-42d3b4713984,COM-40236,USR-1443,LivraisonRetard,"Retard de 1 heure, c'est scandaleux et dérangeant !",6/18/2025 15:16,"image_5818.jpg,image_4283.jpg",élevé,Résolu,6/18/2025 18:16,MOD-16,REF-218562
e37fb444-2cce-4a73-a75f-cbd65aae2e21,COM-48794,USR-7956,MauvaiseQualité,"La nourriture était sans goût, pas à la hauteur.",9/10/2024 15:16,,faible,Ouvert,,,REF-712267
8d4c3cf9-fb3a-456c-b884-671bcda1ed0f,COM-56484,USR-9591,ArticleManquant,"Manque pâtes, service médiocre.",2/5/2025 15:16,,faible,Ouvert,,,REF-635141
7bc5486d-8a37-43fe-a3c8-bacdd0b062cb,COM-37755,USR-8227,LivraisonRetard,"Livraison en retard de 30 minutes, c'est gênant mais acceptable.",4/1/2025 15:16,image_2141.jpg,élevé,Escaladé,,,REF-827575
6557d2d3-4751-48a0-9799-b1a80e14de32,COM-92807,USR-5552,ArticleManquant,"Commande incomplète, burger non livré.",3/18/2025 15:16,,faible,Ouvert,,,REF-581426
d07ec5dd-fea7-46f9-810c-3216149abfe8,COM-29857,USR-7013,MauvaiseQualité,"Qualité médiocre de salade, très frustrant.",1/2/2025 15:16,image_5198.jpg,élevé,Résolu,1/3/2025 15:16,MOD-17,REF-837563
83f0d571-5030-44d2-8d1e-a8d039d69a87,COM-28631,USR-5505,ProblèmePaiement,"Surfacturation de la commande, service client désastreux.",6/5/2025 15:16,image_3576.jpg,élevé,Résolu,6/6/2025 20:16,MOD-5,REF-789014
0f9d9db3-5daf-4d75-979e-bb91926033a2,COM-94993,USR-8522,CommandeErronée,"Commande erronée livrée, j'ai eu pizza et non pâtes.",12/11/2024 15:16,image_6503.jpg,faible,Ouvert,,,REF-409172
a5169d03-195a-45f9-84d7-d4508054f9fd,COM-85065,USR-7073,LivraisonRetard,"Petit retard de 90 minutes, mais la nourriture était correcte.",2/24/2025 15:16,,moyen,Ouvert,,,REF-960853
79091441-53f1-4871-a8ec-ac6eb85a5576,COM-72871,USR-7181,MauvaiseQualité,"salade n'était pas terrible, qualité moyenne.",9/26/2024 15:16,,faible,Ouvert,,,REF-100411
10b37b34-8abd-4f16-ac56-abd88d0e1796,COM-98850,USR-7439,CommandeErronée,"Petite erreur, j'ai reçu pâtes au lieu de frites.",3/6/2025 15:16,,faible,Escaladé,,,REF-967967
54b6ba13-81c8-4f22-a095-25d9ff340c57,COM-94331,USR-3167,LivraisonRetard,"Retard de 2 heures, c'est scandaleux et dérangeant !",8/9/2024 15:16,image_5259.jpg,élevé,Ouvert,,,REF-453416
93e3f2ad-8ead-428b-91a1-234f8760748a,COM-81162,USR-5703,CommandeErronée,"Commande erronée livrée, j'ai eu sushi et non pâtes.",1/12/2025 15:16,"image_8575.jpg,image_9966.jpg",faible,Ouvert,,,REF-902374
a50a8d31-ae79-4ba2-a164-870e8f77f313,COM-97229,USR-3874,ProblèmePaiement,"Problème de paiement, remboursement requis immédiatement.",4/18/2025 15:16,,élevé,Résolu,4/20/2025 11:16,MOD-10,REF-119825
b6735954-29de-4a2c-ae6c-ace794b41b32,COM-21938,USR-9418,ServiceClient,"Le service client n'a pas résolu mon problème, frustrant.",1/25/2025 15:16,image_1970.jpg,élevé,Résolu,1/26/2025 19:16,MOD-13,REF-534015
35ce98a7-3eb7-4170-bc40-4281e3e3e37b,COM-49861,USR-6629,NourritureEndommagée,"sandwich est arrivé écrasé, besoin d'un remplacement.",1/24/2025 15:16,,faible,Ouvert,,,REF-236475
6cbbb1b7-5bd5-4aae-a1a0-f8917d093dc2,COM-35743,USR-8777,LivraisonRetard,"Retard de 3 heures, c'est scandaleux et dérangeant !",4/26/2025 15:16,,élevé,Escaladé,,,REF-228180
6729c951-ad18-46bc-8124-75ba60eb18eb,COM-83776,USR-8905,MauvaiseQualité,"La nourriture était écrasé, pas à la hauteur.",4/25/2025 15:16,,faible,Résolu,4/26/2025 12:16,MOD-6,REF-783470
48c1f870-c2c3-4047-ac54-e81b5c14b0ad,COM-76306,USR-9601,ArticleManquant,"Manque sushi, service médiocre.",11/12/2024 15:16,,faible,Ouvert,,,REF-133087
02a4584c-d96b-4acf-be8f-da791dbc679b,COM-76592,USR-1539,MauvaiseQualité,"Très mauvaise qualité de burger, immangeable.",7/4/2024 15:16,,élevé,Escaladé,,,REF-587264
eeb48c1b-6557-4dc2-8ca4-74e422958e4b,COM-71345,USR-7274,MauvaiseQualité,"Qualité médiocre de dessert, très frustrant.",8/23/2024 15:16,,moyen,Résolu,8/24/2024 3:16,MOD-12,REF-924805
faa32e81-19db-4611-8396-ca566efe9238,COM-87244,USR-4968,LivraisonRetard,"Livraison en retard de 30 minutes, c'est gênant mais acceptable.",8/1/2024 15:16,"image_6050.jpg,image_3152.jpg",élevé,Ouvert,,,REF-696955
c446ca46-512f-41ed-9c88-f256f60504aa,COM-99541,USR-5920,ProblèmePaiement,"Erreur de facturation pour dessert, très frustrant.",10/4/2024 15:16,"image_3529.jpg,image_4248.jpg",élevé,Résolu,10/4/2024 22:16,MOD-16,REF-885485
7894ba68-2366-42b2-a725-6ea0dc35a28b,COM-45817,USR-2770,LivraisonRetard,"Commande arrivée après 2 heures, vraiment pas satisfait.",5/1/2025 15:16,,élevé,Résolu,5/2/2025 11:16,MOD-10,REF-604501
7a8b3716-5173-4e44-8611-b39df939d32d,COM-19381,USR-7337,ProblèmePaiement,"Petite erreur de facturation, mais gênante.",11/20/2024 15:16,,moyen,Résolu,11/21/2024 18:16,MOD-4,REF-203865
eb6a0344-2735-46cd-a1a2-eee967b883b7,COM-20263,USR-5588,ArticleManquant,"Je n'ai pas reçu pizza, besoin d'un remboursement.",12/15/2024 15:16,image_3449.jpg,faible,Ouvert,,,REF-123427
5047f1c4-d20e-4e63-9f2e-7e9b565e4f27,COM-96920,USR-1821,NourritureEndommagée,"Commande endommagée, sauce était légèrement gâté.",7/28/2024 15:16,image_4021.jpg,élevé,Ouvert,,,REF-697008
5d52d128-1132-4074-b4be-e3841376ad73,COM-26680,USR-4412,MauvaiseQualité,"pizza n'était pas terrible, qualité moyenne.",9/29/2024 15:16,"image_8219.jpg,image_2313.jpg",moyen,Résolu,9/29/2024 23:16,MOD-15,REF-212083
78b88826-2228-4cf0-9f46-5d8ea77ba9e6,COM-12248,USR-8752,NourritureEndommagée,"burger était un peu froid, mais mangeable.",1/12/2025 15:16,,faible,Escaladé,,,REF-940294
8dde6c92-75d2-4986-977f-3e7cf27a264c,COM-28344,USR-1401,MauvaiseQualité,"boisson avait un goût écrasé, expérience horrible.",2/5/2025 15:16,image_5042.jpg,élevé,Résolu,2/7/2025 5:16,MOD-7,REF-506329
8f6117ed-60d1-4314-a27c-228a0c67ba47,COM-73892,USR-6040,LivraisonRetard,"Petit retard de 90 minutes, mais la nourriture était correcte.",1/25/2025 15:16,,moyen,Escaladé,,,REF-315769
357dd229-56e1-4905-99a5-55f60aee41be,COM-18848,USR-2028,ServiceClient,"Réponse lente du service client, qualité médiocre.",10/28/2024 15:16,,faible,Escaladé,,,REF-497249
e6a45a2f-80d7-41d3-a68d-36027f913408,COM-74398,USR-6816,ServiceClient,"Petit souci avec le support, mais acceptable.",7/11/2024 15:16,,faible,Ouvert,,,REF-210194
43e4d873-df73-4259-98c4-69f03cd867ed,COM-31775,USR-6983,LivraisonRetard,"La nourriture est arrivée avec 30 minutes de retard, service décevant.",8/6/2024 15:16,,moyen,Résolu,8/7/2024 1:16,MOD-3,REF-991027
7a1b30e2-0a59-48f0-a607-a8bafe6b8bf7,COM-99572,USR-4018,MauvaiseQualité,"La nourriture était écrasé, pas à la hauteur.",10/6/2024 15:16,,faible,Résolu,10/7/2024 20:16,MOD-8,REF-203896
39917c8f-3d79-4c76-a36e-ca653118c246,COM-90637,USR-6910,LivraisonRetard,"Commande arrivée après 90 minutes, vraiment pas satisfait.",2/26/2025 15:16,,moyen,Ouvert,,,REF-760366
ab73212b-712f-4c30-9413-78c39bd40b05,COM-63288,USR-2896,LivraisonRetard,"La nourriture est arrivée avec 2 heures de retard, service décevant.",2/18/2025 15:16,image_1617.jpg,élevé,Résolu,2/19/2025 10:16,MOD-7,REF-211844
86ae6a3e-3375-40ba-ab29-369cc6393890,COM-91038,USR-9307,ServiceClient,"Petit souci avec le support, mais acceptable.",3/16/2025 15:16,image_9164.jpg,moyen,Ouvert,,,REF-326574
a7a3d014-1552-4f4e-b1ea-7584138902a0,COM-33421,USR-3898,NourritureEndommagée,"boisson était un peu moisi, mais mangeable.",7/4/2024 15:16,,élevé,Résolu,7/6/2024 1:16,MOD-1,REF-385632
779a394f-5780-4432-9ed6-02bfd1948432,COM-18261,USR-9953,NourritureEndommagée,"burger livré moisi, c'est scandaleux et dangereux !",4/18/2025 15:16,,élevé,Résolu,4/20/2025 15:16,MOD-4,REF-945291
5d2204c5-8626-4c1d-957e-d01e290ba13d,COM-69305,USR-8739,ProblèmePaiement,"J'ai été facturé deux fois pour ma commande, c'est inacceptable !",12/31/2024 15:16,,élevé,Escaladé,,,REF-192885
43d0b548-9728-4676-8b3d-bba221f58f3a,COM-70264,USR-4905,CommandeErronée,"Commande incorrecte, mais le goût de salade était acceptable.",12/14/2024 15:16,,faible,Ouvert,,,REF-784331
4c69ed03-77e9-4f3d-a704-71ca55555ba9,COM-61331,USR-8000,NourritureEndommagée,"salade était moisi, qualité inacceptable.",6/8/2025 15:16,image_9214.jpg,élevé,Résolu,6/10/2025 6:16,MOD-4,REF-194140
c13bdf09-f4f3-40b1-9973-59ed0fe3289e,COM-98624,USR-3135,LivraisonRetard,"Retard de 1 heure, c'est scandaleux et dérangeant !",4/20/2025 15:16,,moyen,Résolu,4/22/2025 3:16,MOD-10,REF-312441
4adf35ee-2670-4b84-9645-8f4491cdbbc1,COM-29541,USR-9979,ServiceClient,"Petit souci avec le support, mais acceptable.",4/3/2025 15:16,image_8180.jpg,moyen,Résolu,4/3/2025 17:16,MOD-4,REF-424037
87aee448-96e1-4dea-b9e4-08ab32e1fc0c,COM-35953,USR-1328,ProblèmePaiement,"Surfacturation de la commande, service client désastreux.",8/6/2024 15:16,"image_7454.jpg,image_9660.jpg",élevé,Escaladé,,,REF-956150
a0a5382e-fdfb-4e6f-866c-7261eacb7001,COM-32564,USR-2539,NourritureEndommagée,"Commande endommagée, sauce était légèrement trempé.",9/25/2024 15:16,"image_1401.jpg,image_3061.jpg",faible,Ouvert,,,REF-942471
706a0dc8-bc53-41ee-a8d4-e211de25c8ca,COM-83062,USR-3150,ArticleManquant,"Je n'ai pas reçu frites, besoin d'un remboursement.",8/6/2024 15:16,,faible,Ouvert,,,REF-257502
ed21c45f-61c6-4226-af70-84c0476d5952,COM-50435,USR-1270,ServiceClient,"Réponse lente du service client, qualité médiocre.",5/25/2025 15:16,"image_3343.jpg,image_6181.jpg",moyen,Résolu,5/26/2025 10:16,MOD-6,REF-818328
2a501744-f94b-4c03-80e8-9dd2bdbf1792,COM-83761,USR-1287,ProblèmePaiement,"Erreur de facturation pour pâtes, très frustrant.",6/8/2025 15:16,,moyen,Escaladé,,,REF-403856
d3ba232c-89f6-499e-9f6f-57865b4ca0ce,COM-53379,USR-3519,MauvaiseQualité,"Qualité médiocre de dessert, très frustrant.",12/14/2024 15:16,image_7773.jpg,élevé,Résolu,12/14/2024 20:16,MOD-13,REF-438947
b8ee3165-d95e-49f5-af6f-b04f8ea75395,COM-72841,USR-9826,ProblèmePaiement,"Problème mineur avec le paiement, veuillez vérifier.",6/20/2025 15:16,,moyen,Escaladé,,,REF-293779
8097d01c-52da-424c-a06f-abbd7a4d8caa,COM-64365,USR-3185,ProblèmePaiement,"J'ai été facturé deux fois pour ma commande, c'est inacceptable !",8/2/2024 15:16,"image_2825.jpg,image_5452.jpg",élevé,Escaladé,,,REF-628839
81114e02-b5bf-40ed-86f0-409afffa7779,COM-88078,USR-5788,ProblèmePaiement,"Surfacturation de la commande, service client désastreux.",5/8/2025 15:16,"image_6306.jpg,image_7801.jpg",élevé,Escaladé,,,REF-771862
dfa7ff24-a089-4f9d-8f4b-076a0efa0614,COM-20681,USR-4049,ServiceClient,"Réponse lente du service client, qualité médiocre.",3/3/2025 15:16,,faible,Escaladé,,,REF-760057
ed54be38-67ea-408e-b51e-bba1124b375f,COM-83714,USR-5666,CommandeErronée,"Livré sauce, mais je voulais boisson, c'est inacceptable.",11/12/2024 15:16,,faible,Résolu,11/13/2024 9:16,MOD-19,REF-215454
8782e466-ca76-45b5-b1ef-eeb2029c9211,COM-63307,USR-5263,MauvaiseQualité,"sushi n'était pas terrible, qualité moyenne.",5/20/2025 15:16,image_2956.jpg,moyen,Escaladé,,,REF-213620
621db1e5-e048-4eba-8106-5815c65af467,COM-70916,USR-2931,ArticleManquant,"salade manquant, veuillez résoudre immédiatement.",5/3/2025 15:16,image_9456.jpg,élevé,Ouvert,,,REF-718312
d43ba9eb-dfb9-43cb-8f31-f8c976aced0d,COM-63007,USR-4878,ArticleManquant,"boisson manquant, veuillez résoudre immédiatement.",2/12/2025 15:16,,moyen,Ouvert,,,REF-264548
7b25e3a4-7ca0-4934-b7ea-e7f2d3c8cf70,COM-25304,USR-7642,ProblèmePaiement,"J'ai été facturé deux fois pour ma commande, c'est inacceptable !",10/8/2024 15:16,image_7308.jpg,élevé,Escaladé,,,REF-870418
00706aee-ae95-4e0f-9f6a-a61e9407d39e,COM-43375,USR-5061,ArticleManquant,"Petit souci, il manquait sauce dans la commande.",6/15/2025 15:16,,faible,Ouvert,,,REF-843530
65d8d009-68b9-4412-9baf-59292bea5b54,COM-78013,USR-5315,CommandeErronée,"Commande incorrecte, mais le goût de frites était acceptable.",3/2/2025 15:16,,faible,Résolu,3/4/2025 4:16,MOD-6,REF-303840
c8763611-18a3-493e-b873-c53385327956,COM-70838,USR-4596,ServiceClient,"Le service client n'a pas résolu mon problème, frustrant.",3/22/2025 15:16,,moyen,Escaladé,,,REF-272789
64cf2496-8807-41d6-b269-a6219ff3ca31,COM-27117,USR-5663,ArticleManquant,"Pas de frites, c'est inacceptable et frustrant !",12/5/2024 15:16,image_3556.jpg,élevé,Ouvert,,,REF-862925
35d49160-0a40-4f6c-b51c-293c6506f08c,COM-78459,USR-7892,LivraisonRetard,"J'ai attendu 2 heures pour ma commande, très frustrant.",10/10/2024 15:16,,élevé,Ouvert,,,REF-111442
bc62b54d-107e-41ee-9a95-a254aa74ac9e,COM-29767,USR-8425,ArticleManquant,"frites manquant, veuillez résoudre immédiatement.",9/24/2024 15:16,,moyen,Escaladé,,,REF-250128
01cfceb7-28e2-4aa5-aa4b-b3567bff5769,COM-82740,USR-3802,ServiceClient,"Service client correct, mais pourrait être plus rapide.",7/7/2024 15:16,,faible,Résolu,7/8/2024 6:16,MOD-13,REF-741663
9e65a8b5-add6-4542-b5c8-603ac6d1d11e,COM-44269,USR-1860,LivraisonRetard,"Commande arrivée après 2 heures, vraiment pas satisfait.",12/8/2024 15:16,,élevé,Résolu,12/10/2024 13:16,MOD-5,REF-724309
9f3d44bc-165a-4c49-a228-f51ccac10010,COM-35894,USR-2805,LivraisonRetard,"Commande arrivée après 1 heure, vraiment pas satisfait.",4/30/2025 15:16,,élevé,Résolu,5/2/2025 3:16,MOD-12,REF-324556
04d5d023-1f00-492a-89b5-1f28428cd9a0,COM-80761,USR-7712,ServiceClient,"Le service client n'a pas résolu mon problème, frustrant.",3/18/2025 15:16,,moyen,Ouvert,,,REF-250573
f8338cf0-9843-4cf5-92be-fa1c3c836324,COM-48400,USR-8746,ProblèmePaiement,"Problème de paiement, remboursement requis immédiatement.",8/6/2024 15:16,,élevé,Ouvert,,,REF-104462
a2a833b4-802c-4242-a191-30ec662ff0b8,COM-59798,USR-7829,CommandeErronée,"Mauvais article livré, boisson à la place de sandwich.",5/11/2025 15:16,,faible,Ouvert,,,REF-614819
9629d7fc-4f3f-409a-b070-382b7e3c7f56,COM-74461,USR-7282,ProblèmePaiement,"Surfacturation de la commande, service client désastreux.",3/19/2025 15:16,,élevé,Ouvert,,,REF-297125
18ffb798-c227-4e3f-b23b-76b8a22da5b4,COM-68988,USR-2952,NourritureEndommagée,"La nourriture était brûlé, totalement immangeable.",2/2/2025 15:16,,élevé,Résolu,2/4/2025 13:16,MOD-19,REF-902319
8da69ee2-ca83-4604-806b-7d8d8e354597,COM-12976,USR-1940,NourritureEndommagée,"sushi est arrivé froid, besoin d'un remplacement.",8/19/2024 15:16,image_5573.jpg,moyen,Escaladé,,,REF-493308
4b9454af-f953-4dbc-b6bf-972f4483752b,COM-98656,USR-4315,ProblèmePaiement,"Erreur de facturation pour sandwich, très frustrant.",10/6/2024 15:16,,moyen,Ouvert,,,REF-762093
f5efca51-00fc-47e1-8c0a-d3f091f36936,COM-98809,USR-7823,ServiceClient,"Petit souci avec le support, mais acceptable.",5/15/2025 15:16,,faible,Résolu,5/15/2025 23:16,MOD-12,REF-321967
a47d610e-6684-4f8f-89b3-87d33dde3d32,COM-45156,USR-1734,ServiceClient,"Petit souci avec le support, mais acceptable.",9/18/2024 15:16,,faible,Ouvert,,,REF-148260
18ed1802-b40b-47ba-9ae7-9215e0b914d0,COM-27787,USR-8229,ArticleManquant,"Commande incomplète, boisson non livré.",7/1/2024 15:16,image_9802.jpg,faible,Escaladé,,,REF-748131
31995c5c-632e-4991-a738-2c53887af43e,COM-99737,USR-8686,LivraisonRetard,"La commande a été livrée avec 1 heure de retard, la nourriture était froide.",1/3/2025 15:16,,moyen,Escaladé,,,REF-780456
7209fbc5-1713-4691-8dde-94182086f57c,COM-31096,USR-8412,CommandeErronée,"J'ai commandé frites, mais j'ai reçu pâtes.",6/23/2025 15:16,,faible,Ouvert,,,REF-993823
ba87aa48-1c53-4362-9ab3-af9da88ffd8f,COM-18264,USR-2095,MauvaiseQualité,"pizza était écrasé, totalement dégoûtant !",6/27/2025 15:16,"image_9814.jpg,image_7420.jpg",élevé,Résolu,6/29/2025 5:16,MOD-14,REF-599271
bb673c87-1112-4f52-9ea3-2228f6be5678,COM-59677,USR-3193,ArticleManquant,"Commande incomplète, pâtes non livré.",8/3/2024 15:16,,faible,Résolu,8/5/2024 15:16,MOD-4,REF-280177
51dfdb38-743e-4013-b886-07c58bf497e2,COM-25888,USR-9854,MauvaiseQualité,"Très mauvaise qualité de boisson, immangeable.",3/24/2025 15:16,image_4422.jpg,élevé,Escaladé,,,REF-977947
e7c1b54a-41e4-49c3-a316-5da308da3c7a,COM-27357,USR-4195,CommandeErronée,"Commande erronée livrée, j'ai eu pizza et non salade.",4/21/2025 15:16,,faible,Ouvert,,,REF-595638
52ef5bda-97ac-46b0-8bf9-0fe15dc0121c,COM-24327,USR-3695,ArticleManquant,"Petit souci, il manquait frites dans la commande.",6/21/2025 15:16,image_8662.jpg,faible,Ouvert,,,REF-405074
41bbc2fe-daf7-4a4a-9860-d5af0bc295ac,COM-57931,USR-8959,LivraisonRetard,"Petit retard de 2 heures, mais la nourriture était correcte.",11/30/2024 15:16,,élevé,Résolu,12/2/2024 3:16,MOD-5,REF-850214
8cf77260-39ce-47b4-8a2d-95ec09462e89,COM-76306,USR-4613,MauvaiseQualité,"Qualité médiocre de sandwich, très frustrant.",12/14/2024 15:16,"image_5835.jpg,image_9515.jpg",élevé,Résolu,12/16/2024 7:16,MOD-7,REF-442276
af43f718-15b4-45ad-9ecb-e811b74c84b7,COM-45400,USR-1320,CommandeErronée,"Erreur sur ma commande : frites au lieu de pâtes, très agaçant.",3/18/2025 15:16,,moyen,Résolu,3/20/2025 1:16,MOD-17,REF-682901
f996f9dd-aa89-4e17-980e-ed1835fb041b,COM-63741,USR-7337,LivraisonRetard,"Livraison en retard de 3 heures, c'est gênant mais acceptable.",12/31/2024 15:16,"image_5559.jpg,image_7439.jpg",élevé,Résolu,1/1/2025 19:16,MOD-6,REF-384251
d8b4b557-686a-4634-971f-df4294f4a8f3,COM-80624,USR-2742,ServiceClient,"Petit souci avec le support, mais acceptable.",9/27/2024 15:16,,faible,Ouvert,,,REF-410396
9b68d544-0005-4ba8-bd7a-7a2c05d072e1,COM-13206,USR-6489,ArticleManquant,"Pas de boisson, c'est inacceptable et frustrant !",9/19/2024 15:16,,moyen,Ouvert,,,REF-541975
20ad0edb-0aa7-44d8-9ecf-92218682c1ea,COM-98548,USR-1199,ProblèmePaiement,"Surfacturation de la commande, service client désastreux.",10/28/2024 15:16,,élevé,Résolu,10/29/2024 20:16,MOD-16,REF-619560
16a2000e-7ec1-4283-94d5-9df98c71ea72,COM-78207,USR-9646,ArticleManquant,"Commande incomplète, burger non livré.",3/26/2025 15:16,,faible,Escaladé,,,REF-995202
61880013-3cf2-43f7-8ac2-16e3196fc4fe,COM-23910,USR-7756,NourritureEndommagée,"dessert était un peu écrasé, mais mangeable.",6/3/2025 15:16,image_7463.jpg,faible,Escaladé,,,REF-122641
b3178532-e918-47b9-912b-d23bc218c0eb,COM-28908,USR-5345,ProblèmePaiement,"Problème de paiement, remboursement requis immédiatement.",7/16/2024 15:16,"image_7953.jpg,image_3631.jpg",élevé,Escaladé,,,REF-904447
95a6e3b0-7f4f-4264-8c8d-815ab0bd1406,COM-87974,USR-5593,ProblèmePaiement,"Erreur de facturation pour pâtes, très frustrant.",11/5/2024 15:16,,moyen,Ouvert,,,REF-770863
968e216c-f81a-41a6-bdae-2e7e8bb6ce9d,COM-72053,USR-1445,ServiceClient,"Service client injoignable, c'est insupportable !",8/6/2024 15:16,"image_9885.jpg,image_3222.jpg",élevé,Résolu,8/8/2024 11:16,MOD-4,REF-974313
baf10992-992e-4bf4-962f-646e617b3060,COM-53814,USR-1895,LivraisonRetard,"J'ai attendu 2 heures pour ma commande, très frustrant.",8/1/2024 15:16,,élevé,Ouvert,,,REF-461188
eb9ae171-c17c-4d16-811a-9a8f18a4cda9,COM-83294,USR-1665,ServiceClient,"Service client correct, mais pourrait être plus rapide.",10/21/2024 15:16,,faible,Résolu,10/22/2024 6:16,MOD-3,REF-100381
28e29b1a-b175-49a4-8955-8ae62d7dda25,COM-28432,USR-8488,ProblèmePaiement,"Petite erreur de facturation, mais gênante.",1/2/2025 15:16,"image_2993.jpg,image_9018.jpg",élevé,Résolu,1/3/2025 23:16,MOD-10,REF-457495
2040c2e8-401f-47a1-b3d7-3c20c116c5ad,COM-18602,USR-4076,ProblèmePaiement,"Problème mineur avec le paiement, veuillez vérifier.",3/26/2025 15:16,image_6144.jpg,élevé,Ouvert,,,REF-831841
1a6ffe12-a198-443d-8bbb-68ef62d5c015,COM-28451,USR-1412,ProblèmePaiement,"Problème de paiement, remboursement requis immédiatement.",11/20/2024 15:16,,élevé,Escaladé,,,REF-156273
93db00aa-f0fb-421b-85c8-7a4f59542b95,COM-43320,USR-8701,ServiceClient,"Mauvaise expérience avec le support, très décevant.",12/13/2024 15:16,,moyen,Ouvert,,,REF-890628
22a61581-98b0-47dd-baf6-212286a58bd8,COM-75163,USR-5805,ProblèmePaiement,"Surfacturation de la commande, service client désastreux.",10/12/2024 15:16,,élevé,Résolu,10/13/2024 4:16,MOD-8,REF-133648
2be6677c-43d6-4f3b-a414-e5d17f65c48d,COM-17401,USR-1324,NourritureEndommagée,"pizza était écrasé, qualité inacceptable.",9/21/2024 15:16,,élevé,Escaladé,,,REF-410963
af7a4710-1a46-4150-949e-e429a3060589,COM-85890,USR-5584,NourritureEndommagée,"sauce est arrivé trempé, besoin d'un remplacement.",3/15/2025 15:16,,faible,Résolu,3/17/2025 6:16,MOD-18,REF-756720
bbef12ec-cc87-457b-b1ec-9c99678cfbe0,COM-53907,USR-2552,LivraisonRetard,"Retard de 30 minutes, c'est scandaleux et dérangeant !",6/3/2025 15:16,image_1151.jpg,élevé,Résolu,6/4/2025 10:16,MOD-10,REF-623259
9d5dc498-8b8d-4178-91a6-e3e18b8a5545,COM-51833,USR-7203,ServiceClient,"Réponse lente du service client, qualité médiocre.",9/28/2024 15:16,,faible,Escaladé,,,REF-365152
6b8cbc65-7d9f-4ae3-a379-8961682a405e,COM-60560,USR-5785,ProblèmePaiement,"Erreur de facturation pour pâtes, très frustrant.",11/28/2024 15:16,image_3642.jpg,élevé,Ouvert,,,REF-342921
9727e8e1-99e6-42ba-9b5f-157447d5f08c,COM-18310,USR-1287,ProblèmePaiement,"Surfacturation de la commande, service client désastreux.",1/22/2025 15:16,,élevé,Résolu,1/23/2025 5:16,MOD-18,REF-953599
af4ef5fc-7813-4300-a3b9-0fac81c9011b,COM-29939,USR-5001,LivraisonRetard,"Livraison retardée de 1 heure, totalement inacceptable !",8/10/2024 15:16,,moyen,Résolu,8/11/2024 4:16,MOD-8,REF-317073
fb2bb45b-9cca-42f0-bc18-4857d7fd37b3,COM-72704,USR-3323,MauvaiseQualité,"frites avait un goût trempé, expérience horrible.",10/9/2024 15:16,,élevé,Ouvert,,,REF-534598
e70b551e-3014-4c02-ae6b-bb65e77bcca8,COM-41112,USR-1726,CommandeErronée,"Erreur sur ma commande : burger au lieu de sauce, très agaçant.",5/3/2025 15:16,,moyen,Ouvert,,,REF-404132
89c055ec-40ba-4446-ad61-fe11a8ba698e,COM-82359,USR-4611,ProblèmePaiement,"Surfacturation de la commande, service client désastreux.",5/14/2025 15:16,,élevé,Escaladé,,,REF-625950
b6c866c0-dd77-46d0-bcd4-f99d3032e068,COM-70818,USR-6623,ArticleManquant,"Commande incomplète, pâtes non livré.",9/23/2024 15:16,,faible,Résolu,9/24/2024 19:16,MOD-10,REF-294488
8d430bb7-43ac-47b4-81e8-ef6786c4cd8c,COM-89521,USR-2014,CommandeErronée,"Commande incorrecte, mais le goût de burger était acceptable.",1/31/2025 15:16,,faible,Ouvert,,,REF-187505
d0bf49a2-e56a-492c-b4c9-816d391509b2,COM-60593,USR-3345,MauvaiseQualité,"burger avait un goût moisi, expérience horrible.",7/25/2024 15:16,"image_6027.jpg,image_4163.jpg",élevé,Résolu,7/25/2024 19:16,MOD-17,REF-673552
cb32e5e2-34f6-4e1a-8c60-0d7e1626d962,COM-73751,USR-9685,MauvaiseQualité,"La nourriture était froid, pas à la hauteur.",10/22/2024 15:16,,faible,Escaladé,,,REF-713069
c2332329-d61b-4b2e-a891-ce9ae70068a1,COM-99745,USR-2517,MauvaiseQualité,"dessert était moisi, totalement dégoûtant !",9/9/2024 15:16,image_2337.jpg,élevé,Escaladé,,,REF-526684
287491ca-473c-4c9d-98a8-512392f0024a,COM-53319,USR-4578,ProblèmePaiement,"Problème mineur avec le paiement, veuillez vérifier.",1/6/2025 15:16,image_4869.jpg,élevé,Résolu,1/8/2025 2:16,MOD-8,REF-545448
e8c91a43-cccb-4c96-9485-11f89cabdacb,COM-29527,USR-4297,LivraisonRetard,"Retard de 2 heures, c'est scandaleux et dérangeant !",4/9/2025 15:16,image_2087.jpg,élevé,Résolu,4/11/2025 5:16,MOD-7,REF-529854
7a2c6991-1ebc-4dca-9e3e-3a744be980ba,COM-56263,USR-5433,CommandeErronée,"Petite erreur, j'ai reçu pâtes au lieu de salade.",1/21/2025 15:16,,faible,Ouvert,,,REF-899386
86702880-c3a0-4a71-b641-b75cfc74e487,COM-30269,USR-5615,CommandeErronée,"Commande incorrecte, mais le goût de pizza était acceptable.",9/22/2024 15:16,,faible,Ouvert,,,REF-316826
38e69c8e-84fd-4c1f-884a-5153b3977f58,COM-31821,USR-1289,ServiceClient,"Service client correct, mais pourrait être plus rapide.",10/4/2024 15:16,"image_7534.jpg,image_3232.jpg",moyen,Escaladé,,,REF-212627
91c35ef9-5494-4370-9f01-501186517dcd,COM-14329,USR-2343,CommandeErronée,"Commande erronée livrée, j'ai eu frites et non salade.",11/7/2024 15:16,"image_2377.jpg,image_7097.jpg",faible,Escaladé,,,REF-489776
45f709fd-03db-4028-8413-b1da68e13859,COM-95286,USR-7986,ProblèmePaiement,"Problème de paiement, remboursement requis immédiatement.",8/9/2024 15:16,,élevé,Résolu,8/11/2024 5:16,MOD-19,REF-261297
b4f345d5-5b8c-497f-b84f-d7e7a162849e,COM-46808,USR-9489,CommandeErronée,"J'ai commandé sandwich, mais j'ai reçu dessert.",12/29/2024 15:16,image_1453.jpg,faible,Résolu,12/31/2024 12:16,MOD-7,REF-489737
37de1896-c3f9-4697-b27a-b7d3760f787a,COM-86201,USR-5615,CommandeErronée,"Commande erronée livrée, j'ai eu pizza et non pâtes.",10/16/2024 15:16,image_1041.jpg,faible,Escaladé,,,REF-366122
d2cc76ad-1f45-4783-aa12-ca476dee5495,COM-93106,USR-8008,LivraisonRetard,"La commande a été livrée avec 1 heure de retard, la nourriture était froide.",6/8/2025 15:16,,moyen,Ouvert,,,REF-503131
df816d54-1547-42ba-8382-51c350ecb184,COM-68239,USR-7595,ArticleManquant,"Il manque pizza dans ma commande, très décevant.",12/12/2024 15:16,"image_2677.jpg,image_1398.jpg",élevé,Résolu,12/12/2024 17:16,MOD-5,REF-629605
da8236af-f0db-4abe-980a-1b535a251ed2,COM-13396,USR-9720,MauvaiseQualité,"sushi était trempé, totalement dégoûtant !",3/11/2025 15:16,,élevé,Résolu,3/12/2025 1:16,MOD-15,REF-944286
549e1a39-e839-44b2-b750-03bca6c0af97,COM-70532,USR-6576,ArticleManquant,"Il manque sandwich dans ma commande, très décevant.",11/2/2024 15:16,,moyen,Résolu,11/4/2024 15:16,MOD-3,REF-184907
c4f9f91e-523e-4070-9bc4-9203fd37d9b3,COM-96548,USR-8751,CommandeErronée,"Commande incorrecte, mais le goût de pâtes était acceptable.",10/9/2024 15:16,,faible,Résolu,10/11/2024 12:16,MOD-20,REF-265029
81d00f66-73db-4159-9d02-20798f182d59,COM-34786,USR-4016,ServiceClient,"Service client injoignable, c'est insupportable !",3/2/2025 15:16,,élevé,Ouvert,,,REF-652395
1bf020e3-9a9a-4046-a14f-26fd4cb56283,COM-80475,USR-4655,ServiceClient,"Réponse lente du service client, qualité médiocre.",3/26/2025 15:16,image_1635.jpg,moyen,Escaladé,,,REF-648624
39edfa5a-1178-40a6-a26b-180498849ee0,COM-36087,USR-4679,NourritureEndommagée,"La nourriture était mal emballé, totalement immangeable.",11/5/2024 15:16,,élevé,Escaladé,,,REF-139628
fd49842f-a894-4a17-94c6-d51ff0ad229a,COM-97644,USR-5710,CommandeErronée,"Livré boisson, mais je voulais pizza, c'est inacceptable.",11/15/2024 15:16,,faible,Escaladé,,,REF-248734
d93f4630-361d-4ccc-8a4c-ca60e97ac851,COM-98445,USR-9207,ProblèmePaiement,"J'ai été facturé deux fois pour ma commande, c'est inacceptable !",8/18/2024 15:16,image_3264.jpg,élevé,Ouvert,,,REF-180491
74504b96-c2c7-4774-aeba-516c647da1e2,COM-79808,USR-8445,NourritureEndommagée,"La nourriture était mal emballé, totalement immangeable.",4/12/2025 15:16,"image_4052.jpg,image_7297.jpg",élevé,Escaladé,,,REF-501376
d87d84d3-40e3-4504-9640-2c2db760647c,COM-55145,USR-1365,ArticleManquant,"Commande incomplète, burger non livré.",12/18/2024 15:16,image_5946.jpg,faible,Escaladé,,,REF-986311
ce2c06a4-d21f-476a-bef2-86a1cf025f18,COM-94859,USR-6640,MauvaiseQualité,"Le goût de sandwich était un peu mal emballé, mais acceptable.",8/7/2024 15:16,,faible,Résolu,8/8/2024 21:16,MOD-4,REF-560320
f08a41a0-872d-4434-9c1f-fb73ac7e5426,COM-49146,USR-8756,MauvaiseQualité,"boisson était sans goût, je ne commanderai plus.",9/1/2024 15:16,,faible,Escaladé,,,REF-830195
18159f09-9599-4750-9775-fe01c875a8c7,COM-65731,USR-3414,ArticleManquant,"Manque frites, service médiocre.",1/13/2025 15:16,image_6758.jpg,moyen,Escaladé,,,REF-288580
1884b0ed-a401-4a40-9d31-16f247b143ce,COM-86497,USR-4642,LivraisonRetard,"La commande a été livrée avec 2 heures de retard, la nourriture était froide.",8/30/2024 15:16,,élevé,Ouvert,,,REF-492254
5c45b71a-927a-4689-9c42-4e24d457fbb0,COM-35626,USR-8952,CommandeErronée,"Petite erreur, j'ai reçu burger au lieu de sauce.",11/9/2024 15:16,image_9561.jpg,faible,Résolu,11/10/2024 19:16,MOD-1,REF-114719
717deb55-e217-44a9-9b4d-9890289c8d9a,COM-10491,USR-5133,MauvaiseQualité,"Le goût de burger était un peu gâté, mais acceptable.",8/3/2024 15:16,image_8193.jpg,élevé,Résolu,8/4/2024 21:16,MOD-18,REF-562087
a243886b-1bac-40d1-96de-657032436f68,COM-46637,USR-8691,MauvaiseQualité,"Très mauvaise qualité de boisson, immangeable.",4/9/2025 15:16,,élevé,Escaladé,,,REF-272214
c507cbbf-f3e1-4684-ae0d-fe2ad7deb7bc,COM-54032,USR-1118,ArticleManquant,"Il manque sauce dans ma commande, très décevant.",4/15/2025 15:16,image_9549.jpg,élevé,Escaladé,,,REF-878318
60ea29d6-67cb-4312-a06d-5d0f888480a7,COM-58130,USR-2068,ArticleManquant,"sauce manquant, veuillez résoudre immédiatement.",2/21/2025 15:16,image_2101.jpg,élevé,Ouvert,,,REF-196469
4c73ee0d-b202-4fd2-abea-ca60ce64d972,COM-63309,USR-9322,ServiceClient,"Réponse lente du service client, qualité médiocre.",3/12/2025 15:16,,faible,Ouvert,,,REF-433315
f08d03a6-097f-46ac-b8bc-bc7245efe3e3,COM-98816,USR-2509,CommandeErronée,"Commande erronée livrée, j'ai eu pâtes et non pâtes.",6/16/2025 15:16,,faible,Résolu,6/16/2025 21:16,MOD-7,REF-456727
4340061c-2da4-4ffa-a2e9-27c30cabbbd5,COM-77251,USR-3092,MauvaiseQualité,"Très mauvaise qualité de pâtes, immangeable.",10/28/2024 15:16,image_1078.jpg,élevé,Résolu,10/30/2024 5:16,MOD-8,REF-877175
6403f12e-822f-4fd7-9d34-a50fe266889c,COM-12655,USR-5128,ProblèmePaiement,"J'ai été facturé deux fois pour ma commande, c'est inacceptable !",11/30/2024 15:16,,élevé,Ouvert,,,REF-212694
3330f2d6-94a4-4ffb-9484-6a9e72c49677,COM-96336,USR-5467,ServiceClient,"Le service client n'a pas résolu mon problème, frustrant.",3/17/2025 15:16,"image_8895.jpg,image_4114.jpg",élevé,Résolu,3/18/2025 2:16,MOD-16,REF-177365
7369fb6c-5dba-4e6e-9818-15a65b162032,COM-34610,USR-6015,MauvaiseQualité,"Le goût de pizza était un peu écrasé, mais acceptable.",6/25/2025 15:16,image_9328.jpg,moyen,Ouvert,,,REF-679521
5ae7cc86-6b84-466c-ba9f-1d5ee1219199,COM-14582,USR-5541,ServiceClient,"Service client injoignable, c'est insupportable !",5/28/2025 15:16,image_1342.jpg,élevé,Ouvert,,,REF-137312
6fdc3f6e-c701-40d6-92cf-0bd622cf47db,COM-42879,USR-2471,MauvaiseQualité,"frites était trempé, je ne commanderai plus.",7/7/2024 15:16,image_8390.jpg,faible,Escaladé,,,REF-680273
e515b505-b562-49b5-9f4a-b8bd92cad303,COM-10537,USR-8769,NourritureEndommagée,"Tout était froid, expérience catastrophique.",10/3/2024 15:16,"image_8958.jpg,image_1969.jpg",élevé,Ouvert,,,REF-275603
ba5285fa-de10-417f-9f94-fdae8bca0763,COM-69673,USR-4468,LivraisonRetard,"La nourriture est arrivée avec 90 minutes de retard, service décevant.",3/16/2025 15:16,image_8723.jpg,élevé,Escaladé,,,REF-165416
c87cccfb-e4bb-45ad-9e09-d17266bdb3dc,COM-76060,USR-5870,ServiceClient,"Petit souci avec le support, mais acceptable.",2/9/2025 15:16,,faible,Ouvert,,,REF-291345
c0bf0c07-7591-44bd-87db-8924c4e9505f,COM-72662,USR-1021,ArticleManquant,"Petit souci, il manquait dessert dans la commande.",4/1/2025 15:16,image_5219.jpg,faible,Ouvert,,,REF-161833
769c6d5f-5850-4c72-961e-b7b73d128891,COM-70962,USR-8895,LivraisonRetard,"Commande arrivée après 1 heure, vraiment pas satisfait.",9/18/2024 15:16,,moyen,Escaladé,,,REF-459072
e52ca10f-a2c6-4353-bf68-e79e042ab8fc,COM-22525,USR-2739,CommandeErronée,"Commande incorrecte, mais le goût de burger était acceptable.",1/26/2025 15:16,image_4118.jpg,moyen,Résolu,1/27/2025 10:16,MOD-9,REF-366859
b8efe971-893e-4316-9924-915dd868a23f,COM-33429,USR-8431,CommandeErronée,J'ai reçu dessert au lieu de burger.,9/10/2024 15:16,,faible,Ouvert,,,REF-349524
ac9a5342-809a-4a4a-9b74-680b98f5b56c,COM-29572,USR-7064,ArticleManquant,"Petit souci, il manquait frites dans la commande.",5/29/2025 15:16,image_4112.jpg,faible,Résolu,5/31/2025 6:16,MOD-15,REF-320519
1325ed95-2769-4eca-ab38-0a272a748d93,COM-18362,USR-6197,LivraisonRetard,"La nourriture est arrivée avec 1 heure de retard, service décevant.",9/7/2024 15:16,image_4020.jpg,élevé,Ouvert,,,REF-539940
1929791b-a5f3-4ad8-8cb0-b1ec71170405,COM-37111,USR-8119,LivraisonRetard,"Commande arrivée après 1 heure, vraiment pas satisfait.",4/9/2025 15:16,,moyen,Ouvert,,,REF-208015
0664a5e9-5f4d-4cc3-a801-96b94c15d902,COM-16494,USR-5147,LivraisonRetard,"La nourriture est arrivée avec 2 heures de retard, service décevant.",12/10/2024 15:16,image_7754.jpg,élevé,Ouvert,,,REF-668521
56d73e80-401a-492f-a312-a422e6c1ce32,COM-84921,USR-5903,MauvaiseQualité,"Le goût de boisson était un peu moisi, mais acceptable.",7/1/2025 15:16,,élevé,Ouvert,,,REF-437275
44dae204-a353-4e01-bf8a-0cdc7496563d,COM-54735,USR-1978,ArticleManquant,"Manque pizza, service médiocre.",4/17/2025 15:16,,faible,Ouvert,,,REF-315706
76e36b90-5638-4863-8ce5-851917b59019,COM-15786,USR-9127,ProblèmePaiement,"Petite erreur de facturation, mais gênante.",7/28/2024 15:16,,moyen,Résolu,7/30/2024 10:16,MOD-14,REF-472964
6de18c73-064b-48b9-b1d1-be08056a2999,COM-79547,USR-3776,MauvaiseQualité,"pizza était sans goût, totalement dégoûtant !",2/28/2025 15:16,,élevé,Ouvert,,,REF-244251
c9b6d6e6-1279-420a-b278-f991f9d6c4b5,COM-23015,USR-5761,CommandeErronée,"J'ai commandé burger, mais j'ai reçu sushi.",4/24/2025 15:16,image_3027.jpg,faible,Escaladé,,,REF-993056
d3571bb3-3a0c-4caa-abe2-f59698f2c72d,COM-40898,USR-4327,ArticleManquant,"Manque sandwich, service médiocre.",1/5/2025 15:16,image_4942.jpg,moyen,Escaladé,,,REF-688055
54e0ee24-5e17-4fa0-aff6-762cbe4b4acb,COM-46014,USR-2560,ArticleManquant,"Manque burger, service médiocre.",4/27/2025 15:16,,faible,Escaladé,,,REF-516079
92b1e236-a85e-49ca-b971-0c6952fb88dc,COM-39047,USR-7814,CommandeErronée,"Commande incorrecte, mais le goût de sushi était acceptable.",1/19/2025 15:16,image_1632.jpg,moyen,Résolu,1/19/2025 17:16,MOD-14,REF-410622
f2114377-3e43-4ace-8cfc-e903a3db5486,COM-17600,USR-9013,ServiceClient,"Service client correct, mais pourrait être plus rapide.",7/18/2024 15:16,image_5917.jpg,moyen,Escaladé,,,REF-451691
f2656880-445f-408e-8397-6996a2b18ea1,COM-45426,USR-7346,ServiceClient,"Réponse lente du service client, qualité médiocre.",8/9/2024 15:16,,faible,Résolu,8/10/2024 10:16,MOD-13,REF-318242
e96b2b80-076b-4488-84af-007b8585586e,COM-28017,USR-1326,NourritureEndommagée,"dessert était un peu écrasé, mais mangeable.",1/25/2025 15:16,image_7622.jpg,faible,Résolu,1/27/2025 2:16,MOD-11,REF-126823
ac1e9097-d631-4f69-b768-0406b886e85f,COM-97750,USR-1116,ServiceClient,"Mauvaise expérience avec le support, très décevant.",7/14/2024 15:16,image_6934.jpg,élevé,Escaladé,,,REF-401541
d58e3a12-2ee8-4a22-932f-4b06db3d9847,COM-38204,USR-5579,ArticleManquant,"pizza manquant, veuillez résoudre immédiatement.",4/19/2025 15:16,"image_6665.jpg,image_5974.jpg",élevé,Résolu,4/21/2025 2:16,MOD-7,REF-462568
02169111-7bb8-421d-8f20-2141ec9a5075,COM-38684,USR-3236,LivraisonRetard,"Commande arrivée après 3 heures, vraiment pas satisfait.",10/4/2024 15:16,,élevé,Ouvert,,,REF-659069
927f0878-6b50-4f51-a0d9-32e68c615402,COM-13406,USR-2357,CommandeErronée,"Livré frites, mais je voulais salade, c'est inacceptable.",2/11/2025 15:16,,faible,Ouvert,,,REF-847452
606f8b00-17f6-483c-9470-450a272a3c68,COM-60621,USR-8693,ServiceClient,"Mauvaise expérience avec le support, très décevant.",8/31/2024 15:16,image_1107.jpg,élevé,Escaladé,,,REF-230447
7cc0e00d-c870-4e54-b8e7-91c3455122aa,COM-72809,USR-8256,MauvaiseQualité,"Très mauvaise qualité de pâtes, immangeable.",12/18/2024 15:16,,élevé,Ouvert,,,REF-231387
facc8a5c-8ea5-4ef8-93d5-e967bff30c8b,COM-16125,USR-1064,ArticleManquant,"Pas de dessert, c'est inacceptable et frustrant !",5/27/2025 15:16,image_5393.jpg,élevé,Résolu,5/28/2025 19:16,MOD-8,REF-431925
79eb0880-f35f-4093-a733-1362ac9a2ae7,COM-63674,USR-5640,ServiceClient,"Mauvaise expérience avec le support, très décevant.",8/30/2024 15:16,,moyen,Ouvert,,,REF-801854
f5537fe7-9f91-4702-ac6b-72b9f8341607,COM-56310,USR-7158,NourritureEndommagée,"La commande était moisi, très déçu.",7/1/2025 15:16,,élevé,Ouvert,,,REF-482929
4521836d-e168-43c7-a2b5-67a29da698de,COM-66497,USR-8297,ServiceClient,"Le service client n'a pas résolu mon problème, frustrant.",4/8/2025 15:16,,moyen,Ouvert,,,REF-371004
6f69d44e-6734-451a-b57f-c65bc52056bf,COM-92984,USR-8934,ArticleManquant,"Pas de dessert, c'est inacceptable et frustrant !",2/19/2025 15:16,,moyen,Escaladé,,,REF-753066
f15e7c3b-b423-4b3f-94b6-011ba5730def,COM-87575,USR-9329,NourritureEndommagée,"La commande était écrasé, très déçu.",12/8/2024 15:16,,faible,Escaladé,,,REF-843384
37881eaa-3575-42ee-b07b-78bf04554a06,COM-47393,USR-4166,ArticleManquant,"Je n'ai pas reçu sandwich, besoin d'un remboursement.",7/18/2024 15:16,image_6105.jpg,moyen,Ouvert,,,REF-665027
1eaa7170-7fa2-4ca9-b8d2-fb97a137dec8,COM-12303,USR-9360,CommandeErronée,J'ai reçu salade au lieu de sushi.,2/26/2025 15:16,,faible,Ouvert,,,REF-236687
5113e0e3-0bad-4411-995a-b03507875f19,COM-29677,USR-5163,CommandeErronée,"Commande incorrecte, mais le goût de frites était acceptable.",2/28/2025 15:16,image_5533.jpg,moyen,Résolu,3/2/2025 13:16,MOD-16,REF-656175
36904ff2-6158-4648-ac6f-c59e2e910601,COM-26486,USR-5627,NourritureEndommagée,"pâtes était un peu écrasé, mais mangeable.",1/4/2025 15:16,"image_1828.jpg,image_5533.jpg",faible,Ouvert,,,REF-425869
ee6df126-d242-4df0-8d0f-d8aac81cd878,COM-58777,USR-4123,ArticleManquant,"Je n'ai pas reçu sandwich, besoin d'un remboursement.",1/14/2025 15:16,,faible,Escaladé,,,REF-934788
6c90f613-b43f-4d08-b9b4-3b19dfb809fd,COM-41180,USR-5293,NourritureEndommagée,"Commande endommagée, sandwich était légèrement moisi.",4/18/2025 15:16,image_2012.jpg,élevé,Résolu,4/19/2025 1:16,MOD-5,REF-204866
3bd84dd9-e471-475c-bd07-eb200a500dd0,COM-80414,USR-3168,ArticleManquant,"Il manque dessert dans ma commande, très décevant.",2/10/2025 15:16,,moyen,Escaladé,,,REF-864636
e2223571-6d13-4730-be8e-26c196e7e7b4,COM-56240,USR-3705,ServiceClient,"Service client correct, mais pourrait être plus rapide.",1/12/2025 15:16,"image_6951.jpg,image_9713.jpg",moyen,Escaladé,,,REF-354146
7e12a1a3-d758-450c-a68d-3145b0425292,COM-38448,USR-1313,CommandeErronée,"Commande erronée livrée, j'ai eu dessert et non dessert.",6/18/2025 15:16,,faible,Escaladé,,,REF-500123
2c8a56f5-0c18-4ec8-9a1b-fa55a6dc1ec8,COM-31390,USR-3928,NourritureEndommagée,"burger est arrivé écrasé, besoin d'un remplacement.",8/16/2024 15:16,,faible,Escaladé,,,REF-158278
91b73055-e5f8-4f83-af66-06c6be1fd0c1,COM-30955,USR-3794,LivraisonRetard,"Livraison en retard de 1 heure, c'est gênant mais acceptable.",9/16/2024 15:16,,moyen,Ouvert,,,REF-958504
ec35b3cb-855f-465a-be8b-6dc5e0f5c0c9,COM-58399,USR-1228,ArticleManquant,"Pas de sauce, c'est inacceptable et frustrant !",9/11/2024 15:16,,moyen,Escaladé,,,REF-912416
b6a7919f-f217-4d04-80d8-83d2238bea36,COM-79049,USR-8120,ProblèmePaiement,"Problème mineur avec le paiement, veuillez vérifier.",11/24/2024 15:16,image_4889.jpg,élevé,Résolu,11/25/2024 19:16,MOD-18,REF-138641
58d47240-3a38-43ef-851f-00a91b95bf28,COM-67530,USR-2230,NourritureEndommagée,"pizza est arrivé gâté, besoin d'un remplacement.",4/7/2025 15:16,"image_2910.jpg,image_2457.jpg",élevé,Résolu,4/8/2025 19:16,MOD-5,REF-840756
06c8a435-0968-4b1b-bc9d-9450bbab8f79,COM-49105,USR-5663,ServiceClient,"Service client injoignable, c'est insupportable !",9/12/2024 15:16,,élevé,Résolu,9/13/2024 2:16,MOD-3,REF-360637
e3b339c2-0ed0-4861-9e8a-c80b6e7cae66,COM-21928,USR-2542,NourritureEndommagée,"burger est arrivé mal emballé, besoin d'un remplacement.",1/11/2025 15:16,image_7823.jpg,faible,Escaladé,,,REF-531313
61ec55ac-a541-4ad7-be0f-3f5cb703ca7a,COM-67186,USR-4990,ServiceClient,"Réponse lente du service client, qualité médiocre.",8/4/2024 15:16,,faible,Ouvert,,,REF-714463
fa0952ef-d86c-4821-a5aa-72aca8ad8e53,COM-68056,USR-2587,CommandeErronée,"Petite erreur, j'ai reçu frites au lieu de boisson.",2/15/2025 15:16,,faible,Ouvert,,,REF-274531
df20ee2a-4a0f-4e9b-9a55-a27676230c04,COM-39114,USR-1081,LivraisonRetard,"La commande a été livrée avec 30 minutes de retard, la nourriture était froide.",7/12/2024 15:16,,faible,Escaladé,,,REF-963866
e713ce2e-be20-4589-8453-4ed479f914e7,COM-87819,USR-8772,NourritureEndommagée,"dessert est arrivé mal emballé, besoin d'un remplacement.",8/31/2024 15:16,,faible,Ouvert,,,REF-496627
a0d80c8e-bf5c-4765-a59f-66ed4bd46667,COM-75120,USR-5592,MauvaiseQualité,"Très mauvaise qualité de salade, immangeable.",3/8/2025 15:16,image_7420.jpg,élevé,Résolu,3/8/2025 19:16,MOD-1,REF-846315
8562f075-4e6f-4fdd-8931-424627f6943b,COM-35371,USR-6046,LivraisonRetard,"Retard de 30 minutes, c'est scandaleux et dérangeant !",4/2/2025 15:16,,moyen,Escaladé,,,REF-189553
dc195df6-e903-45a9-b130-15f3c8392260,COM-29260,USR-4625,MauvaiseQualité,"Le goût de pâtes était un peu brûlé, mais acceptable.",11/21/2024 15:16,"image_3187.jpg,image_9138.jpg",élevé,Résolu,11/22/2024 1:16,MOD-15,REF-894279
53efc69f-a2f5-4cfe-b6e2-cfc82c27284e,COM-92486,USR-6231,MauvaiseQualité,"Très mauvaise qualité de pizza, immangeable.",2/25/2025 15:16,,élevé,Ouvert,,,REF-100868
6413d5d9-b44b-4206-9a4f-8776dd600526,COM-66049,USR-8775,ServiceClient,"Mauvaise expérience avec le support, très décevant.",8/10/2024 15:16,image_9194.jpg,élevé,Escaladé,,,REF-629224
f0693f15-3bfa-4702-8e3b-cde9d8fb71ec,COM-58254,USR-2039,ArticleManquant,"Il manque dessert dans ma commande, très décevant.",3/30/2025 15:16,image_8025.jpg,élevé,Résolu,3/31/2025 13:16,MOD-10,REF-668273
899f6ab3-5b36-4567-bf3f-8fa0203a3008,COM-87010,USR-3027,MauvaiseQualité,"salade était trempé, je ne commanderai plus.",7/16/2024 15:16,,faible,Ouvert,,,REF-489293
6eb2647f-b63f-4fac-9667-288c8ba7d0d3,COM-83246,USR-9380,ArticleManquant,"Pas de pizza, c'est inacceptable et frustrant !",2/1/2025 15:16,,moyen,Résolu,2/3/2025 6:16,MOD-11,REF-347691
357b5022-0b58-4d68-adf0-81894d80d371,COM-36015,USR-2583,CommandeErronée,"Petite erreur, j'ai reçu pâtes au lieu de sandwich.",4/10/2025 15:16,image_9701.jpg,faible,Escaladé,,,REF-858183
a6b16f3e-cb21-459a-95bd-6a2bffaf2d18,COM-11171,USR-7685,ProblèmePaiement,"Problème de paiement, remboursement requis immédiatement.",3/20/2025 15:16,,élevé,Ouvert,,,REF-568651
4ecc3db0-0f8d-464a-84ab-58ba1940dc7a,COM-57852,USR-3201,CommandeErronée,"Erreur sur ma commande : pâtes au lieu de boisson, très agaçant.",7/4/2024 15:16,,moyen,Ouvert,,,REF-485246
43bde410-04e0-4644-828c-6e561b385626,COM-26934,USR-4347,ProblèmePaiement,"Erreur de facturation pour boisson, très frustrant.",10/15/2024 15:16,,moyen,Ouvert,,,REF-990246
4380044a-2e6f-4343-97b4-3da91367b5e9,COM-95145,USR-9090,MauvaiseQualité,"La nourriture était sans goût, pas à la hauteur.",8/24/2024 15:16,image_4142.jpg,faible,Résolu,8/26/2024 6:16,MOD-17,REF-673307
779b4ecc-6c83-4d9a-8574-5018f5db0f16,COM-65956,USR-4704,MauvaiseQualité,"pâtes était gâté, totalement dégoûtant !",2/26/2025 15:16,image_4454.jpg,élevé,Ouvert,,,REF-364486
7c6d3b54-a0f6-4caf-8bd2-3764e707b375,COM-46602,USR-5514,CommandeErronée,"Commande erronée livrée, j'ai eu pâtes et non salade.",1/6/2025 15:16,,faible,Résolu,1/7/2025 13:16,MOD-14,REF-525336
65ee45a1-517f-49f9-8568-96ce09ad549c,COM-78213,USR-8565,NourritureEndommagée,"La commande était froid, très déçu.",8/7/2024 15:16,image_4542.jpg,moyen,Résolu,8/8/2024 1:16,MOD-1,REF-943165
3ef3f3c4-5814-4ab1-b9ef-0dc7a1dc7d20,COM-61994,USR-5937,CommandeErronée,"Commande incorrecte, mais le goût de dessert était acceptable.",9/26/2024 15:16,,faible,Escaladé,,,REF-837867
87d9580a-9ed7-4ee5-a6c8-63a2d28874c2,COM-53800,USR-5370,CommandeErronée,J'ai reçu frites au lieu de pâtes.,9/26/2024 15:16,,faible,Ouvert,,,REF-384697
68ccc015-a011-4c3c-b11d-aef93ffff6cb,COM-77151,USR-1891,ProblèmePaiement,"Petite erreur de facturation, mais gênante.",5/21/2025 15:16,,élevé,Escaladé,,,REF-100354
7b797d09-9fd6-4758-a94c-af8a7deb2ee9,COM-86108,USR-2750,ArticleManquant,Pourriez-vous vérifier pourquoi dessert n'était pas inclus ?,1/24/2025 15:16,,faible,Escaladé,,,REF-278381
d1be5243-8db3-402f-a998-61165e69681e,COM-27260,USR-8490,NourritureEndommagée,"La commande était sans goût, très déçu.",9/18/2024 15:16,,faible,Ouvert,,,REF-458962
ef105647-4314-458f-9cac-930c7dff4344,COM-12690,USR-3638,NourritureEndommagée,"boisson est arrivé gâté, besoin d'un remplacement.",8/1/2024 15:16,image_3941.jpg,élevé,Escaladé,,,REF-389248
8733d1cb-23ff-43fd-9fd0-bc11579cdb00,COM-67131,USR-8347,ProblèmePaiement,"Surfacturation de la commande, service client désastreux.",12/27/2024 15:16,,élevé,Escaladé,,,REF-223779
5f7d26fe-ccaa-4b1e-bf97-5f5f64a951a8,COM-88315,USR-8300,ServiceClient,"Service client correct, mais pourrait être plus rapide.",8/9/2024 15:16,image_7070.jpg,élevé,Résolu,8/10/2024 12:16,MOD-7,REF-352008
7f702597-5d58-451b-a5dd-d21bbe4c3710,COM-12511,USR-1666,ArticleManquant,Pourriez-vous vérifier pourquoi sandwich n'était pas inclus ?,9/22/2024 15:16,,faible,Résolu,9/24/2024 3:16,MOD-9,REF-786076
bd4bf111-0829-4a10-9c06-806ed8ad496c,COM-50107,USR-1342,ServiceClient,"Service client correct, mais pourrait être plus rapide.",11/26/2024 15:16,,faible,Escaladé,,,REF-361106
880566e4-6a97-49d7-a1fb-9319aa8abdf9,COM-56080,USR-3155,LivraisonRetard,"J'ai attendu 1 heure pour ma commande, très frustrant.",9/5/2024 15:16,image_4095.jpg,élevé,Ouvert,,,REF-544164
e2be0a0e-1e09-4d7d-a366-ef77d4fb2537,COM-28421,USR-5353,LivraisonRetard,"Retard de 90 minutes, c'est scandaleux et dérangeant !",12/29/2024 15:16,,moyen,Escaladé,,,REF-206485
98c90ebb-8461-4324-8ada-ca69c5fa8534,COM-94185,USR-1461,ServiceClient,"Réponse lente du service client, qualité médiocre.",9/7/2024 15:16,,faible,Ouvert,,,REF-798928
5b102b92-b193-471a-8733-8d022bbeec97,COM-79917,USR-6247,ProblèmePaiement,"Petite erreur de facturation, mais gênante.",9/15/2024 15:16,,moyen,Ouvert,,,REF-329966
d82be928-fe9c-4b6f-b7de-3622516a5799,COM-50296,USR-6457,ServiceClient,"Service client injoignable, c'est insupportable !",4/10/2025 15:16,image_2731.jpg,élevé,Résolu,4/10/2025 22:16,MOD-3,REF-818864
9177e3f8-b7fa-4a24-93a0-f1a42e30a594,COM-87886,USR-1770,MauvaiseQualité,"dessert était gâté, je ne commanderai plus.",8/23/2024 15:16,"image_2016.jpg,image_1856.jpg",élevé,Ouvert,,,REF-876899
eadb5ed5-1b3d-44e6-bcbc-2d86b476efc3,COM-25521,USR-8434,NourritureEndommagée,"pâtes est arrivé trempé, besoin d'un remplacement.",12/25/2024 15:16,,faible,Ouvert,,,REF-255384
cb4f93b0-4ac7-43a5-8e30-d930524572c2,COM-80865,USR-4190,ServiceClient,"Réponse lente du service client, qualité médiocre.",6/14/2025 15:16,"image_7759.jpg,image_8833.jpg",moyen,Résolu,6/16/2025 10:16,MOD-20,REF-828217
c32cdc4f-59d7-4157-a92d-d4a01653db25,COM-14598,USR-5345,MauvaiseQualité,"Le goût de burger était un peu brûlé, mais acceptable.",5/9/2025 15:16,,faible,Escaladé,,,REF-698991
95fd0026-2c59-473a-9229-3bd1d8862cf1,COM-97898,USR-7335,ProblèmePaiement,"Problème mineur avec le paiement, veuillez vérifier.",10/9/2024 15:16,image_5397.jpg,élevé,Résolu,10/10/2024 1:16,MOD-14,REF-446078
f574b7b7-3e95-467f-9c63-8a2086f15200,COM-84274,USR-8159,ServiceClient,"Petit souci avec le support, mais acceptable.",4/14/2025 15:16,image_6200.jpg,moyen,Escaladé,,,REF-493231
843325b1-7f57-4bfa-99a0-4c02218e60b6,COM-10889,USR-8619,CommandeErronée,"J'ai commandé pizza, mais j'ai reçu salade.",4/22/2025 15:16,,faible,Escaladé,,,REF-990929
c806ae81-32ae-4315-b38e-d998c2e27772,COM-67001,USR-7872,MauvaiseQualité,"dessert était écrasé, je ne commanderai plus.",10/31/2024 15:16,,faible,Ouvert,,,REF-911766
d0a1145a-b2d0-4a7f-81d8-ccb34c7eddef,COM-47312,USR-2802,CommandeErronée,"Commande erronée livrée, j'ai eu sauce et non sauce.",3/1/2025 15:16,,faible,Ouvert,,,REF-137593
277f160a-9b74-4733-9242-4022559003eb,COM-52104,USR-1319,ServiceClient,"Le service client n'a pas résolu mon problème, frustrant.",8/3/2024 15:16,,moyen,Ouvert,,,REF-318595
16925908-830e-46b8-8e90-5fead5a81a31,COM-35120,USR-1568,LivraisonRetard,"La commande a été livrée avec 3 heures de retard, la nourriture était froide.",11/27/2024 15:16,image_2427.jpg,élevé,Ouvert,,,REF-102333
90a72529-fa2c-49b1-9932-5b39b9f09666,COM-28553,USR-1648,CommandeErronée,J'ai reçu frites au lieu de pâtes.,3/14/2025 15:16,"image_9818.jpg,image_7093.jpg",faible,Résolu,3/15/2025 8:16,MOD-2,REF-646517
9ecae4b4-1d79-4b2c-90ba-742b82dd12c9,COM-98662,USR-1273,NourritureEndommagée,"Commande endommagée, dessert était légèrement froid.",11/24/2024 15:16,,faible,Escaladé,,,REF-368513
2c62dcf5-7aa0-4a6c-becb-278394cae122,COM-44366,USR-7447,CommandeErronée,"Commande incorrecte, mais le goût de pizza était acceptable.",12/24/2024 15:16,,faible,Ouvert,,,REF-431543
2ba5355f-9129-49f5-bc69-1935289245e8,COM-52941,USR-7042,MauvaiseQualité,"Le goût de pizza était un peu sans goût, mais acceptable.",10/24/2024 15:16,,faible,Ouvert,,,REF-485071
14f8bc17-67db-4320-b26a-9ea9c47d1f94,COM-81327,USR-3666,CommandeErronée,"J'ai commandé pâtes, mais j'ai reçu pizza.",10/6/2024 15:16,"image_2234.jpg,image_4492.jpg",faible,Ouvert,,,REF-932134
70c19587-e0da-462d-9f7d-eb6677818a9f,COM-83284,USR-2972,NourritureEndommagée,"La nourriture était trempé, totalement immangeable.",6/8/2025 15:16,,élevé,Ouvert,,,REF-697672
594bc7f0-f40f-4b42-893b-f40e0b7145e9,COM-53538,USR-5179,CommandeErronée,"Commande incorrecte, mais le goût de pâtes était acceptable.",7/27/2024 15:16,,faible,Ouvert,,,REF-969582
347b00a0-84c4-4737-bfcb-b4617b7f2bad,COM-99117,USR-8091,MauvaiseQualité,"Le goût de pizza était un peu gâté, mais acceptable.",7/2/2024 15:16,,élevé,Ouvert,,,REF-248893
843c627f-c3c7-47c7-95b6-c589eef43ac8,COM-47400,USR-6167,NourritureEndommagée,"La nourriture était mal emballé, totalement immangeable.",5/31/2025 15:16,,élevé,Résolu,5/31/2025 17:16,MOD-8,REF-795209
8ed973f9-98dd-460a-a82c-74744af731c1,COM-62402,USR-2359,ArticleManquant,"Pas de pâtes, c'est inacceptable et frustrant !",8/15/2024 15:16,image_1451.jpg,élevé,Ouvert,,,REF-223111
fe9f62a2-b45d-4c8d-912e-4490ec9a376d,COM-12143,USR-1101,ArticleManquant,"Manque salade, service médiocre.",2/25/2025 15:16,,faible,Résolu,2/27/2025 9:16,MOD-2,REF-881276
d32de3d2-d4d7-42b6-b0f9-452afa87f9a9,COM-37677,USR-5721,ArticleManquant,"Pas de salade, c'est inacceptable et frustrant !",2/13/2025 15:16,,moyen,Résolu,2/15/2025 5:16,MOD-5,REF-803773
91954025-227d-4038-9191-be609940baeb,COM-14881,USR-8112,ArticleManquant,"sushi manquant, veuillez résoudre immédiatement.",7/26/2024 15:16,image_5416.jpg,élevé,Escaladé,,,REF-359279
f8954555-4a46-4925-acdb-babb98ca8ec1,COM-92021,USR-4610,MauvaiseQualité,"Qualité médiocre de pizza, très frustrant.",2/13/2025 15:16,image_6273.jpg,élevé,Résolu,2/15/2025 14:16,MOD-9,REF-417552
09bf8eb5-4c50-4f1d-8c65-5701355f6164,COM-47098,USR-7246,MauvaiseQualité,"sauce avait un goût moisi, expérience horrible.",5/20/2025 15:16,,élevé,Résolu,5/21/2025 9:16,MOD-3,REF-830814
8ec9e94e-fe47-46e5-bea1-85acddd74c3c,COM-61122,USR-2319,NourritureEndommagée,"pizza livré sans goût, c'est scandaleux et dangereux !",1/10/2025 15:16,,élevé,Ouvert,,,REF-688927
79ff6104-4ddb-45bc-a658-ee72d2c47589,COM-96596,USR-9533,CommandeErronée,"Petite erreur, j'ai reçu dessert au lieu de dessert.",2/25/2025 15:16,,faible,Escaladé,,,REF-115056
76d77a6d-bf33-4f8c-9af4-6e8e2118b428,COM-26510,USR-7238,MauvaiseQualité,"frites n'était pas terrible, qualité moyenne.",12/24/2024 15:16,image_9985.jpg,moyen,Escaladé,,,REF-928494
d4cda9ca-1c3c-4b67-8d2d-d18a68854a1e,COM-42607,USR-9764,ServiceClient,"Petit souci avec le support, mais acceptable.",12/3/2024 15:16,,faible,Escaladé,,,REF-817776
18874a3e-5ed8-443c-8a7f-5e2aaa4209da,COM-43402,USR-3690,ServiceClient,"Petit souci avec le support, mais acceptable.",10/11/2024 15:16,image_1237.jpg,moyen,Escaladé,,,REF-137695
50cc383f-6da6-4035-abeb-cf6b309957e9,COM-74651,USR-7931,ProblèmePaiement,"J'ai été facturé deux fois pour ma commande, c'est inacceptable !",7/11/2024 15:16,image_2683.jpg,élevé,Ouvert,,,REF-490417
3a7c46bb-4d0d-4ea2-af0d-17e8a70e7d7f,COM-47158,USR-5966,ArticleManquant,"Pas de sushi, c'est inacceptable et frustrant !",12/9/2024 15:16,,moyen,Escaladé,,,REF-753385
ea88bcee-6297-41fd-b0ee-520d1be9f0bf,COM-30045,USR-3686,CommandeErronée,"Commande incorrecte, mais le goût de burger était acceptable.",6/14/2025 15:16,,faible,Escaladé,,,REF-462544
b0ded324-3328-47dd-9901-5ab9bf2b3b5e,COM-60771,USR-1029,ProblèmePaiement,"Surfacturation de la commande, service client désastreux.",11/24/2024 15:16,,élevé,Résolu,11/25/2024 6:16,MOD-15,REF-718971
9883ce0c-6c63-4d78-8493-9c9bfb38990a,COM-96953,USR-4977,ServiceClient,"Réponse lente du service client, qualité médiocre.",10/9/2024 15:16,,faible,Escaladé,,,REF-858205
e58b7c63-5792-4411-a176-d40025cb6a79,COM-57122,USR-4935,ServiceClient,"Petit souci avec le support, mais acceptable.",2/14/2025 15:16,image_7400.jpg,moyen,Résolu,2/16/2025 3:16,MOD-5,REF-977960
db1d46bf-adee-4dca-839a-29dbac84a8aa,COM-68331,USR-3688,ProblèmePaiement,"Surfacturation de la commande, service client désastreux.",4/12/2025 15:16,image_4681.jpg,élevé,Ouvert,,,REF-154230
c7eda318-dd3b-4f9e-b529-93c1989121d1,COM-76965,USR-9225,ArticleManquant,"pâtes manquant, veuillez résoudre immédiatement.",2/1/2025 15:16,"image_1859.jpg,image_8442.jpg",élevé,Ouvert,,,REF-509367
2da74d48-3356-4bef-82bf-2f95d3801fa8,COM-16254,USR-1218,MauvaiseQualité,"frites était mal emballé, je ne commanderai plus.",1/10/2025 15:16,,faible,Escaladé,,,REF-175038
e1f49866-f586-42c9-8110-89d12421ca7a,COM-87128,USR-7639,LivraisonRetard,"Retard de 30 minutes, c'est scandaleux et dérangeant !",7/30/2024 15:16,,moyen,Résolu,7/30/2024 18:16,MOD-14,REF-486542
30f6dc86-de3b-4420-9bd2-efe21579553a,COM-34734,USR-4925,ArticleManquant,"Manque frites, service médiocre.",6/30/2025 15:16,image_7375.jpg,moyen,Escaladé,,,REF-558206
9a2a0c45-81e1-4a8a-b0a4-8101742d8337,COM-82691,USR-6535,MauvaiseQualité,"Le goût de dessert était un peu gâté, mais acceptable.",1/30/2025 15:16,image_6873.jpg,élevé,Résolu,1/31/2025 8:16,MOD-11,REF-376617
e49e1420-237a-46db-ae18-9bec427f589a,COM-91579,USR-7515,LivraisonRetard,"Livraison en retard de 2 heures, c'est gênant mais acceptable.",9/18/2024 15:16,image_3026.jpg,élevé,Résolu,9/19/2024 22:16,MOD-1,REF-222624
b073d7c8-fac2-43e7-b282-ebdcb7eeec94,COM-49099,USR-6591,ProblèmePaiement,"Petite erreur de facturation, mais gênante.",12/1/2024 15:16,,moyen,Résolu,12/1/2024 20:16,MOD-1,REF-939391
406f3bf5-cda6-47fb-ab43-942ed9487628,COM-38297,USR-1324,ProblèmePaiement,"Problème de paiement, remboursement requis immédiatement.",8/18/2024 15:16,,élevé,Ouvert,,,REF-865998
e7472bdc-a4a7-4303-be89-ed53cc0658f0,COM-91105,USR-5109,CommandeErronée,J'ai reçu burger au lieu de frites.,7/1/2025 15:16,,faible,Résolu,7/3/2025 10:16,MOD-18,REF-112843
8ae1a1e5-45e0-43fc-8210-54ee90f6caec,COM-69899,USR-3098,NourritureEndommagée,"Commande endommagée, boisson était légèrement froid.",9/7/2024 15:16,image_8822.jpg,moyen,Escaladé,,,REF-610424
3757eaba-d27e-4234-a2fb-984b528d7931,COM-29187,USR-1629,ProblèmePaiement,"Petite erreur de facturation, mais gênante.",10/27/2024 15:16,,moyen,Ouvert,,,REF-198084
c996ec51-7c9f-4d4e-a351-02d9a5bbcf02,COM-73665,USR-4451,MauvaiseQualité,"salade était gâté, totalement dégoûtant !",5/30/2025 15:16,image_5421.jpg,élevé,Ouvert,,,REF-763426
5875be35-0288-4ff0-beda-c1b115d529aa,COM-10406,USR-6647,ProblèmePaiement,"Problème mineur avec le paiement, veuillez vérifier.",5/3/2025 15:16,,moyen,Résolu,5/5/2025 8:16,MOD-15,REF-873933
69b6d532-2793-4699-9178-090d62422703,COM-91401,USR-3466,ArticleManquant,"Manque sauce, service médiocre.",11/16/2024 15:16,,faible,Escaladé,,,REF-154853
165d3b93-61eb-4e8a-ae86-11cf3e6acbc9,COM-71214,USR-2259,ArticleManquant,"Il manque pâtes dans ma commande, très décevant.",7/24/2024 15:16,image_8847.jpg,élevé,Ouvert,,,REF-780344
13056bd1-61b6-4bdf-8ee5-557978910bdc,COM-99376,USR-6161,NourritureEndommagée,"sauce livré sans goût, c'est scandaleux et dangereux !",4/17/2025 15:16,,élevé,Escaladé,,,REF-563820
975c83a3-6cda-4c10-8f35-d8d16ed2c3de,COM-12609,USR-1067,ServiceClient,"Service client injoignable, c'est insupportable !",6/27/2025 15:16,image_1178.jpg,élevé,Escaladé,,,REF-905078
985b48b3-54a9-4306-88ea-f30a4f8f275b,COM-67199,USR-5367,ServiceClient,"Mauvaise expérience avec le support, très décevant.",11/2/2024 15:16,,moyen,Résolu,11/3/2024 14:16,MOD-18,REF-487236
d87f2a49-66e5-4b21-a5d6-32e90c7952a6,COM-73435,USR-3337,ProblèmePaiement,"Erreur de facturation pour burger, très frustrant.",3/19/2025 15:16,image_9365.jpg,élevé,Escaladé,,,REF-519761
091ea259-88ae-4b10-b8c0-5aaf04a2300b,COM-85505,USR-8407,ServiceClient,"Mauvaise expérience avec le support, très décevant.",7/30/2024 15:16,,moyen,Ouvert,,,REF-519426
636e1622-fa4d-43f3-8a93-5311f26b2309,COM-92011,USR-9341,LivraisonRetard,"J'ai attendu 3 heures pour ma commande, très frustrant.",1/20/2025 15:16,image_7328.jpg,élevé,Escaladé,,,REF-453785
2600593c-0802-421a-90a7-4da0dd6ae023,COM-86827,USR-3470,MauvaiseQualité,"pizza était sans goût, totalement dégoûtant !",12/3/2024 15:16,,élevé,Ouvert,,,REF-410318
8a91b2d0-b292-48f0-8f6d-9d4c1e2163ab,COM-59540,USR-6936,ProblèmePaiement,"Problème de paiement, remboursement requis immédiatement.",2/16/2025 15:16,,élevé,Escaladé,,,REF-578697
8bce61cb-2562-4377-b70d-e0d699b97c72,COM-29437,USR-6524,NourritureEndommagée,"pizza était un peu trempé, mais mangeable.",4/1/2025 15:16,,faible,Escaladé,,,REF-107675
19d9e961-2e70-48f2-83ad-d217bd931d69,COM-27906,USR-2349,NourritureEndommagée,"sauce était brûlé, qualité inacceptable.",4/12/2025 15:16,,élevé,Résolu,4/12/2025 19:16,MOD-14,REF-774413
85c89327-9da4-48fa-815d-40ba3b85749b,COM-71438,USR-3685,NourritureEndommagée,"Tout était moisi, expérience catastrophique.",1/19/2025 15:16,,élevé,Ouvert,,,REF-532930
a52b6125-876d-41c8-b068-677a79e81c7c,COM-73445,USR-3670,NourritureEndommagée,"frites est arrivé brûlé, besoin d'un remplacement.",5/1/2025 15:16,image_6936.jpg,faible,Résolu,5/1/2025 22:16,MOD-18,REF-364866
8bb28c87-1798-4f74-a9a9-e419c15fa166,COM-23576,USR-7155,ServiceClient,"Service client injoignable, c'est insupportable !",12/11/2024 15:16,,élevé,Escaladé,,,REF-605627
7d43e35b-b6df-4b86-b994-da9188f699ac,COM-96238,USR-4371,MauvaiseQualité,"La nourriture était brûlé, pas à la hauteur.",3/18/2025 15:16,image_8731.jpg,faible,Résolu,3/19/2025 8:16,MOD-5,REF-279115
38dec869-1dca-41a6-a92b-42957323b763,COM-72537,USR-9450,CommandeErronée,"Mauvais article livré, sauce à la place de sauce.",7/25/2024 15:16,,faible,Escaladé,,,REF-674273
e54c8f6d-1c76-4817-9658-2e7ece231f6c,COM-75589,USR-9357,CommandeErronée,"Erreur sur ma commande : boisson au lieu de burger, très agaçant.",11/4/2024 15:16,,moyen,Résolu,11/4/2024 23:16,MOD-6,REF-831731
842dfdf0-b9e5-4763-a22f-25b42d964c59,COM-79486,USR-2474,ServiceClient,"Petit souci avec le support, mais acceptable.",5/9/2025 15:16,"image_4373.jpg,image_4342.jpg",moyen,Escaladé,,,REF-180508
67f4c493-150f-4e78-ab0e-b9315aa04b0f,COM-17235,USR-7112,MauvaiseQualité,"salade avait un goût gâté, expérience horrible.",10/15/2024 15:16,image_6833.jpg,élevé,Escaladé,,,REF-248764
a8ebdf3e-729d-472d-a325-0ae24796a6bb,COM-26138,USR-2087,ArticleManquant,Pourriez-vous vérifier pourquoi sauce n'était pas inclus ?,6/12/2025 15:16,,faible,Escaladé,,,REF-622446
31d180bf-5493-4475-a106-db9b9e77b8a9,COM-93182,USR-9826,LivraisonRetard,"Commande arrivée après 30 minutes, vraiment pas satisfait.",8/27/2024 15:16,,moyen,Escaladé,,,REF-669030
1567b3ca-e0a3-4e3b-b5f3-8b7c4a908d84,COM-83639,USR-8982,ServiceClient,"Petit souci avec le support, mais acceptable.",11/19/2024 15:16,image_4439.jpg,moyen,Résolu,11/20/2024 1:16,MOD-10,REF-450403
f26ee6e4-323c-4093-bbb3-a9fe9c51db70,COM-98023,USR-8854,LivraisonRetard,"Petit retard de 3 heures, mais la nourriture était correcte.",11/9/2024 15:16,,élevé,Résolu,11/10/2024 16:16,MOD-5,REF-350451
cd1ad52e-727d-49c6-aeed-52910848c75e,COM-43354,USR-2087,ServiceClient,"Mauvaise expérience avec le support, très décevant.",3/7/2025 15:16,"image_8924.jpg,image_7142.jpg",élevé,Ouvert,,,REF-592319
07fd33b6-a543-4a7b-b9c2-d0e01b02ebaa,COM-82075,USR-7659,ServiceClient,"Réponse lente du service client, qualité médiocre.",5/13/2025 15:16,,faible,Résolu,5/15/2025 13:16,MOD-20,REF-962440
1d02f1d7-7725-480c-bd65-d62b20a5237b,COM-65239,USR-2809,NourritureEndommagée,"sauce était un peu écrasé, mais mangeable.",2/18/2025 15:16,,faible,Ouvert,,,REF-263869
cc9aed36-13d9-4286-8d2a-724b0a978209,COM-16528,USR-4261,NourritureEndommagée,"La nourriture était moisi, totalement immangeable.",3/16/2025 15:16,,élevé,Escaladé,,,REF-699747
6d78ec8b-b8c8-4395-b63d-f34b8314136d,COM-95176,USR-4192,MauvaiseQualité,"pâtes était trempé, je ne commanderai plus.",12/6/2024 15:16,,faible,Résolu,12/7/2024 22:16,MOD-15,REF-593911
d5592179-e5bd-4f06-8456-a33a3d8765f2,COM-95424,USR-2405,ArticleManquant,"Petit souci, il manquait salade dans la commande.",2/26/2025 15:16,image_4063.jpg,faible,Ouvert,,,REF-735374
c65d8d8d-4f87-49a9-a83d-443c78567fc4,COM-93584,USR-4160,CommandeErronée,"Livré dessert, mais je voulais burger, c'est inacceptable.",9/9/2024 15:16,image_3044.jpg,moyen,Ouvert,,,REF-822124
9075f891-8664-40ba-b947-00da2cde51ab,COM-11817,USR-7228,LivraisonRetard,"Retard de 3 heures, c'est scandaleux et dérangeant !",8/6/2024 15:16,"image_6663.jpg,image_8618.jpg",élevé,Escaladé,,,REF-139150
71c32412-2d85-4391-b81f-befd6114a918,COM-78966,USR-6691,MauvaiseQualité,"Très mauvaise qualité de pâtes, immangeable.",10/6/2024 15:16,"image_5950.jpg,image_2210.jpg",élevé,Ouvert,,,REF-837940
d4fc3cee-b909-4fde-87aa-dcec27ac3c6f,COM-57134,USR-5178,MauvaiseQualité,"burger avait un goût mal emballé, expérience horrible.",11/20/2024 15:16,"image_8566.jpg,image_2862.jpg",élevé,Résolu,11/20/2024 21:16,MOD-7,REF-302334
ad087df3-bb5f-4d8a-90f2-0399f08224b8,COM-36991,USR-2135,ArticleManquant,"Il manque burger dans ma commande, très décevant.",2/25/2025 15:16,"image_5143.jpg,image_9266.jpg",élevé,Ouvert,,,REF-579540
f8281667-f9a6-4317-99cf-37b319c2af6a,COM-87265,USR-5528,CommandeErronée,"Erreur sur ma commande : frites au lieu de pâtes, très agaçant.",11/7/2024 15:16,,moyen,Résolu,11/9/2024 8:16,MOD-12,REF-186881
2b3afad5-ea5d-45cc-9965-e128a03b84c8,COM-75335,USR-4778,LivraisonRetard,"Retard de 90 minutes, c'est scandaleux et dérangeant !",12/15/2024 15:16,image_3302.jpg,élevé,Escaladé,,,REF-845100
36aa320f-eef8-4b6e-917b-668dac7b8ab1,COM-46483,USR-5889,ServiceClient,"Mauvaise expérience avec le support, très décevant.",5/28/2025 15:16,"image_8190.jpg,image_3827.jpg",élevé,Résolu,5/30/2025 2:16,MOD-17,REF-504376
0e9486f2-7635-4e1e-a73b-b120f77c6bb9,COM-95221,USR-4355,CommandeErronée,"J'ai commandé dessert, mais j'ai reçu boisson.",5/3/2025 15:16,image_4325.jpg,faible,Escaladé,,,REF-354963
7d2a948f-823a-42a6-92f9-4af4c6c65f7a,COM-85359,USR-2858,ArticleManquant,"Commande incomplète, frites non livré.",2/17/2025 15:16,image_6100.jpg,faible,Ouvert,,,REF-806116
756f3193-b770-4652-ba92-c618597fcf42,COM-12221,USR-4757,MauvaiseQualité,"dessert était froid, totalement dégoûtant !",12/3/2024 15:16,,élevé,Résolu,12/5/2024 9:16,MOD-7,REF-616804
fe2c8391-948a-469f-9c33-3bec578b85dc,COM-34581,USR-5937,LivraisonRetard,"Retard de 30 minutes, c'est scandaleux et dérangeant !",5/29/2025 15:16,,moyen,Résolu,5/29/2025 18:16,MOD-4,REF-180863
2fac04d1-1c23-4635-a2f7-5a5573a38654,COM-31724,USR-8485,CommandeErronée,"Commande incorrecte, mais le goût de sushi était acceptable.",7/3/2024 15:16,image_1367.jpg,moyen,Résolu,7/5/2024 11:16,MOD-15,REF-232891
e380bd23-e63e-4b35-a4be-763d4cb4d400,COM-64598,USR-9971,MauvaiseQualité,"pâtes n'était pas terrible, qualité moyenne.",10/26/2024 15:16,,faible,Ouvert,,,REF-325451
11009c6f-d244-494f-b097-01626626e692,COM-68410,USR-5228,LivraisonRetard,"Commande arrivée après 2 heures, vraiment pas satisfait.",9/15/2024 15:16,,élevé,Ouvert,,,REF-385619
bd8cbfc8-fb44-4da1-9567-8c022bdaf7ba,COM-72099,USR-6911,CommandeErronée,"J'ai commandé pâtes, mais j'ai reçu boisson.",11/6/2024 15:16,,faible,Escaladé,,,REF-234207
0d473ed1-942d-4818-9f91-81877b526636,COM-74001,USR-2396,NourritureEndommagée,"La commande était sans goût, très déçu.",10/4/2024 15:16,image_6585.jpg,faible,Résolu,10/5/2024 0:16,MOD-8,REF-582222
2c478030-5a4e-45f9-802d-1d65d60402e6,COM-77284,USR-8285,ProblèmePaiement,"J'ai été facturé deux fois pour ma commande, c'est inacceptable !",12/21/2024 15:16,,élevé,Escaladé,,,REF-896722
9dcb48a7-321b-4c39-9019-12d5967b2926,COM-93537,USR-1228,ProblèmePaiement,"J'ai été facturé deux fois pour ma commande, c'est inacceptable !",7/1/2024 15:16,,élevé,Résolu,7/3/2024 14:16,MOD-9,REF-610376
0aef3612-400e-463b-bb68-e35c2926975f,COM-25522,USR-1867,ArticleManquant,"pizza manquant, veuillez résoudre immédiatement.",3/4/2025 15:16,,moyen,Résolu,3/5/2025 20:16,MOD-16,REF-833760
79167322-5c51-4c4a-8997-f7b58e9ec8fb,COM-93094,USR-4510,LivraisonRetard,"La commande a été livrée avec 90 minutes de retard, la nourriture était froide.",6/20/2025 15:16,,moyen,Ouvert,,,REF-525973
53418dad-ed09-4099-8d41-0902752c7456,COM-86431,USR-9032,NourritureEndommagée,"dessert est arrivé gâté, besoin d'un remplacement.",3/7/2025 15:16,image_8572.jpg,élevé,Résolu,3/8/2025 16:16,MOD-12,REF-357364
fd2026b3-b789-414b-adfb-b926d66def2f,COM-19094,USR-6739,CommandeErronée,"Erreur sur ma commande : pâtes au lieu de sandwich, très agaçant.",3/30/2025 15:16,,moyen,Résolu,3/31/2025 9:16,MOD-18,REF-793993
912ad626-7d2e-49b3-a393-ce263c83c9ea,COM-79528,USR-6442,MauvaiseQualité,"Le goût de sushi était un peu mal emballé, mais acceptable.",8/27/2024 15:16,,faible,Ouvert,,,REF-929796
cbfd1200-3480-45c5-9efd-ed74fcd5956a,COM-72986,USR-3264,MauvaiseQualité,"Très mauvaise qualité de salade, immangeable.",6/1/2025 15:16,image_9516.jpg,élevé,Escaladé,,,REF-356935
4429f6c9-c926-4c7b-bdba-25c3f2609a56,COM-56450,USR-3472,ServiceClient,"Mauvaise expérience avec le support, très décevant.",2/22/2025 15:16,image_6618.jpg,élevé,Résolu,2/23/2025 12:16,MOD-15,REF-412031
a4b269b5-19b4-47ba-8945-36fed02382e0,COM-96081,USR-3175,ServiceClient,"Réponse lente du service client, qualité médiocre.",12/5/2024 15:16,image_2569.jpg,moyen,Ouvert,,,REF-871416
a73a075f-f086-4b88-88f4-f215f215cd28,COM-12892,USR-1227,MauvaiseQualité,"La nourriture était froid, pas à la hauteur.",7/4/2024 15:16,,faible,Ouvert,,,REF-792453
6da75ad3-0a95-4df5-b9dc-cedaa1afe5a0,COM-42274,USR-9338,LivraisonRetard,"Commande arrivée après 30 minutes, vraiment pas satisfait.",12/10/2024 15:16,,moyen,Résolu,12/10/2024 21:16,MOD-11,REF-903071
a1493595-2a8e-4fa0-8a3d-64928d74e885,COM-53786,USR-2313,ProblèmePaiement,"Erreur de facturation pour burger, très frustrant.",2/16/2025 15:16,image_2661.jpg,élevé,Ouvert,,,REF-562748
26d59d18-9a39-4078-be6f-0ce5cadc7185,COM-65801,USR-5234,ArticleManquant,"sauce manquant, veuillez résoudre immédiatement.",6/27/2025 15:16,image_2984.jpg,élevé,Escaladé,,,REF-143019
74552d48-f012-4ad3-9b39-1d50f18341cf,COM-81586,USR-3369,CommandeErronée,"J'ai commandé boisson, mais j'ai reçu dessert.",6/3/2025 15:16,image_2092.jpg,faible,Ouvert,,,REF-229604
e26f2c82-a7e3-4207-8d07-30eeeea246fd,COM-70804,USR-4224,ProblèmePaiement,"Surfacturation de la commande, service client désastreux.",6/5/2025 15:16,image_8029.jpg,élevé,Résolu,6/6/2025 22:16,MOD-8,REF-785084
ad397838-df4f-4b93-8c3f-3c98fe989f43,COM-39687,USR-4723,MauvaiseQualité,"Le goût de frites était un peu moisi, mais acceptable.",4/27/2025 15:16,,élevé,Ouvert,,,REF-187131
8cb2cfb7-7026-4388-9ad4-25a0bbcbe305,COM-97421,USR-9993,ProblèmePaiement,"Problème mineur avec le paiement, veuillez vérifier.",5/20/2025 15:16,,moyen,Résolu,5/21/2025 14:16,MOD-4,REF-463128
41328e91-155d-4967-86a1-b97bbcf86242,COM-36314,USR-2970,ServiceClient,"Réponse lente du service client, qualité médiocre.",8/28/2024 15:16,,faible,Ouvert,,,REF-303993
7225ecb0-26bf-46d7-bea3-de34dcd99c28,COM-44631,USR-6376,MauvaiseQualité,"sushi avait un goût brûlé, expérience horrible.",11/10/2024 15:16,image_9607.jpg,élevé,Ouvert,,,REF-183953
86af7bc0-bb76-4e4f-91dd-c5f3996f06b1,COM-94881,USR-5968,NourritureEndommagée,"frites livré trempé, c'est scandaleux et dangereux !",11/14/2024 15:16,"image_1728.jpg,image_3019.jpg",élevé,Ouvert,,,REF-889478
4ef48ccd-f09f-441e-bcd2-c93fa4de0b53,COM-50454,USR-8688,MauvaiseQualité,"La nourriture était mal emballé, pas à la hauteur.",7/10/2024 15:16,,faible,Escaladé,,,REF-776146
07df29fc-7eaf-4b02-b066-968163073bac,COM-36160,USR-6459,LivraisonRetard,"La commande a été livrée avec 2 heures de retard, la nourriture était froide.",12/11/2024 15:16,,élevé,Ouvert,,,REF-448452
74c2a451-1cd5-4bee-98f1-feb3632ecf6d,COM-78345,USR-1124,MauvaiseQualité,"Qualité médiocre de boisson, très frustrant.",1/20/2025 15:16,"image_1978.jpg,image_4037.jpg",élevé,Ouvert,,,REF-241848
3143260c-85e1-4007-9dda-2fb7a3409ee1,COM-67392,USR-4599,ProblèmePaiement,"Petite erreur de facturation, mais gênante.",9/11/2024 15:16,image_9264.jpg,élevé,Escaladé,,,REF-481179
b42ee2eb-aacb-49c7-b8c6-437da164cb2c,COM-86420,USR-4165,ServiceClient,"Petit souci avec le support, mais acceptable.",3/18/2025 15:16,,faible,Résolu,3/19/2025 2:16,MOD-3,REF-223891
9bcb2c2c-ab56-430e-b66e-7821a3eb8490,COM-41134,USR-7004,ProblèmePaiement,"Problème mineur avec le paiement, veuillez vérifier.",1/10/2025 15:16,image_3316.jpg,élevé,Ouvert,,,REF-545763
30dbf697-07c2-4d44-a28f-e106f9dac1df,COM-45983,USR-4785,ProblèmePaiement,"Erreur de facturation pour dessert, très frustrant.",6/14/2025 15:16,image_2346.jpg,élevé,Ouvert,,,REF-316212
93894030-4dfa-4343-88f4-6797b5df0fc8,COM-71137,USR-8232,CommandeErronée,"Commande incorrecte, mais le goût de sushi était acceptable.",10/24/2024 15:16,,faible,Résolu,10/24/2024 23:16,MOD-19,REF-384923
d8c12b7d-f35b-4145-bb34-4307b75304fd,COM-24137,USR-7313,ArticleManquant,"Manque frites, service médiocre.",12/8/2024 15:16,,faible,Ouvert,,,REF-824234
4537afe7-3e72-4eb8-8a1e-a358d78d1901,COM-96415,USR-3655,ProblèmePaiement,"Petite erreur de facturation, mais gênante.",6/1/2025 15:16,image_7840.jpg,élevé,Escaladé,,,REF-629263
ce01aa7f-00ea-4d46-a5b5-958bba6565c6,COM-77104,USR-3157,MauvaiseQualité,"pizza était froid, totalement dégoûtant !",1/10/2025 15:16,,élevé,Escaladé,,,REF-432139
a567c8b5-6c3e-4906-b617-01fd885ef6e7,COM-50673,USR-3749,NourritureEndommagée,"sushi livré moisi, c'est scandaleux et dangereux !",9/6/2024 15:16,image_8525.jpg,élevé,Résolu,9/8/2024 0:16,MOD-6,REF-593545
f8f6a188-4171-40ee-be29-0ee4adb7fad0,COM-57858,USR-3315,ServiceClient,"Mauvaise expérience avec le support, très décevant.",2/16/2025 15:16,image_8217.jpg,élevé,Escaladé,,,REF-977672
8f9941c3-6469-4123-9815-8a6a0a57a084,COM-19091,USR-6706,ProblèmePaiement,"Surfacturation de la commande, service client désastreux.",7/1/2024 15:16,,élevé,Ouvert,,,REF-265715
88e09fb2-6c64-4e78-9013-a519f3ff6ff1,COM-21389,USR-1417,MauvaiseQualité,"La nourriture était brûlé, pas à la hauteur.",9/12/2024 15:16,image_2655.jpg,faible,Résolu,9/13/2024 10:16,MOD-18,REF-882838
a29b801b-9b7c-4484-9da4-bf03d402ff02,COM-57789,USR-9163,LivraisonRetard,"Livraison en retard de 90 minutes, c'est gênant mais acceptable.",11/2/2024 15:16,image_1208.jpg,élevé,Ouvert,,,REF-766760
1738be21-c881-444d-8312-31d7f1b53f35,COM-84554,USR-6195,MauvaiseQualité,"Qualité médiocre de sandwich, très frustrant.",9/16/2024 15:16,,moyen,Résolu,9/16/2024 18:16,MOD-8,REF-490677
f8fad766-e6b0-4712-b7b6-46eeea612692,COM-88864,USR-5726,ProblèmePaiement,"Petite erreur de facturation, mais gênante.",8/4/2024 15:16,"image_5298.jpg,image_5519.jpg",élevé,Ouvert,,,REF-670387
bb550769-6f4a-4c6e-b332-5db701368a44,COM-91770,USR-6242,ProblèmePaiement,"Petite erreur de facturation, mais gênante.",7/9/2024 15:16,,moyen,Résolu,7/10/2024 5:16,MOD-15,REF-621414
8ee803d7-39cc-4b6f-88a5-700a98404d07,COM-71027,USR-5245,ProblèmePaiement,"Problème mineur avec le paiement, veuillez vérifier.",12/3/2024 15:16,image_1777.jpg,élevé,Ouvert,,,REF-226689
c01a3b30-b0b2-4153-9345-1cab0fe857c9,COM-47307,USR-1058,LivraisonRetard,"Livraison retardée de 2 heures, totalement inacceptable !",12/1/2024 15:16,,élevé,Escaladé,,,REF-610070
8731a1b8-acf1-45ca-b3a3-4dccb01d9e46,COM-33505,USR-6850,NourritureEndommagée,"La nourriture était moisi, totalement immangeable.",7/31/2024 15:16,,élevé,Résolu,8/1/2024 19:16,MOD-16,REF-233944
773fb754-4bf6-41cd-932f-d3e1b1224fa6,COM-18561,USR-7735,CommandeErronée,"Petite erreur, j'ai reçu boisson au lieu de pizza.",7/12/2024 15:16,"image_2713.jpg,image_7079.jpg",faible,Résolu,7/13/2024 1:16,MOD-13,REF-498548
a6bc9f11-f3a7-4e63-9216-9cb52819ee32,COM-84868,USR-7349,ServiceClient,"Réponse lente du service client, qualité médiocre.",7/25/2024 15:16,,faible,Ouvert,,,REF-811072
fa238ac1-e5c5-4136-85b7-c09fdd47e7f5,COM-52375,USR-6130,ServiceClient,"Mauvaise expérience avec le support, très décevant.",3/18/2025 15:16,,moyen,Résolu,3/20/2025 15:16,MOD-11,REF-267701
64376ff7-a45f-4e8d-b13b-a23d76cc34a6,COM-17796,USR-1650,ProblèmePaiement,"Petite erreur de facturation, mais gênante.",1/5/2025 15:16,,moyen,Escaladé,,,REF-190460
fbe0a17b-fafb-4672-820c-a2f0641d4be9,COM-59146,USR-8615,CommandeErronée,"Livré sauce, mais je voulais pâtes, c'est inacceptable.",5/3/2025 15:16,"image_2709.jpg,image_2901.jpg",moyen,Ouvert,,,REF-781470
23677cc2-b3e6-4c29-a9dc-1dc80a78ce19,COM-71719,USR-5898,ServiceClient,"Service client injoignable, c'est insupportable !",7/25/2024 15:16,image_4723.jpg,élevé,Escaladé,,,REF-996254
48bba884-9228-446f-b99d-81f928fbbaba,COM-66083,USR-4677,ProblèmePaiement,"Problème mineur avec le paiement, veuillez vérifier.",3/27/2025 15:16,image_9708.jpg,élevé,Escaladé,,,REF-259722
7896d25a-d03c-4030-a33d-dd1215fba66d,COM-95865,USR-8080,LivraisonRetard,"La nourriture est arrivée avec 2 heures de retard, service décevant.",11/23/2024 15:16,,élevé,Ouvert,,,REF-432325
481f553b-647a-4e1d-b98d-45e21b26bbe5,COM-75466,USR-7455,NourritureEndommagée,"sushi était froid, qualité inacceptable.",7/2/2024 15:16,"image_2161.jpg,image_6810.jpg",élevé,Ouvert,,,REF-223556
5378f3aa-920b-429c-94d2-f58f77050e8f,COM-40848,USR-6932,ArticleManquant,"Manque sushi, service médiocre.",2/12/2025 15:16,,faible,Escaladé,,,REF-805458
e82b4c50-58e7-4685-b82f-2dcec752240c,COM-56670,USR-7424,LivraisonRetard,"La nourriture est arrivée avec 1 heure de retard, service décevant.",9/21/2024 15:16,,moyen,Ouvert,,,REF-414965
c2f2e5c0-1abb-494c-bad8-a4948d6d894b,COM-95169,USR-4437,CommandeErronée,"Commande erronée livrée, j'ai eu pizza et non boisson.",2/8/2025 15:16,,faible,Escaladé,,,REF-786882
a0632ef0-5f95-4b8c-8f29-13cfd09597db,COM-37843,USR-8140,NourritureEndommagée,"Commande endommagée, pâtes était légèrement écrasé.",5/12/2025 15:16,image_4806.jpg,faible,Ouvert,,,REF-237871
a55f7a9c-96f1-4387-9802-ee02ed3ef358,COM-65328,USR-9243,ArticleManquant,"Petit souci, il manquait sandwich dans la commande.",11/21/2024 15:16,,faible,Ouvert,,,REF-131804
eb93790f-1d61-47ec-8305-b885f94903fd,COM-32088,USR-2075,CommandeErronée,"Commande erronée livrée, j'ai eu pâtes et non frites.",3/30/2025 15:16,"image_1480.jpg,image_3792.jpg",faible,Escaladé,,,REF-681594
ca01f7df-eddb-4182-a967-515b8504c8f4,COM-25398,USR-8547,ArticleManquant,"Manque pizza, service médiocre.",11/28/2024 15:16,,faible,Escaladé,,,REF-528948
0ec7a39f-b888-4111-8997-715e4330fe4e,COM-10994,USR-2314,NourritureEndommagée,"La commande était brûlé, très déçu.",7/17/2024 15:16,image_9974.jpg,faible,Escaladé,,,REF-921390
28ebdc9d-de73-4093-99f7-8a7cdf30b5ae,COM-71093,USR-9448,ArticleManquant,"frites manquant, veuillez résoudre immédiatement.",3/9/2025 15:16,,moyen,Ouvert,,,REF-973024
bc2035ec-23db-4a22-a7cf-8bab292f1343,COM-94164,USR-4775,CommandeErronée,"Commande incorrecte, mais le goût de burger était acceptable.",9/11/2024 15:16,,faible,Escaladé,,,REF-237370
1d629f17-3a9b-4e18-8c48-a0392587cb55,COM-41592,USR-4725,NourritureEndommagée,"burger est arrivé gâté, besoin d'un remplacement.",5/31/2025 15:16,image_3910.jpg,élevé,Résolu,6/1/2025 0:16,MOD-1,REF-624561
9a1454fd-8aaa-46c2-b45b-f33a3c92f75b,COM-95515,USR-8971,NourritureEndommagée,"sauce était un peu brûlé, mais mangeable.",10/31/2024 15:16,,faible,Escaladé,,,REF-893416
55b51511-770b-491d-83fc-bb0a3741960a,COM-94821,USR-5701,CommandeErronée,"Commande incorrecte, mais le goût de boisson était acceptable.",3/19/2025 15:16,,faible,Résolu,3/20/2025 16:16,MOD-18,REF-424445
d620d3c6-8cf4-49c0-b359-44037cd81262,COM-22306,USR-9860,LivraisonRetard,"Livraison retardée de 3 heures, totalement inacceptable !",10/5/2024 15:16,image_4141.jpg,élevé,Ouvert,,,REF-322756
3fedbc62-f1e3-487c-b6d7-2a0e979e0a0a,COM-84861,USR-2659,CommandeErronée,"Commande erronée livrée, j'ai eu salade et non dessert.",11/3/2024 15:16,,faible,Escaladé,,,REF-133769
f5b8b33b-7beb-4228-9f16-5714ecffe0c5,COM-68696,USR-8248,CommandeErronée,"Mauvais article livré, sushi à la place de salade.",6/5/2025 15:16,,faible,Ouvert,,,REF-442906
3c7f1e68-7a0c-4997-9dfe-514f8dab95ad,COM-30081,USR-3868,CommandeErronée,"Erreur sur ma commande : sauce au lieu de salade, très agaçant.",5/15/2025 15:16,image_6128.jpg,élevé,Ouvert,,,REF-952883
d37e1d6a-12cc-4aa3-8461-413ea688dffd,COM-73244,USR-3178,ProblèmePaiement,"Problème mineur avec le paiement, veuillez vérifier.",10/4/2024 15:16,,moyen,Ouvert,,,REF-588834
c4410235-45ac-4032-b780-ac642101cf78,COM-85060,USR-8671,CommandeErronée,J'ai reçu burger au lieu de boisson.,7/12/2024 15:16,"image_7446.jpg,image_9561.jpg",faible,Escaladé,,,REF-213398
b2baecf7-2c38-4e05-a924-57ae42df4d8b,COM-66078,USR-8164,ServiceClient,"Mauvaise expérience avec le support, très décevant.",3/18/2025 15:16,,moyen,Escaladé,,,REF-357750
3f2e520a-309c-4bac-b339-91f47fddadd3,COM-93289,USR-5968,ProblèmePaiement,"Problème mineur avec le paiement, veuillez vérifier.",7/24/2024 15:16,"image_6949.jpg,image_7164.jpg",élevé,Escaladé,,,REF-398685
2ced3e50-87e8-48db-81cc-3b88ecfd120b,COM-84698,USR-2780,ArticleManquant,"Petit souci, il manquait boisson dans la commande.",1/18/2025 15:16,image_8251.jpg,faible,Ouvert,,,REF-480323
d1cfc45d-fc41-48fe-bcd6-629b8ea1205f,COM-32589,USR-5485,ServiceClient,"Service client correct, mais pourrait être plus rapide.",6/11/2025 15:16,,faible,Escaladé,,,REF-812723
742260a5-c124-45e8-9a7f-3338a8ed855e,COM-95576,USR-3254,ServiceClient,"Service client injoignable, c'est insupportable !",11/14/2024 15:16,,élevé,Résolu,11/15/2024 17:16,MOD-3,REF-386494
8042eb6c-4c07-4c47-b6ed-9caf19ce7363,COM-54402,USR-4690,MauvaiseQualité,"dessert était trempé, je ne commanderai plus.",6/29/2025 15:16,,faible,Ouvert,,,REF-782988
64b845ed-e7a6-4741-93ef-10876bd80eec,COM-15447,USR-8746,ProblèmePaiement,"Petite erreur de facturation, mais gênante.",5/23/2025 15:16,image_4681.jpg,élevé,Ouvert,,,REF-795299
acaf1bcd-c8f4-4da2-b34c-3559cbaeb3ce,COM-40459,USR-8774,LivraisonRetard,"Retard de 3 heures, c'est scandaleux et dérangeant !",7/1/2025 15:16,image_3755.jpg,élevé,Résolu,7/3/2025 3:16,MOD-3,REF-313540
cb4f587d-5ccc-4990-90c0-b26522371b0c,COM-31656,USR-8633,CommandeErronée,"Mauvais article livré, pâtes à la place de dessert.",3/29/2025 15:16,image_6002.jpg,faible,Résolu,3/29/2025 23:16,MOD-7,REF-589182
cb5bae74-b568-4b60-b1fc-a073e1c4bc07,COM-46182,USR-8913,LivraisonRetard,"Livraison retardée de 2 heures, totalement inacceptable !",7/16/2024 15:16,,élevé,Ouvert,,,REF-409894
883d3de7-b298-49ca-9953-500ef8de22ca,COM-79270,USR-5078,ServiceClient,"Service client correct, mais pourrait être plus rapide.",6/10/2025 15:16,"image_3179.jpg,image_3212.jpg",moyen,Résolu,6/12/2025 5:16,MOD-3,REF-474012
cbb8ec48-7750-4a64-8440-9e6cdcd69309,COM-58168,USR-4558,ArticleManquant,"Je n'ai pas reçu boisson, besoin d'un remboursement.",8/9/2024 15:16,image_9633.jpg,faible,Résolu,8/10/2024 4:16,MOD-5,REF-270152
446378fa-e92a-4277-8087-a44871fee74c,COM-38680,USR-2181,NourritureEndommagée,"dessert livré moisi, c'est scandaleux et dangereux !",5/4/2025 15:16,image_2568.jpg,élevé,Ouvert,,,REF-544990
6ab1e908-90e7-4cff-a9b7-10fedd4c1bf8,COM-55669,USR-5449,ServiceClient,"Mauvaise expérience avec le support, très décevant.",5/16/2025 15:16,,moyen,Escaladé,,,REF-784189
3e134161-dfcf-443e-a73b-b5a42be0fc0e,COM-69917,USR-8001,MauvaiseQualité,"La nourriture était moisi, pas à la hauteur.",8/17/2024 15:16,,élevé,Ouvert,,,REF-372627
bdc70e29-12d8-4274-af69-0f0e80bcd5e9,COM-97378,USR-3823,ArticleManquant,"Commande incomplète, sandwich non livré.",10/6/2024 15:16,"image_2623.jpg,image_3647.jpg",faible,Escaladé,,,REF-485595
bc902e48-dbcc-4642-a28c-396b665c7ce2,COM-53655,USR-7010,NourritureEndommagée,"dessert était écrasé, qualité inacceptable.",8/26/2024 15:16,,élevé,Ouvert,,,REF-780239
805c83b2-d61c-4358-9ec8-1e1f40bee2d1,COM-59404,USR-3610,LivraisonRetard,"Petit retard de 1 heure, mais la nourriture était correcte.",6/4/2025 15:16,,moyen,Résolu,6/4/2025 20:16,MOD-17,REF-668007
ad204052-ae7c-4615-8c3b-1a955d0b6591,COM-62522,USR-6916,ServiceClient,"Mauvaise expérience avec le support, très décevant.",7/8/2024 15:16,,moyen,Résolu,7/9/2024 10:16,MOD-16,REF-916335
73b54ebf-f606-443d-b813-e6cfb9a794dc,COM-76189,USR-5264,ProblèmePaiement,"Problème de paiement, remboursement requis immédiatement.",5/24/2025 15:16,,élevé,Escaladé,,,REF-723444
d676512d-4712-4d8a-b0bb-3836db16c69b,COM-92850,USR-5784,ProblèmePaiement,"J'ai été facturé deux fois pour ma commande, c'est inacceptable !",9/30/2024 15:16,,élevé,Ouvert,,,REF-258626
cba39592-359c-462a-ac2b-b67a2ce73017,COM-12934,USR-8065,MauvaiseQualité,"frites était froid, je ne commanderai plus.",9/29/2024 15:16,,faible,Escaladé,,,REF-248823
d83fcc9b-c8c5-4710-b5b8-c3376a94ee58,COM-18242,USR-2078,MauvaiseQualité,"Très mauvaise qualité de burger, immangeable.",12/17/2024 15:16,,élevé,Escaladé,,,REF-208285
28671fa3-5092-4d77-b032-ad3b4fd1c0dd,COM-49095,USR-3637,LivraisonRetard,"La commande a été livrée avec 30 minutes de retard, la nourriture était froide.",5/16/2025 15:16,image_5179.jpg,moyen,Escaladé,,,REF-107027
f76871ec-7e18-47ce-9855-62605585bbe3,COM-65692,USR-8465,ServiceClient,"Petit souci avec le support, mais acceptable.",6/29/2025 15:16,image_8207.jpg,moyen,Escaladé,,,REF-635578
5b7593e6-6618-49b6-8464-191b4336ef72,COM-90554,USR-9029,ArticleManquant,"sandwich manquant, veuillez résoudre immédiatement.",6/13/2025 15:16,,moyen,Résolu,6/14/2025 16:16,MOD-9,REF-102546
9d387081-1b80-44b0-9945-e3342b64bdcb,COM-78509,USR-9172,ProblèmePaiement,"Problème mineur avec le paiement, veuillez vérifier.",11/29/2024 15:16,,moyen,Ouvert,,,REF-684865
9867de3a-fa0f-457f-8559-2f617c18ffce,COM-59366,USR-4372,NourritureEndommagée,"La commande était mal emballé, très déçu.",3/28/2025 15:16,,faible,Ouvert,,,REF-583352
d029edbb-9e24-4756-8333-fa6ae4d930ca,COM-98433,USR-7928,LivraisonRetard,"J'ai attendu 3 heures pour ma commande, très frustrant.",1/18/2025 15:16,image_3326.jpg,élevé,Escaladé,,,REF-233633
e54427a1-3c67-4df0-a118-189e94d75f98,COM-94658,USR-4676,CommandeErronée,"Erreur sur ma commande : sandwich au lieu de frites, très agaçant.",2/1/2025 15:16,"image_6193.jpg,image_8010.jpg",élevé,Ouvert,,,REF-420297
95384464-3848-4263-a159-684fffbe45da,COM-69514,USR-5887,LivraisonRetard,"Livraison retardée de 90 minutes, totalement inacceptable !",8/8/2024 15:16,,moyen,Escaladé,,,REF-763919
88b2a3b5-4d64-4f8f-b6f2-e9d33b058a97,COM-11650,USR-5971,ServiceClient,"Service client injoignable, c'est insupportable !",7/24/2024 15:16,,élevé,Escaladé,,,REF-515871
8626dc09-32cc-4ebd-8990-3089cf0b246a,COM-77957,USR-8773,ServiceClient,"Réponse lente du service client, qualité médiocre.",1/10/2025 15:16,,faible,Escaladé,,,REF-715734
4b8f14a0-ed6f-4c4b-b72e-e6350c9eecf5,COM-50588,USR-3201,CommandeErronée,"Mauvais article livré, frites à la place de burger.",4/15/2025 15:16,,faible,Escaladé,,,REF-666850
5d3804e2-5fd6-46d5-be80-fa7e17d42a62,COM-84532,USR-9209,LivraisonRetard,"J'ai attendu 30 minutes pour ma commande, très frustrant.",10/8/2024 15:16,,moyen,Résolu,10/9/2024 21:16,MOD-3,REF-943771
b16ec2ba-bdfe-48a8-8083-0eb4931faeda,COM-73496,USR-3385,LivraisonRetard,"J'ai attendu 2 heures pour ma commande, très frustrant.",8/4/2024 15:16,image_3131.jpg,élevé,Ouvert,,,REF-228356
217c2521-0a2f-492e-8ded-2667bfb30698,COM-15137,USR-5751,ServiceClient,"Service client injoignable, c'est insupportable !",8/28/2024 15:16,,élevé,Escaladé,,,REF-255993
82468888-6103-4853-8eec-1106bafa03ff,COM-89605,USR-4180,ArticleManquant,Pourriez-vous vérifier pourquoi pâtes n'était pas inclus ?,11/6/2024 15:16,image_8995.jpg,faible,Ouvert,,,REF-426425
3a00632a-8da6-48cf-a040-4c8f47f61510,COM-84700,USR-2072,CommandeErronée,"Mauvais article livré, pâtes à la place de sandwich.",10/19/2024 15:16,,faible,Escaladé,,,REF-594785
e55b5232-f48b-4e89-8132-f2b5939f0f78,COM-78465,USR-8830,NourritureEndommagée,"La commande était trempé, très déçu.",9/16/2024 15:16,,faible,Ouvert,,,REF-777027
22b1f785-f0f9-4b9b-b1c0-e2e097dbee5a,COM-74540,USR-4068,ServiceClient,"Le service client n'a pas résolu mon problème, frustrant.",8/25/2024 15:16,,moyen,Résolu,8/26/2024 16:16,MOD-2,REF-960206
ec65fe98-df89-4fb2-bd93-4a4842d08e45,COM-86031,USR-4631,ArticleManquant,Pourriez-vous vérifier pourquoi pâtes n'était pas inclus ?,3/15/2025 15:16,,faible,Résolu,3/15/2025 22:16,MOD-17,REF-611470
133eb604-b8bd-491a-94b1-440f4a556e10,COM-12579,USR-7144,ProblèmePaiement,"Erreur de facturation pour burger, très frustrant.",3/22/2025 15:16,,moyen,Escaladé,,,REF-318832
731d3bf6-98a6-425f-9368-e5aeb860d098,COM-30755,USR-6930,ProblèmePaiement,"J'ai été facturé deux fois pour ma commande, c'est inacceptable !",2/6/2025 15:16,image_7916.jpg,élevé,Résolu,2/8/2025 8:16,MOD-6,REF-461233
0dab7247-24f2-478f-aad4-bdbf8ed98e6e,COM-93421,USR-1001,MauvaiseQualité,"pizza avait un goût sans goût, expérience horrible.",9/23/2024 15:16,image_4337.jpg,élevé,Escaladé,,,REF-208415
446a0bca-11dd-416a-811a-0b725004e717,COM-27259,USR-1233,ArticleManquant,"sushi manquant, veuillez résoudre immédiatement.",12/23/2024 15:16,"image_5795.jpg,image_1250.jpg",élevé,Escaladé,,,REF-740372
e7c4806a-b349-41c8-83f8-6510f1d40505,COM-29775,USR-3017,CommandeErronée,"Livré sauce, mais je voulais dessert, c'est inacceptable.",2/15/2025 15:16,,faible,Ouvert,,,REF-860297
67e22484-3662-4d15-b979-475f0287ba4d,COM-29710,USR-9268,ProblèmePaiement,"Petite erreur de facturation, mais gênante.",8/22/2024 15:16,,moyen,Escaladé,,,REF-227072
e45be99c-8610-42e8-9935-bb3b59c11879,COM-79103,USR-9227,NourritureEndommagée,"sandwich était un peu gâté, mais mangeable.",1/6/2025 15:16,,élevé,Escaladé,,,REF-592087
ce893e0b-a393-485d-8193-7edcc7fad438,COM-78221,USR-2784,CommandeErronée,"Livré sushi, mais je voulais burger, c'est inacceptable.",12/7/2024 15:16,image_5701.jpg,moyen,Résolu,12/9/2024 1:16,MOD-18,REF-788190
aae2afe3-0394-4b9b-ab4c-b5bcc4e0cf6b,COM-76311,USR-9715,NourritureEndommagée,"burger était un peu écrasé, mais mangeable.",12/20/2024 15:16,,faible,Résolu,12/21/2024 23:16,MOD-20,REF-700069
3e8113f0-07db-4d3b-b3e4-5a976e185011,COM-63492,USR-6875,MauvaiseQualité,"boisson n'était pas terrible, qualité moyenne.",7/30/2024 15:16,,faible,Ouvert,,,REF-663115
69f72c51-513a-43f3-b395-6bd46ece62c8,COM-62736,USR-9093,LivraisonRetard,"Petit retard de 30 minutes, mais la nourriture était correcte.",9/6/2024 15:16,,faible,Ouvert,,,REF-447418
adcb750f-83ca-4110-94a1-45008eeb5236,COM-51464,USR-8331,ArticleManquant,"Petit souci, il manquait dessert dans la commande.",8/8/2024 15:16,,faible,Résolu,8/9/2024 18:16,MOD-15,REF-939112
1ab5bf29-aded-4d8f-929d-04a50eb5a6a6,COM-73426,USR-4583,MauvaiseQualité,"dessert était brûlé, totalement dégoûtant !",1/12/2025 15:16,,élevé,Escaladé,,,REF-732912
9c9a2469-c16a-4a7f-87b2-98f03ce8fbf8,COM-78081,USR-3983,ArticleManquant,"Je n'ai pas reçu frites, besoin d'un remboursement.",11/27/2024 15:16,,faible,Ouvert,,,REF-594574
fb40a650-d11e-46b7-90ba-bb773ef65ec5,COM-29048,USR-2220,MauvaiseQualité,"sauce n'était pas terrible, qualité moyenne.",11/26/2024 15:16,,faible,Ouvert,,,REF-892253
656e964e-6c65-4cb3-ae1e-a001259fc496,COM-49125,USR-6899,MauvaiseQualité,"sauce était moisi, je ne commanderai plus.",11/20/2024 15:16,,élevé,Résolu,11/21/2024 11:16,MOD-1,REF-648432
16dd7952-e6e1-49de-bf4d-c93e5e119406,COM-18073,USR-4503,LivraisonRetard,"Petit retard de 3 heures, mais la nourriture était correcte.",10/24/2024 15:16,,élevé,Escaladé,,,REF-120111
434e4055-d871-4820-9142-8cd16680caef,COM-29259,USR-5906,NourritureEndommagée,"La commande était mal emballé, très déçu.",9/12/2024 15:16,image_9944.jpg,faible,Résolu,9/12/2024 16:16,MOD-15,REF-391116
97d4d527-9bda-4a1b-a62e-11187b9f07fb,COM-73874,USR-8739,ServiceClient,"Petit souci avec le support, mais acceptable.",10/15/2024 15:16,,moyen,Ouvert,,,REF-757491
a386ad36-8d12-45c7-9296-0c85d2fc478d,COM-60835,USR-3191,LivraisonRetard,"Livraison retardée de 1 heure, totalement inacceptable !",2/19/2025 15:16,"image_4255.jpg,image_2888.jpg",élevé,Ouvert,,,REF-761259
091dccde-3403-4bc8-bb43-14cef726462a,COM-17010,USR-4247,ServiceClient,"Petit souci avec le support, mais acceptable.",11/15/2024 15:16,,faible,Résolu,11/17/2024 11:16,MOD-19,REF-429309
2a7389a3-64bb-428f-8533-e57dbd29ce02,COM-68025,USR-9839,CommandeErronée,"J'ai commandé boisson, mais j'ai reçu sandwich.",11/25/2024 15:16,,faible,Ouvert,,,REF-241464
0ad106c3-8477-4c8e-aa08-86ffb7ddb727,COM-56976,USR-1815,MauvaiseQualité,"salade avait un goût froid, expérience horrible.",10/24/2024 15:16,image_4387.jpg,élevé,Ouvert,,,REF-386827
2101e975-2a10-4ccb-9c45-635da18e5f58,COM-93217,USR-2208,MauvaiseQualité,"burger était écrasé, je ne commanderai plus.",4/23/2025 15:16,,faible,Ouvert,,,REF-338235
f3483d2e-f9a8-4260-a546-b515e7210946,COM-43550,USR-3895,NourritureEndommagée,"Tout était écrasé, expérience catastrophique.",11/27/2024 15:16,,élevé,Ouvert,,,REF-916732
98ae7d94-0853-42f1-bcc0-9176c907d310,COM-81181,USR-6779,ProblèmePaiement,"Problème de paiement, remboursement requis immédiatement.",8/17/2024 15:16,,élevé,Escaladé,,,REF-515361
5366de7f-aba7-49a7-be31-1b273ae6158e,COM-64104,USR-2252,CommandeErronée,"J'ai commandé sandwich, mais j'ai reçu burger.",6/21/2025 15:16,,faible,Résolu,6/22/2025 20:16,MOD-4,REF-789602
1f9a2708-3e60-461a-9d96-d1e5053b2675,COM-24458,USR-3261,ServiceClient,"Petit souci avec le support, mais acceptable.",3/22/2025 15:16,image_9602.jpg,moyen,Ouvert,,,REF-736183
cbed085e-f84a-40bb-954f-60d77ccccda4,COM-67230,USR-8726,LivraisonRetard,"La nourriture est arrivée avec 30 minutes de retard, service décevant.",2/12/2025 15:16,,moyen,Ouvert,,,REF-959497
53cbec56-528a-4723-8689-a4c02701b2f5,COM-38536,USR-9184,MauvaiseQualité,"Le goût de boisson était un peu écrasé, mais acceptable.",8/15/2024 15:16,image_5422.jpg,moyen,Ouvert,,,REF-177436
b3b72a65-4c82-4146-887c-b1bfdd561481,COM-80219,USR-6750,NourritureEndommagée,"Tout était sans goût, expérience catastrophique.",5/5/2025 15:16,,élevé,Résolu,5/6/2025 2:16,MOD-15,REF-129946
8784ec55-d637-49f8-b9e6-238a362433e6,COM-61464,USR-4064,NourritureEndommagée,"pizza est arrivé trempé, besoin d'un remplacement.",5/30/2025 15:16,,faible,Résolu,5/31/2025 13:16,MOD-20,REF-650117
712dee1a-a038-466d-9e84-6941b117bebb,COM-16399,USR-4766,CommandeErronée,"Commande incorrecte, mais le goût de sushi était acceptable.",7/14/2024 15:16,image_8289.jpg,moyen,Escaladé,,,REF-265702
79e7dccf-470d-4cce-a34e-da06a819803d,COM-20893,USR-9337,CommandeErronée,"J'ai commandé frites, mais j'ai reçu sauce.",3/30/2025 15:16,,faible,Escaladé,,,REF-398283
b9870a63-39f4-491e-90fc-53597cc46609,COM-43886,USR-6406,LivraisonRetard,"Commande arrivée après 90 minutes, vraiment pas satisfait.",9/28/2024 15:16,image_3745.jpg,élevé,Résolu,9/30/2024 15:16,MOD-7,REF-854355
8480739b-5e2e-4fb4-8c21-67ad53dd21eb,COM-97293,USR-9881,ArticleManquant,Pourriez-vous vérifier pourquoi pizza n'était pas inclus ?,10/11/2024 15:16,image_4155.jpg,faible,Escaladé,,,REF-252612
10a651b5-6f23-4415-ac7a-4c35dd6006f0,COM-28723,USR-2702,NourritureEndommagée,"Commande endommagée, sushi était légèrement trempé.",11/26/2024 15:16,"image_6932.jpg,image_8782.jpg",faible,Ouvert,,,REF-779732
922079a2-0e00-4f5e-9d1c-f276d8881fbe,COM-19349,USR-7085,ArticleManquant,"Il manque pâtes dans ma commande, très décevant.",11/16/2024 15:16,,moyen,Ouvert,,,REF-945633
49da7619-160f-45ad-84fd-86dccf9eee33,COM-35322,USR-8401,MauvaiseQualité,"salade n'était pas terrible, qualité moyenne.",7/9/2024 15:16,,faible,Escaladé,,,REF-592324
ed443140-63f9-4c38-aa54-e29eef22a27b,COM-21437,USR-3983,ArticleManquant,"Pas de sandwich, c'est inacceptable et frustrant !",12/19/2024 15:16,,moyen,Ouvert,,,REF-797005
0a958eb5-9926-492f-a46d-bb7ce6b8bab2,COM-33212,USR-9723,LivraisonRetard,"Livraison retardée de 90 minutes, totalement inacceptable !",2/26/2025 15:16,image_5552.jpg,élevé,Résolu,2/27/2025 19:16,MOD-10,REF-127497
2b556944-f47b-4193-9705-96c84824ce9b,COM-99035,USR-8876,ArticleManquant,"Je n'ai pas reçu frites, besoin d'un remboursement.",4/6/2025 15:16,"image_9129.jpg,image_8153.jpg",faible,Résolu,4/8/2025 1:16,MOD-11,REF-512935
b2569766-d1b4-445e-8223-82b2778fcd41,COM-10475,USR-6914,ServiceClient,"Mauvaise expérience avec le support, très décevant.",1/13/2025 15:16,,moyen,Escaladé,,,REF-131335
619ac5ab-a542-4531-9ea2-1af5e1cbcfc4,COM-74637,USR-1323,ServiceClient,"Mauvaise expérience avec le support, très décevant.",9/5/2024 15:16,,moyen,Ouvert,,,REF-241352
dbe9dc64-5d29-42e2-aef1-e0e253473c7a,COM-87860,USR-9595,ArticleManquant,"pâtes manquant, veuillez résoudre immédiatement.",11/13/2024 15:16,,moyen,Résolu,11/14/2024 8:16,MOD-1,REF-924349
5e7eb457-00fe-462b-8916-05d4605e8113,COM-76284,USR-6490,ProblèmePaiement,"J'ai été facturé deux fois pour ma commande, c'est inacceptable !",5/3/2025 15:16,image_4720.jpg,élevé,Escaladé,,,REF-130262
316e7c7f-b1f2-4f80-bbab-f0f5e8d361ed,COM-54630,USR-7693,ServiceClient,"Mauvaise expérience avec le support, très décevant.",9/2/2024 15:16,image_9141.jpg,élevé,Résolu,9/3/2024 19:16,MOD-12,REF-833641
8460ea80-af25-43f8-b765-1db7612c575b,COM-91204,USR-9036,CommandeErronée,J'ai reçu dessert au lieu de frites.,8/5/2024 15:16,"image_2786.jpg,image_8345.jpg",faible,Ouvert,,,REF-750007
73d9a7cf-6de6-4e27-a9d7-04c4a62e1d0c,COM-93143,USR-9647,MauvaiseQualité,"Très mauvaise qualité de pâtes, immangeable.",4/23/2025 15:16,image_8415.jpg,élevé,Résolu,4/25/2025 11:16,MOD-7,REF-924068
38141496-ffd7-4c03-b9d0-96f6616f559a,COM-77148,USR-6580,NourritureEndommagée,"La commande était mal emballé, très déçu.",7/23/2024 15:16,image_6697.jpg,faible,Ouvert,,,REF-674635
b17f7608-f2b9-4a70-bd1a-8a1dbb537bdd,COM-11980,USR-7090,NourritureEndommagée,"sauce était un peu mal emballé, mais mangeable.",1/25/2025 15:16,,faible,Résolu,1/26/2025 7:16,MOD-14,REF-716365
33e5ecc4-77f2-4926-86ff-17684c226f32,COM-48535,USR-3132,ArticleManquant,"Pas de dessert, c'est inacceptable et frustrant !",7/2/2024 15:16,image_1650.jpg,élevé,Résolu,7/3/2024 8:16,MOD-12,REF-189469
34de8562-ee99-4cbe-ab3b-e3fafa4a272d,COM-88290,USR-5605,NourritureEndommagée,"sandwich était un peu froid, mais mangeable.",9/3/2024 15:16,image_6465.jpg,moyen,Escaladé,,,REF-874559
57dceb33-04ed-4c33-be1f-6a3a17ea6ca0,COM-94006,USR-5392,ProblèmePaiement,"Surfacturation de la commande, service client désastreux.",8/7/2024 15:16,,élevé,Ouvert,,,REF-197843
e3fe4a3e-ac2a-4fc0-9889-d500e8983a33,COM-74175,USR-4539,LivraisonRetard,"Retard de 3 heures, c'est scandaleux et dérangeant !",4/14/2025 15:16,"image_1216.jpg,image_3142.jpg",élevé,Escaladé,,,REF-371245
3067edd2-d196-4d58-a6cd-428dfcb4b663,COM-92019,USR-5147,CommandeErronée,"Erreur sur ma commande : sauce au lieu de salade, très agaçant.",6/24/2025 15:16,,moyen,Escaladé,,,REF-232931
ceef3a1e-6902-404a-b5f0-409c647a755c,COM-44122,USR-1988,MauvaiseQualité,"Qualité médiocre de dessert, très frustrant.",9/2/2024 15:16,,moyen,Escaladé,,,REF-767830
7eab3906-ccb3-4c78-b714-94faf890c4fa,COM-89760,USR-2476,MauvaiseQualité,"sushi était moisi, totalement dégoûtant !",11/17/2024 15:16,image_6992.jpg,élevé,Résolu,11/18/2024 6:16,MOD-7,REF-724264
8b29ac86-4242-42f4-b709-19d1dcdfa661,COM-23972,USR-3069,LivraisonRetard,"Livraison retardée de 90 minutes, totalement inacceptable !",6/2/2025 15:16,image_5547.jpg,élevé,Résolu,6/4/2025 8:16,MOD-3,REF-962521
b80c6236-c223-499e-8d12-b149754410a3,COM-47821,USR-9984,MauvaiseQualité,"Très mauvaise qualité de salade, immangeable.",6/21/2025 15:16,"image_9989.jpg,image_1201.jpg",élevé,Ouvert,,,REF-460042
b026c0e4-bcf1-4ed7-a78a-5164ff9fbe03,COM-45476,USR-9809,LivraisonRetard,"Livraison en retard de 90 minutes, c'est gênant mais acceptable.",4/10/2025 15:16,,moyen,Résolu,4/11/2025 16:16,MOD-15,REF-822438
4f2dc155-b304-4b5f-89e5-390920a3373b,COM-91659,USR-8499,MauvaiseQualité,"Le goût de frites était un peu sans goût, mais acceptable.",11/25/2024 15:16,,faible,Escaladé,,,REF-534341
3656c26b-efff-4504-be8e-7df9cf9bf5ec,COM-32952,USR-4279,ServiceClient,"Le service client n'a pas résolu mon problème, frustrant.",10/6/2024 15:16,image_8481.jpg,élevé,Escaladé,,,REF-556321
03318c90-d4f4-4317-b6f6-fca12a3fc7f2,COM-42246,USR-1170,NourritureEndommagée,"Commande endommagée, sauce était légèrement trempé.",3/24/2025 15:16,,faible,Escaladé,,,REF-860369
214d067b-2bbb-45df-b3c1-c076047db912,COM-27584,USR-7573,ArticleManquant,"Manque sauce, service médiocre.",9/17/2024 15:16,image_5863.jpg,moyen,Ouvert,,,REF-469008
23305f76-be81-4795-b822-8a7b5f2a9afd,COM-53236,USR-5958,NourritureEndommagée,"dessert livré brûlé, c'est scandaleux et dangereux !",10/7/2024 15:16,,élevé,Ouvert,,,REF-681373
c054788b-00bd-484b-bfb1-3c74c9346d7c,COM-73930,USR-5271,CommandeErronée,"Commande erronée livrée, j'ai eu sauce et non pizza.",5/24/2025 15:16,image_5498.jpg,faible,Escaladé,,,REF-370458
4eb6139d-faba-4a17-a356-d56bd39aa7d2,COM-58706,USR-2752,ProblèmePaiement,"Problème mineur avec le paiement, veuillez vérifier.",5/4/2025 15:16,image_5110.jpg,élevé,Résolu,5/5/2025 15:16,MOD-10,REF-674716
3bf32d7d-dc76-4a2c-8f16-213d864743b2,COM-26031,USR-3799,ServiceClient,"Petit souci avec le support, mais acceptable.",1/14/2025 15:16,,faible,Ouvert,,,REF-435370
2abb4afa-f2b1-4898-a78a-770477a4f650,COM-81789,USR-1394,MauvaiseQualité,"burger avait un goût sans goût, expérience horrible.",10/24/2024 15:16,,élevé,Escaladé,,,REF-643226
e812d6c5-5cbc-4808-a3be-f2ce64df3192,COM-87799,USR-4179,LivraisonRetard,"Livraison retardée de 30 minutes, totalement inacceptable !",8/27/2024 15:16,,faible,Résolu,8/28/2024 16:16,MOD-11,REF-948523
98ebe4ea-a42b-4795-beaa-8203dbcf4ca0,COM-36410,USR-1852,MauvaiseQualité,"pâtes n'était pas terrible, qualité moyenne.",8/4/2024 15:16,image_7509.jpg,moyen,Ouvert,,,REF-255901
e14dabed-df20-47a9-9df4-9e6a21df19fc,COM-39205,USR-6577,ServiceClient,"Petit souci avec le support, mais acceptable.",5/26/2025 15:16,image_9907.jpg,moyen,Escaladé,,,REF-127721
b5844834-d262-4bb6-ab4b-74ea8e76bcc2,COM-83692,USR-2527,MauvaiseQualité,"pizza était moisi, je ne commanderai plus.",2/23/2025 15:16,,élevé,Escaladé,,,REF-182084
9c191a12-488c-4eaa-b229-b873ddc49129,COM-72074,USR-3964,NourritureEndommagée,"sushi est arrivé brûlé, besoin d'un remplacement.",6/19/2025 15:16,,faible,Ouvert,,,REF-165477
30eecce6-98eb-459c-a446-9c14f8ba5ab7,COM-16133,USR-2144,ArticleManquant,"Commande incomplète, sandwich non livré.",11/7/2024 15:16,,faible,Résolu,11/8/2024 16:16,MOD-5,REF-664487
c150cdf1-df95-428c-a00b-179d957084fd,COM-18016,USR-6927,MauvaiseQualité,"Qualité médiocre de salade, très frustrant.",8/31/2024 15:16,,moyen,Escaladé,,,REF-990635
ebb82c44-cb22-4911-9897-0100f2a8efb6,COM-21356,USR-5893,MauvaiseQualité,"Très mauvaise qualité de sushi, immangeable.",12/19/2024 15:16,"image_4028.jpg,image_6295.jpg",élevé,Résolu,12/19/2024 23:16,MOD-14,REF-252311
4f1e3db6-6926-430f-9ce6-e9c51ce379f7,COM-61039,USR-4967,CommandeErronée,"J'ai commandé pizza, mais j'ai reçu pizza.",1/13/2025 15:16,,faible,Résolu,1/15/2025 4:16,MOD-19,REF-301328
4adb18a4-de1a-4351-ac83-90689c3dfa38,COM-89679,USR-4629,CommandeErronée,J'ai reçu burger au lieu de salade.,10/11/2024 15:16,,faible,Escaladé,,,REF-700951
b7a7c0c8-88c3-424b-99d7-b7343027a853,COM-14598,USR-4291,MauvaiseQualité,"Très mauvaise qualité de salade, immangeable.",8/15/2024 15:16,,élevé,Résolu,8/16/2024 8:16,MOD-11,REF-104468
15733207-123f-4a59-9b6d-f64de603159d,COM-24258,USR-3024,ProblèmePaiement,"Surfacturation de la commande, service client désastreux.",6/30/2025 15:16,,élevé,Résolu,6/30/2025 16:16,MOD-19,REF-671021
9f3b370c-f534-4de5-a3c6-d53d33faae99,COM-47756,USR-8252,ArticleManquant,"Commande incomplète, boisson non livré.",7/27/2024 15:16,image_4483.jpg,faible,Ouvert,,,REF-363247
7e0a9da0-c64b-4cd3-8916-9fb6102ea5a4,COM-98444,USR-4179,CommandeErronée,"Petite erreur, j'ai reçu sandwich au lieu de dessert.",11/26/2024 15:16,,faible,Ouvert,,,REF-742847
6e312740-0ea0-4605-b2fd-34c2ad000e6f,COM-20531,USR-9453,CommandeErronée,J'ai reçu pizza au lieu de burger.,12/3/2024 15:16,image_6749.jpg,faible,Escaladé,,,REF-391632
7fb3a2ad-53f0-4f07-871e-9e31e3a0d20f,COM-47785,USR-4761,ProblèmePaiement,"Petite erreur de facturation, mais gênante.",4/8/2025 15:16,image_1525.jpg,élevé,Escaladé,,,REF-207083
f2afca7a-5cc5-4fba-b41c-a190d1e29d9a,COM-67527,USR-6627,CommandeErronée,J'ai reçu frites au lieu de burger.,4/24/2025 15:16,,faible,Ouvert,,,REF-862952
930c1851-2926-4243-b807-202874e4a165,COM-79654,USR-8798,CommandeErronée,"Petite erreur, j'ai reçu sushi au lieu de pâtes.",3/7/2025 15:16,image_5890.jpg,faible,Ouvert,,,REF-466663
9befc1ed-d0e5-4e69-9db3-e29f0cb2f3c6,COM-41262,USR-3077,ProblèmePaiement,"Petite erreur de facturation, mais gênante.",1/26/2025 15:16,"image_4878.jpg,image_1767.jpg",élevé,Ouvert,,,REF-606759
e321527d-590b-4f02-8ce5-3847a43125fe,COM-59174,USR-9006,ArticleManquant,"Petit souci, il manquait sauce dans la commande.",5/19/2025 15:16,,faible,Résolu,5/21/2025 12:16,MOD-5,REF-117305
3536a8a9-26da-455b-9fc3-71ab17534bb9,COM-92798,USR-3367,ProblèmePaiement,"Petite erreur de facturation, mais gênante.",7/1/2025 15:16,,moyen,Résolu,7/2/2025 21:16,MOD-4,REF-250668
91268e13-fd76-4e35-8d52-18ff392ec7d3,COM-64898,USR-7409,CommandeErronée,"Mauvais article livré, salade à la place de burger.",5/13/2025 15:16,,faible,Résolu,5/14/2025 4:16,MOD-20,REF-335045
13f35dd3-41c0-4c0c-a16f-e0bf8e648d5c,COM-17183,USR-7466,ServiceClient,"Petit souci avec le support, mais acceptable.",5/3/2025 15:16,image_6760.jpg,moyen,Escaladé,,,REF-446684
2a637337-c5a5-401e-9fa5-25cd23de8a24,COM-62674,USR-5739,NourritureEndommagée,"La commande était brûlé, très déçu.",10/15/2024 15:16,,faible,Escaladé,,,REF-955795
ada3a7ee-da68-48d5-8be6-fdef2588f48b,COM-84917,USR-9860,MauvaiseQualité,"La nourriture était sans goût, pas à la hauteur.",9/29/2024 15:16,,faible,Résolu,9/29/2024 18:16,MOD-9,REF-335722
cb5437a8-58f7-4d8e-be7b-e623a9f780a6,COM-16044,USR-1012,CommandeErronée,J'ai reçu salade au lieu de salade.,3/31/2025 15:16,,faible,Résolu,4/1/2025 8:16,MOD-9,REF-753687
76ff1ca6-5e79-4bb0-b49f-5380467d1199,COM-91205,USR-2822,LivraisonRetard,"Livraison en retard de 3 heures, c'est gênant mais acceptable.",4/14/2025 15:16,,élevé,Escaladé,,,REF-810135
afd62a77-a9fa-4b1a-821c-786be50ae76b,COM-77293,USR-4820,ArticleManquant,"Il manque frites dans ma commande, très décevant.",2/8/2025 15:16,image_7342.jpg,élevé,Résolu,2/10/2025 10:16,MOD-10,REF-687878
514062ea-57f4-4b27-9f4b-4f658125ae8b,COM-42080,USR-9530,ProblèmePaiement,"Problème de paiement, remboursement requis immédiatement.",6/22/2025 15:16,,élevé,Escaladé,,,REF-263867
3ed4da73-d9bf-4a1a-8077-53f28eb53d69,COM-66711,USR-8552,ProblèmePaiement,"Problème de paiement, remboursement requis immédiatement.",5/5/2025 15:16,image_9829.jpg,élevé,Résolu,5/6/2025 18:16,MOD-19,REF-146533
3d33d317-dec7-4e9c-8412-6a03c12c6951,COM-52876,USR-7295,ArticleManquant,"Manque salade, service médiocre.",12/8/2024 15:16,,faible,Escaladé,,,REF-176719
ace55d14-b5d8-4698-8151-ed02eec7f647,COM-47099,USR-8815,NourritureEndommagée,"La commande était froid, très déçu.",6/13/2025 15:16,,faible,Ouvert,,,REF-341726
fc31b19a-ab68-46ad-81b2-7e2f04cf2ce4,COM-27405,USR-5014,MauvaiseQualité,"sandwich avait un goût moisi, expérience horrible.",7/6/2024 15:16,,élevé,Résolu,7/6/2024 16:16,MOD-19,REF-757738
4fe80a36-8475-4bca-886c-5c7b46a4b6cd,COM-38265,USR-9214,ProblèmePaiement,"Surfacturation de la commande, service client désastreux.",2/27/2025 15:16,image_5858.jpg,élevé,Escaladé,,,REF-443648
6d17f2f4-7e05-4bc9-9800-23f5407ea3e1,COM-62036,USR-8167,CommandeErronée,J'ai reçu sushi au lieu de frites.,7/14/2024 15:16,image_3763.jpg,faible,Ouvert,,,REF-668864
f690bd7c-4dc2-4107-9bdf-c2a630d010c9,COM-48186,USR-6340,LivraisonRetard,"La nourriture est arrivée avec 3 heures de retard, service décevant.",3/4/2025 15:16,image_9324.jpg,élevé,Ouvert,,,REF-910460
f600887d-4b0c-4627-b2d5-3bc2c6261b77,COM-32018,USR-6470,ServiceClient,"Petit souci avec le support, mais acceptable.",8/25/2024 15:16,,faible,Résolu,8/25/2024 19:16,MOD-3,REF-675561
c7137a94-9817-4781-a797-0aaed5c3b6e2,COM-64314,USR-1138,ServiceClient,"Le service client n'a pas résolu mon problème, frustrant.",4/13/2025 15:16,image_1381.jpg,élevé,Escaladé,,,REF-465065
1ce0ee16-6a5c-437d-b88a-1b1f14fc2a14,COM-43907,USR-6570,ServiceClient,"Mauvaise expérience avec le support, très décevant.",7/3/2024 15:16,,moyen,Ouvert,,,REF-341258
04d40de6-2155-452d-ac9e-b91d15f4e7d0,COM-27375,USR-2532,LivraisonRetard,"Retard de 90 minutes, c'est scandaleux et dérangeant !",9/28/2024 15:16,,moyen,Résolu,9/29/2024 18:16,MOD-8,REF-176643
75a78737-a74f-438d-bebe-73893eab6095,COM-92703,USR-5397,ServiceClient,"Service client injoignable, c'est insupportable !",4/3/2025 15:16,,élevé,Escaladé,,,REF-623138
b4e4f104-da72-47bc-abd8-efd1c00f958a,COM-96285,USR-5904,ArticleManquant,"pizza manquant, veuillez résoudre immédiatement.",5/30/2025 15:16,,moyen,Escaladé,,,REF-524374
b0653907-11ce-4757-8a10-49a94e4bc86b,COM-29358,USR-9996,ServiceClient,"Petit souci avec le support, mais acceptable.",6/25/2025 15:16,image_3254.jpg,moyen,Escaladé,,,REF-409795
72e43973-de70-4200-a5ea-f9eabd5f4154,COM-81851,USR-3981,MauvaiseQualité,"La nourriture était sans goût, pas à la hauteur.",7/24/2024 15:16,"image_2110.jpg,image_2130.jpg",faible,Ouvert,,,REF-537569
fb221da5-bdc9-4872-a8d2-c5b94feb9d48,COM-20692,USR-9165,ArticleManquant,"Commande incomplète, pâtes non livré.",1/9/2025 15:16,image_7915.jpg,faible,Ouvert,,,REF-186305
d267a963-3478-4d2c-abd4-4fbe81c0ccf5,COM-57035,USR-8966,ProblèmePaiement,"Problème mineur avec le paiement, veuillez vérifier.",10/31/2024 15:16,,moyen,Escaladé,,,REF-397769
cd303c2c-026e-474e-94f1-b8af0ba9a1b8,COM-73908,USR-2778,ProblèmePaiement,"Petite erreur de facturation, mais gênante.",5/28/2025 15:16,image_9535.jpg,élevé,Ouvert,,,REF-816369
14ad5071-5296-452e-ab38-a27bb6f06477,COM-39798,USR-9676,MauvaiseQualité,"Le goût de sandwich était un peu trempé, mais acceptable.",2/26/2025 15:16,,faible,Résolu,2/28/2025 1:16,MOD-4,REF-853619
2bd7529d-41b1-48d0-841b-37881bdadb76,COM-85998,USR-3395,LivraisonRetard,"La commande a été livrée avec 90 minutes de retard, la nourriture était froide.",2/4/2025 15:16,,moyen,Ouvert,,,REF-304114
20d1b568-cd6c-4eb0-a2b5-917d54f8c983,COM-93979,USR-5699,ArticleManquant,"Manque sandwich, service médiocre.",2/11/2025 15:16,,faible,Ouvert,,,REF-510780
09252264-9a75-4dc0-ab68-e73717b6bf15,COM-97258,USR-7264,LivraisonRetard,"La commande a été livrée avec 1 heure de retard, la nourriture était froide.",8/2/2024 15:16,,moyen,Escaladé,,,REF-489009
8a923e07-75b6-4f00-b2bb-83610ec2c843,COM-91591,USR-9071,ServiceClient,"Réponse lente du service client, qualité médiocre.",7/27/2024 15:16,,faible,Ouvert,,,REF-667392
90a71e29-df19-498b-b767-8df4abedb295,COM-70132,USR-9511,NourritureEndommagée,"Tout était écrasé, expérience catastrophique.",8/21/2024 15:16,,élevé,Escaladé,,,REF-221792
c7570528-31e3-4774-b63f-43e70cc7323c,COM-44652,USR-8264,MauvaiseQualité,"Très mauvaise qualité de frites, immangeable.",9/17/2024 15:16,,élevé,Escaladé,,,REF-253963
181da084-eaab-41d2-bb57-3187dc4c29eb,COM-47362,USR-3241,NourritureEndommagée,"pâtes était brûlé, qualité inacceptable.",12/6/2024 15:16,"image_6875.jpg,image_2405.jpg",élevé,Résolu,12/7/2024 1:16,MOD-18,REF-282826
39ddf111-cde7-4459-84ec-ae53ecda22a4,COM-67015,USR-5237,LivraisonRetard,"Petit retard de 2 heures, mais la nourriture était correcte.",9/25/2024 15:16,,élevé,Résolu,9/27/2024 4:16,MOD-4,REF-701357
16bb7d24-e2c3-42e8-a6d2-fb04f856adaf,COM-25934,USR-1379,ProblèmePaiement,"Petite erreur de facturation, mais gênante.",10/30/2024 15:16,,moyen,Résolu,10/31/2024 13:16,MOD-5,REF-145151
f89f0c13-ac1d-4f83-8343-a6e45af43644,COM-76685,USR-7272,CommandeErronée,"Commande erronée livrée, j'ai eu pizza et non pizza.",11/19/2024 15:16,image_5678.jpg,faible,Résolu,11/20/2024 8:16,MOD-19,REF-342282
24b1ad87-a234-4d9f-a240-9b6a9535dfe3,COM-62762,USR-8360,ServiceClient,"Service client correct, mais pourrait être plus rapide.",3/11/2025 15:16,"image_4276.jpg,image_2309.jpg",moyen,Résolu,3/13/2025 2:16,MOD-16,REF-661424
d0d12379-dd5f-4167-abb3-7f1e6486c653,COM-73725,USR-3375,NourritureEndommagée,"boisson était moisi, qualité inacceptable.",5/11/2025 15:16,,élevé,Résolu,5/13/2025 11:16,MOD-17,REF-872071
ed8a38a7-72c4-41e3-ab5a-381eb1cd88f2,COM-12745,USR-5575,CommandeErronée,"Commande erronée livrée, j'ai eu dessert et non burger.",3/20/2025 15:16,,faible,Résolu,3/21/2025 22:16,MOD-3,REF-185968
2ab49fb2-60e7-497d-960d-1336a74d9653,COM-26424,USR-8091,CommandeErronée,J'ai reçu sauce au lieu de sushi.,9/16/2024 15:16,image_8893.jpg,faible,Ouvert,,,REF-247342
cdeaa15b-a02b-4f8f-aad9-bb9648f426df,COM-25337,USR-7921,LivraisonRetard,"Retard de 3 heures, c'est scandaleux et dérangeant !",12/16/2024 15:16,image_1633.jpg,élevé,Escaladé,,,REF-121860
6473053c-07e0-4361-bf6a-95b5be7bc081,COM-59807,USR-9908,LivraisonRetard,"Petit retard de 1 heure, mais la nourriture était correcte.",1/7/2025 15:16,,moyen,Résolu,1/8/2025 10:16,MOD-4,REF-504870
87e57a7e-81e8-4bda-b765-5c1b8004e46d,COM-93995,USR-3897,ArticleManquant,"sauce manquant, veuillez résoudre immédiatement.",2/8/2025 15:16,image_3356.jpg,élevé,Escaladé,,,REF-444067
e3fea555-a4d1-42d9-b365-9bf4d8943faa,COM-46814,USR-3018,MauvaiseQualité,"sandwich avait un goût mal emballé, expérience horrible.",6/9/2025 15:16,,élevé,Escaladé,,,REF-265354
286c9d85-1c69-4a78-a5c1-f2a95f03273e,COM-80208,USR-4987,LivraisonRetard,"J'ai attendu 3 heures pour ma commande, très frustrant.",1/3/2025 15:16,,élevé,Résolu,1/3/2025 16:16,MOD-19,REF-809163
059342ab-2a4b-4351-8002-caa3f99b07e2,COM-75676,USR-4950,MauvaiseQualité,"pâtes avait un goût brûlé, expérience horrible.",11/2/2024 15:16,image_6497.jpg,élevé,Escaladé,,,REF-721513
088ae6fc-5413-4664-8ab9-cba3e16c2a15,COM-99598,USR-6412,ServiceClient,"Mauvaise expérience avec le support, très décevant.",1/24/2025 15:16,,moyen,Ouvert,,,REF-333788
2b0fc73e-a6b9-4d7b-a943-3aecee05919d,COM-24939,USR-3944,ServiceClient,"Service client injoignable, c'est insupportable !",2/14/2025 15:16,,élevé,Escaladé,,,REF-840224
3e16ac5e-1519-4733-9a9e-6ac408003096,COM-86739,USR-1687,ProblèmePaiement,"Petite erreur de facturation, mais gênante.",4/19/2025 15:16,image_6603.jpg,élevé,Ouvert,,,REF-333686
71cb61f9-9da2-45ad-97b0-78ed9769a7d5,COM-18417,USR-8801,ServiceClient,"Le service client n'a pas résolu mon problème, frustrant.",6/6/2025 15:16,image_3645.jpg,élevé,Ouvert,,,REF-667454
cadfc543-f912-4f8d-ab65-69cc1931feda,COM-74931,USR-4595,LivraisonRetard,"Petit retard de 3 heures, mais la nourriture était correcte.",7/25/2024 15:16,,élevé,Résolu,7/26/2024 1:16,MOD-1,REF-240764
323f123b-3e9a-4e0b-bad6-0cbfe4d1f49d,COM-73235,USR-1581,MauvaiseQualité,"Très mauvaise qualité de burger, immangeable.",4/15/2025 15:16,,élevé,Ouvert,,,REF-165512
dd8b4311-9303-4e0a-82df-ab2599bee55d,COM-12201,USR-1692,NourritureEndommagée,"Tout était trempé, expérience catastrophique.",9/9/2024 15:16,,élevé,Ouvert,,,REF-502291
a5af8423-f265-4869-ad6c-6e6def7d4e62,COM-34751,USR-7856,ProblèmePaiement,"Problème de paiement, remboursement requis immédiatement.",11/8/2024 15:16,,élevé,Escaladé,,,REF-910355
3142bfbf-b7b5-4b4a-b737-25fd61d254f9,COM-19900,USR-5358,ServiceClient,"Petit souci avec le support, mais acceptable.",9/18/2024 15:16,,faible,Résolu,9/20/2024 3:16,MOD-15,REF-234652
7f9efbb5-cdf1-4f59-adbc-9462d7a67ea6,COM-53936,USR-7657,MauvaiseQualité,"pizza était trempé, totalement dégoûtant !",1/1/2025 15:16,image_1459.jpg,élevé,Résolu,1/2/2025 4:16,MOD-19,REF-728228
97cba6b5-d9dd-47f5-b00f-bf0572ba3f69,COM-38488,USR-5514,CommandeErronée,"Commande incorrecte, mais le goût de frites était acceptable.",7/28/2024 15:16,,faible,Escaladé,,,REF-910261
d38c11a6-75ad-40b4-9e3e-04155d2600e3,COM-20583,USR-4363,MauvaiseQualité,"sushi était moisi, totalement dégoûtant !",11/27/2024 15:16,image_2807.jpg,élevé,Ouvert,,,REF-582418
57af5ecd-d011-4533-b3c4-4d15688e8295,COM-61276,USR-9721,ArticleManquant,"Je n'ai pas reçu salade, besoin d'un remboursement.",10/21/2024 15:16,,faible,Résolu,10/22/2024 22:16,MOD-15,REF-329793
6e2ff80a-b225-4314-bff1-d06d5b867ff2,COM-16785,USR-1132,CommandeErronée,"Petite erreur, j'ai reçu pizza au lieu de dessert.",11/4/2024 15:16,,faible,Escaladé,,,REF-981972
ffc5105d-8dd7-4c95-98aa-1bf2646af243,COM-81647,USR-2120,ArticleManquant,"Petit souci, il manquait dessert dans la commande.",11/25/2024 15:16,,faible,Escaladé,,,REF-437610
4940c6a5-2b9e-400a-84a6-9b23788a7f10,COM-77054,USR-2559,CommandeErronée,"J'ai commandé frites, mais j'ai reçu salade.",11/27/2024 15:16,"image_7180.jpg,image_1321.jpg",moyen,Escaladé,,,REF-685114
e4eb4d91-002c-47e7-87f3-d40e0fe41926,COM-36678,USR-2482,ArticleManquant,"dessert manquant, veuillez résoudre immédiatement.",9/2/2024 15:16,"image_2849.jpg,image_5913.jpg",élevé,Ouvert,,,REF-178406
3e941f08-c809-4f57-8e5f-eeaf15f188ae,COM-77775,USR-2396,LivraisonRetard,"La commande a été livrée avec 3 heures de retard, la nourriture était froide.",10/1/2024 15:16,image_5136.jpg,élevé,Résolu,10/2/2024 6:16,MOD-15,REF-307075
361792a9-2a19-4278-9b54-91df62d4a13e,COM-57528,USR-5506,CommandeErronée,"Petite erreur, j'ai reçu sushi au lieu de sauce.",7/24/2024 15:16,image_6310.jpg,faible,Résolu,7/24/2024 23:16,MOD-2,REF-765174
61ae1963-94b6-4cd1-baca-297ba339f240,COM-61005,USR-1902,LivraisonRetard,"J'ai attendu 30 minutes pour ma commande, très frustrant.",7/19/2024 15:16,image_2407.jpg,élevé,Escaladé,,,REF-251600
f9570fe7-4273-4798-9a80-92df8c74d922,COM-64221,USR-8144,MauvaiseQualité,"La nourriture était écrasé, pas à la hauteur.",9/27/2024 15:16,image_5695.jpg,faible,Ouvert,,,REF-844747
ad4e257f-ea50-4a14-b7cf-8843acc27e08,COM-74466,USR-5486,ProblèmePaiement,"Problème mineur avec le paiement, veuillez vérifier.",6/24/2025 15:16,,moyen,Escaladé,,,REF-295133
b252297b-6343-4cc8-8ff8-b323ff9748bf,COM-98030,USR-3851,CommandeErronée,"Commande incorrecte, mais le goût de burger était acceptable.",1/20/2025 15:16,,faible,Résolu,1/21/2025 23:16,MOD-14,REF-193147
c27d6830-1a29-4b6b-bcd0-3a76f38a8503,COM-64383,USR-5093,LivraisonRetard,"Retard de 3 heures, c'est scandaleux et dérangeant !",3/25/2025 15:16,image_4913.jpg,élevé,Résolu,3/25/2025 23:16,MOD-4,REF-603306
3f2ff12a-b52c-44b1-81da-8ffd445bcbfa,COM-88912,USR-3300,CommandeErronée,"J'ai commandé salade, mais j'ai reçu sandwich.",11/5/2024 15:16,"image_6085.jpg,image_2847.jpg",faible,Ouvert,,,REF-900777
eed1bda5-e5cc-4298-b1e9-a2b9a566d678,COM-62088,USR-9587,ArticleManquant,Pourriez-vous vérifier pourquoi boisson n'était pas inclus ?,7/5/2024 15:16,,faible,Résolu,7/6/2024 0:16,MOD-1,REF-751149
58df2a81-de51-4aa3-9626-ace767266f19,COM-82344,USR-6708,CommandeErronée,"Mauvais article livré, pizza à la place de pizza.",8/5/2024 15:16,,faible,Ouvert,,,REF-857434
959f128a-9833-4000-964e-33442106921f,COM-19035,USR-6881,ProblèmePaiement,"Erreur de facturation pour burger, très frustrant.",9/12/2024 15:16,image_8955.jpg,élevé,Escaladé,,,REF-827535
9209387b-2d0c-4168-bf32-794094333628,COM-73453,USR-1521,ProblèmePaiement,"Petite erreur de facturation, mais gênante.",11/22/2024 15:16,,moyen,Ouvert,,,REF-840838
e4ee929e-5ef6-481c-96fe-d204d4dd37c5,COM-15726,USR-3100,NourritureEndommagée,"La nourriture était trempé, totalement immangeable.",3/15/2025 15:16,,élevé,Résolu,3/16/2025 14:16,MOD-16,REF-706269
6146caf5-9a8b-4749-8601-ecd52c4cd5b5,COM-98155,USR-3089,LivraisonRetard,"Petit retard de 1 heure, mais la nourriture était correcte.",2/5/2025 15:16,,moyen,Escaladé,,,REF-197541
849bde3b-f922-4527-89db-19a9414cee62,COM-52005,USR-2259,NourritureEndommagée,"sandwich livré froid, c'est scandaleux et dangereux !",3/10/2025 15:16,"image_9617.jpg,image_5642.jpg",élevé,Résolu,3/11/2025 11:16,MOD-3,REF-271217
749b4b9f-3f7b-4a62-86e8-02fe0f642285,COM-63988,USR-3060,ServiceClient,"Réponse lente du service client, qualité médiocre.",8/8/2024 15:16,,faible,Escaladé,,,REF-926563
fbd2e0cf-f711-4155-b377-57b98747d184,COM-34204,USR-5639,NourritureEndommagée,"Commande endommagée, boisson était légèrement brûlé.",4/9/2025 15:16,,faible,Résolu,4/10/2025 23:16,MOD-3,REF-646607
ff204f31-afe8-4c9c-a707-87bb535ede4b,COM-87099,USR-6635,CommandeErronée,J'ai reçu frites au lieu de frites.,2/18/2025 15:16,,faible,Résolu,2/19/2025 2:16,MOD-19,REF-184435
585303e2-c0bc-4eec-a010-05f0cc5eb91c,COM-61962,USR-3036,MauvaiseQualité,"Très mauvaise qualité de sandwich, immangeable.",9/1/2024 15:16,image_3814.jpg,élevé,Résolu,9/2/2024 13:16,MOD-17,REF-521143
412f5511-3ad4-4a3e-bbfd-39ff1e78e209,COM-82863,USR-4681,NourritureEndommagée,"Tout était mal emballé, expérience catastrophique.",4/21/2025 15:16,image_5256.jpg,élevé,Résolu,4/22/2025 5:16,MOD-7,REF-714543
bf26445d-b2e5-437c-b384-05eba979b720,COM-80334,USR-9767,ServiceClient,"Petit souci avec le support, mais acceptable.",9/16/2024 15:16,,faible,Ouvert,,,REF-550707
58071ee7-8319-4b5a-99ba-9e362f251e0c,COM-34135,USR-5221,ServiceClient,"Service client injoignable, c'est insupportable !",12/26/2024 15:16,"image_1554.jpg,image_7378.jpg",élevé,Ouvert,,,REF-634915
72f26a68-ed44-4db4-8cef-6a927a23124e,COM-37165,USR-5992,ServiceClient,"Réponse lente du service client, qualité médiocre.",12/25/2024 15:16,image_3020.jpg,moyen,Résolu,12/26/2024 11:16,MOD-10,REF-828726
3c097e12-5ea1-4a39-ac1b-9f77f97214fa,COM-37418,USR-2205,LivraisonRetard,"La nourriture est arrivée avec 90 minutes de retard, service décevant.",2/2/2025 15:16,,moyen,Résolu,2/3/2025 10:16,MOD-10,REF-933238
1b44a0b6-db7a-4e6c-a96e-96b86ac11647,COM-29972,USR-7144,MauvaiseQualité,"frites était mal emballé, je ne commanderai plus.",11/8/2024 15:16,"image_4036.jpg,image_7316.jpg",faible,Ouvert,,,REF-393059
a9600356-b6c8-4991-aa1c-ccad9083c731,COM-26809,USR-6367,ArticleManquant,"Commande incomplète, burger non livré.",3/15/2025 15:16,image_4429.jpg,faible,Escaladé,,,REF-431917
bfd95685-a923-47f9-83a0-bb37b3032a20,COM-59731,USR-1021,ArticleManquant,"Petit souci, il manquait sandwich dans la commande.",1/13/2025 15:16,,faible,Ouvert,,,REF-480613
0e254983-c3f8-46a7-9de2-abff843edc48,COM-74258,USR-6946,NourritureEndommagée,"Commande endommagée, pizza était légèrement gâté.",2/23/2025 15:16,,élevé,Résolu,2/24/2025 6:16,MOD-12,REF-336541
fffda1f0-2509-4750-8342-d64a1ceb102d,COM-89491,USR-1838,CommandeErronée,J'ai reçu dessert au lieu de burger.,1/1/2025 15:16,image_5722.jpg,faible,Escaladé,,,REF-281515
89022610-f3c1-47b8-8057-33ca2bcc1183,COM-54969,USR-7491,CommandeErronée,"Commande erronée livrée, j'ai eu sauce et non salade.",7/9/2024 15:16,,faible,Ouvert,,,REF-925945
e5499532-74b6-410a-9234-6814cf7003c4,COM-84160,USR-1629,LivraisonRetard,"La commande a été livrée avec 30 minutes de retard, la nourriture était froide.",5/31/2025 15:16,,faible,Ouvert,,,REF-805527
5c1ba262-a09d-4cb8-b8ee-e739fcfbf20e,COM-89596,USR-2288,CommandeErronée,"Mauvais article livré, pizza à la place de salade.",8/18/2024 15:16,image_4983.jpg,faible,Ouvert,,,REF-945456
fa7dd4aa-2dbd-41bd-b5a3-38fd4f950ee0,COM-73521,USR-6154,ArticleManquant,"Petit souci, il manquait dessert dans la commande.",6/25/2025 15:16,,faible,Résolu,6/26/2025 16:16,MOD-3,REF-683102
ca568c46-fdd9-4677-9ec6-aaf6890d0516,COM-74549,USR-2892,LivraisonRetard,"Livraison retardée de 90 minutes, totalement inacceptable !",1/1/2025 15:16,,moyen,Résolu,1/2/2025 18:16,MOD-19,REF-199656
9529e45c-ac64-4ac7-92fb-a00d8dec63d1,COM-18150,USR-8569,CommandeErronée,"Livré pâtes, mais je voulais pâtes, c'est inacceptable.",6/15/2025 15:16,,faible,Escaladé,,,REF-889468
09cc03dc-6386-4985-a19a-ffe5c47d5ee2,COM-47228,USR-6853,ServiceClient,"Réponse lente du service client, qualité médiocre.",11/3/2024 15:16,image_1456.jpg,moyen,Ouvert,,,REF-662822
c3f2a6d1-6eb3-4482-ad36-88462af0a55f,COM-24609,USR-1317,CommandeErronée,"Commande erronée livrée, j'ai eu dessert et non pâtes.",11/27/2024 15:16,image_5099.jpg,faible,Escaladé,,,REF-185657
8bde7a13-e059-409a-9dd6-14ee8dcd1f5f,COM-42791,USR-3647,ArticleManquant,"frites manquant, veuillez résoudre immédiatement.",2/13/2025 15:16,"image_9228.jpg,image_8296.jpg",élevé,Ouvert,,,REF-417922
4040d7a2-4f25-42ea-9973-b905948d746e,COM-19803,USR-4788,NourritureEndommagée,"sushi était un peu trempé, mais mangeable.",11/8/2024 15:16,,faible,Résolu,11/9/2024 11:16,MOD-17,REF-430198
e3a13d9d-daf3-4020-8bec-97fb8aba5287,COM-34975,USR-3953,NourritureEndommagée,"La nourriture était froid, totalement immangeable.",5/3/2025 15:16,,élevé,Résolu,5/3/2025 17:16,MOD-19,REF-391476
d7fdb1ad-7c9c-42d6-8c82-1a3358ea8fb1,COM-56665,USR-7027,LivraisonRetard,"Retard de 30 minutes, c'est scandaleux et dérangeant !",5/26/2025 15:16,image_6178.jpg,élevé,Résolu,5/27/2025 17:16,MOD-19,REF-502753
0ee1f7f0-a3cd-4af2-afbe-d88775b4b3bc,COM-13061,USR-9906,NourritureEndommagée,"Tout était moisi, expérience catastrophique.",10/31/2024 15:16,,élevé,Ouvert,,,REF-571968
6a44c7b1-0b56-4ca7-9537-2302a4feab80,COM-80083,USR-7366,MauvaiseQualité,"sauce était froid, totalement dégoûtant !",7/5/2024 15:16,image_1920.jpg,élevé,Ouvert,,,REF-827469
864711b9-4315-43fd-893c-0de51b9f698c,COM-64715,USR-6479,CommandeErronée,J'ai reçu pizza au lieu de salade.,3/21/2025 15:16,,faible,Résolu,3/22/2025 0:16,MOD-16,REF-106625
2cb93141-6ade-490f-bf0e-906f4d6c6d04,COM-53543,USR-7788,ArticleManquant,"Pas de dessert, c'est inacceptable et frustrant !",5/5/2025 15:16,,moyen,Ouvert,,,REF-621276
746e0682-187e-4d11-97ff-2136a27e62f5,COM-78777,USR-8817,LivraisonRetard,"Livraison retardée de 90 minutes, totalement inacceptable !",6/23/2025 15:16,,moyen,Ouvert,,,REF-178581
fdfc274f-f534-42ed-82f1-437857a71b44,COM-64355,USR-9138,CommandeErronée,"Petite erreur, j'ai reçu boisson au lieu de sauce.",10/8/2024 15:16,image_4927.jpg,faible,Ouvert,,,REF-195798
dd779a56-5864-4d48-a4fd-a758a72def0c,COM-34025,USR-9300,NourritureEndommagée,"Tout était brûlé, expérience catastrophique.",7/10/2024 15:16,image_5362.jpg,élevé,Ouvert,,,REF-584424
704f9a38-6b81-4720-9ab1-bc23b6380da4,COM-36524,USR-2508,MauvaiseQualité,"Qualité médiocre de sauce, très frustrant.",6/2/2025 15:16,,moyen,Escaladé,,,REF-940737
8232476d-1786-48ee-bc2a-602cdf03319c,COM-67762,USR-4667,CommandeErronée,"Commande incorrecte, mais le goût de sauce était acceptable.",8/11/2024 15:16,image_7550.jpg,moyen,Ouvert,,,REF-783197
2346b54a-8be9-47cf-9d17-e011f5a4e4ca,COM-77897,USR-8018,CommandeErronée,"Livré dessert, mais je voulais sauce, c'est inacceptable.",6/28/2025 15:16,,faible,Ouvert,,,REF-308428
a267e401-4f89-4171-8ae3-51ec80b67274,COM-97067,USR-6254,ServiceClient,"Service client injoignable, c'est insupportable !",3/2/2025 15:16,,élevé,Ouvert,,,REF-171606
c753c466-e45c-466a-9d81-5dd164ad161e,COM-48292,USR-6011,LivraisonRetard,"J'ai attendu 2 heures pour ma commande, très frustrant.",3/21/2025 15:16,image_5765.jpg,élevé,Escaladé,,,REF-811358
16b43fd1-aae1-4f70-94a8-2db80a96b819,COM-77449,USR-2632,ArticleManquant,Pourriez-vous vérifier pourquoi pizza n'était pas inclus ?,11/3/2024 15:16,,faible,Résolu,11/4/2024 15:16,MOD-16,REF-724236
3e6b00a3-efa9-47e0-b116-61c954c44546,COM-83305,USR-9710,NourritureEndommagée,"pizza est arrivé brûlé, besoin d'un remplacement.",12/28/2024 15:16,image_5368.jpg,faible,Ouvert,,,REF-623616
21e1b77a-d02c-4008-b4d1-c81100bb74b9,COM-55680,USR-6529,CommandeErronée,"Commande erronée livrée, j'ai eu sandwich et non pâtes.",2/5/2025 15:16,,faible,Résolu,2/5/2025 23:16,MOD-19,REF-775683
c51a2c83-3707-4dab-aea6-12f1d3d4cc97,COM-69816,USR-8598,ArticleManquant,Pourriez-vous vérifier pourquoi boisson n'était pas inclus ?,10/22/2024 15:16,image_9532.jpg,faible,Escaladé,,,REF-933372
7a6c5938-9d9b-445e-b1de-85128f8e33d3,COM-40987,USR-4878,NourritureEndommagée,"burger était un peu sans goût, mais mangeable.",8/31/2024 15:16,"image_6944.jpg,image_7134.jpg",faible,Escaladé,,,REF-252446
196eb673-8693-45a6-914d-923804342c60,COM-13881,USR-4683,NourritureEndommagée,"frites était gâté, qualité inacceptable.",5/29/2025 15:16,image_9613.jpg,élevé,Ouvert,,,REF-659839
3d3d5171-9426-44e9-9008-50c164e617fa,COM-16218,USR-1087,ArticleManquant,Pourriez-vous vérifier pourquoi sauce n'était pas inclus ?,7/31/2024 15:16,,faible,Résolu,8/1/2024 0:16,MOD-11,REF-463795
f6ad25c9-08c1-4497-9b35-21f32909ac68,COM-88524,USR-8698,CommandeErronée,"Mauvais article livré, frites à la place de dessert.",10/20/2024 15:16,,faible,Ouvert,,,REF-480645
88da91c2-5e8b-484e-989b-21fab5523b7d,COM-90615,USR-4743,ArticleManquant,"Il manque burger dans ma commande, très décevant.",3/21/2025 15:16,,moyen,Ouvert,,,REF-486857
f772274c-009b-4223-b626-f8e2714c4e12,COM-38380,USR-5384,ArticleManquant,"Je n'ai pas reçu sushi, besoin d'un remboursement.",8/12/2024 15:16,image_4542.jpg,faible,Ouvert,,,REF-367356
cfa7c4cf-107c-4353-8e88-42f4b619c56b,COM-76785,USR-4235,ProblèmePaiement,"Problème de paiement, remboursement requis immédiatement.",6/21/2025 15:16,image_3243.jpg,élevé,Escaladé,,,REF-916331
32a542e6-f727-4d43-b866-1e667f7b4675,COM-75217,USR-3413,ServiceClient,"Petit souci avec le support, mais acceptable.",1/10/2025 15:16,,faible,Ouvert,,,REF-713513
21b9a2fa-c70b-43fc-8f21-be60189e80d5,COM-89984,USR-9403,CommandeErronée,J'ai reçu pâtes au lieu de boisson.,1/21/2025 15:16,image_5828.jpg,faible,Escaladé,,,REF-171345
52a8d41b-ceea-4cf9-80c7-203f306d18a9,COM-91702,USR-9043,MauvaiseQualité,"La nourriture était sans goût, pas à la hauteur.",6/13/2025 15:16,,faible,Résolu,6/14/2025 9:16,MOD-6,REF-248048
88842cf5-8c1f-4b29-8735-02a3c09c3180,COM-68505,USR-8116,LivraisonRetard,"Retard de 2 heures, c'est scandaleux et dérangeant !",7/3/2024 15:16,,élevé,Escaladé,,,REF-864820
998f2ff4-b846-4e2a-9446-44db5a106031,COM-52930,USR-9511,ServiceClient,"Le service client n'a pas résolu mon problème, frustrant.",9/15/2024 15:16,,élevé,Ouvert,,,REF-669297
3c6091c6-b197-417a-a61b-d1e207969d8b,COM-57522,USR-3491,ProblèmePaiement,"Problème de paiement, remboursement requis immédiatement.",5/26/2025 15:16,image_8004.jpg,élevé,Ouvert,,,REF-325934
7d5f5933-7c29-45a8-b2cd-efebaf043cf9,COM-20664,USR-4361,ProblèmePaiement,"Erreur de facturation pour dessert, très frustrant.",5/21/2025 15:16,,moyen,Ouvert,,,REF-642654
08ae44b3-a2ac-447c-8caf-e86cad2ccf49,COM-88740,USR-7881,NourritureEndommagée,"frites était un peu sans goût, mais mangeable.",11/14/2024 15:16,image_4460.jpg,faible,Escaladé,,,REF-689885
d8108a5c-1607-490a-aee9-96b36902f6a3,COM-18375,USR-4065,ServiceClient,"Service client injoignable, c'est insupportable !",3/15/2025 15:16,image_7032.jpg,élevé,Escaladé,,,REF-133494
d74c8859-a944-4f81-b181-fed0f2d8afc1,COM-72332,USR-8378,LivraisonRetard,"Petit retard de 1 heure, mais la nourriture était correcte.",1/14/2025 15:16,,moyen,Ouvert,,,REF-696442
3103a3f9-4c2e-4905-8d3c-82de14295305,COM-60995,USR-4637,ProblèmePaiement,"Surfacturation de la commande, service client désastreux.",4/30/2025 15:16,image_2161.jpg,élevé,Escaladé,,,REF-273738
1b5915dd-99a2-44ea-97f6-f82503fb744e,COM-46126,USR-1602,CommandeErronée,"Erreur sur ma commande : salade au lieu de dessert, très agaçant.",10/10/2024 15:16,image_5974.jpg,élevé,Escaladé,,,REF-202413
f6cb520d-6b7d-4fd6-bb78-1cd5d76a6fd7,COM-29368,USR-9231,MauvaiseQualité,"burger était moisi, totalement dégoûtant !",2/7/2025 15:16,,élevé,Escaladé,,,REF-268553
e7e42756-a599-4d2f-8fbe-ef3e518bb477,COM-59960,USR-2974,ServiceClient,"Mauvaise expérience avec le support, très décevant.",3/28/2025 15:16,image_6456.jpg,élevé,Escaladé,,,REF-788220
304b3e7c-d7bc-4ea0-af40-36fb357afc33,COM-49859,USR-5803,LivraisonRetard,"Livraison retardée de 3 heures, totalement inacceptable !",6/30/2025 15:16,image_4038.jpg,élevé,Résolu,7/1/2025 6:16,MOD-8,REF-324120
cbbf2daf-b399-40d3-ac6f-da4f7c87c912,COM-14418,USR-8255,ArticleManquant,Pourriez-vous vérifier pourquoi sauce n'était pas inclus ?,1/12/2025 15:16,,faible,Escaladé,,,REF-556673
56823699-48cf-4fce-89a5-15d627047f43,COM-69354,USR-6934,MauvaiseQualité,"burger était moisi, je ne commanderai plus.",11/24/2024 15:16,"image_4481.jpg,image_8906.jpg",élevé,Escaladé,,,REF-347337
1d74f48c-9dd5-424f-bf47-d79cbbf53fcd,COM-55618,USR-8006,MauvaiseQualité,"Très mauvaise qualité de dessert, immangeable.",7/26/2024 15:16,,élevé,Escaladé,,,REF-205230
5c28b06f-0342-41fe-891b-b8296fba98d5,COM-67124,USR-8481,LivraisonRetard,"La commande a été livrée avec 2 heures de retard, la nourriture était froide.",3/13/2025 15:16,,élevé,Ouvert,,,REF-708486
8055e97f-097a-408b-b25d-6eb3ac4f7f9d,COM-93008,USR-6541,MauvaiseQualité,"Le goût de boisson était un peu brûlé, mais acceptable.",10/26/2024 15:16,"image_4292.jpg,image_4136.jpg",moyen,Ouvert,,,REF-147318
8fd69e3e-ea23-4cdf-bf54-600c080cde32,COM-68745,USR-6509,ServiceClient,"Le service client n'a pas résolu mon problème, frustrant.",12/27/2024 15:16,,moyen,Ouvert,,,REF-694052
5a8a42ca-0e22-4d51-9007-12a8c1ba49d9,COM-31371,USR-8739,MauvaiseQualité,"frites était moisi, totalement dégoûtant !",1/25/2025 15:16,image_5551.jpg,élevé,Résolu,1/26/2025 17:16,MOD-9,REF-741318
34dfe0d2-8c76-4413-aee3-dd1ad2b1423b,COM-22980,USR-3934,NourritureEndommagée,"pizza livré sans goût, c'est scandaleux et dangereux !",3/7/2025 15:16,image_8957.jpg,élevé,Résolu,3/8/2025 1:16,MOD-10,REF-302917
793cc412-3559-40be-b499-418539b70fbd,COM-33624,USR-9123,ProblèmePaiement,"Petite erreur de facturation, mais gênante.",7/17/2024 15:16,"image_3561.jpg,image_1179.jpg",élevé,Ouvert,,,REF-741814
82a91d92-b790-4422-af06-f03256004376,COM-77435,USR-8781,MauvaiseQualité,"sushi n'était pas terrible, qualité moyenne.",7/3/2024 15:16,image_9895.jpg,moyen,Escaladé,,,REF-538415
41122b68-a0b8-4e3d-99f2-13f20a458791,COM-92695,USR-7567,ProblèmePaiement,"Petite erreur de facturation, mais gênante.",7/8/2024 15:16,"image_9724.jpg,image_4407.jpg",élevé,Ouvert,,,REF-835315
5d0dacd9-8b52-4eec-8d8d-b911844163bb,COM-74976,USR-6404,LivraisonRetard,"J'ai attendu 30 minutes pour ma commande, très frustrant.",3/26/2025 15:16,image_3558.jpg,élevé,Escaladé,,,REF-592898
62d285e3-7a54-40b5-af6f-980596d49ebc,COM-90764,USR-4884,ProblèmePaiement,"Problème mineur avec le paiement, veuillez vérifier.",8/8/2024 15:16,,moyen,Ouvert,,,REF-642278
03a8e9a8-b154-4bd0-bea5-466fe2398cf4,COM-65251,USR-5093,NourritureEndommagée,"boisson est arrivé mal emballé, besoin d'un remplacement.",11/7/2024 15:16,image_5717.jpg,faible,Résolu,11/9/2024 11:16,MOD-15,REF-599400
e7fb812b-1c5d-43bd-b714-8366fffa3f36,COM-88930,USR-7553,MauvaiseQualité,"Très mauvaise qualité de sushi, immangeable.",7/8/2024 15:16,image_5363.jpg,élevé,Résolu,7/9/2024 6:16,MOD-5,REF-244132
37eb140f-c861-46d3-98ce-49821b795f34,COM-13918,USR-9285,CommandeErronée,"Petite erreur, j'ai reçu sushi au lieu de salade.",10/28/2024 15:16,image_2622.jpg,faible,Escaladé,,,REF-445996
95c52e88-a5d2-4bed-ad27-ba69df573fc0,COM-33676,USR-5570,NourritureEndommagée,"salade était un peu froid, mais mangeable.",8/4/2024 15:16,,faible,Ouvert,,,REF-363898
e3e98550-22f0-46d2-ad42-114c6542c447,COM-54324,USR-5280,ServiceClient,"Service client injoignable, c'est insupportable !",7/6/2024 15:16,,élevé,Escaladé,,,REF-989049
33ebf53b-668f-4db3-850a-4dd39799a232,COM-38699,USR-5350,MauvaiseQualité,"Qualité médiocre de dessert, très frustrant.",5/24/2025 15:16,,moyen,Résolu,5/25/2025 23:16,MOD-17,REF-317181
abf35a3b-3789-4e43-8325-b25dbc571704,COM-28158,USR-5999,CommandeErronée,"Petite erreur, j'ai reçu dessert au lieu de pâtes.",11/2/2024 15:16,,faible,Résolu,11/4/2024 8:16,MOD-5,REF-698350
45cbb86e-33f9-466b-9c02-62c5afc15fe7,COM-79056,USR-3503,ServiceClient,"Le service client n'a pas résolu mon problème, frustrant.",11/14/2024 15:16,"image_6490.jpg,image_5305.jpg",élevé,Résolu,11/15/2024 2:16,MOD-5,REF-949864
a6b4a0f6-8753-4abd-a8fd-4e97dd3bbaa7,COM-14740,USR-1080,LivraisonRetard,"Petit retard de 1 heure, mais la nourriture était correcte.",6/23/2025 15:16,,moyen,Ouvert,,,REF-340249
66d0ec52-106d-46af-8ac4-861c8143e5a5,COM-69396,USR-7398,ArticleManquant,"Petit souci, il manquait dessert dans la commande.",8/12/2024 15:16,,faible,Résolu,8/13/2024 14:16,MOD-1,REF-956865
6717086c-f417-4492-88c9-4d374242b6f3,COM-28470,USR-7146,ServiceClient,"Service client correct, mais pourrait être plus rapide.",7/16/2024 15:16,image_9632.jpg,moyen,Escaladé,,,REF-678743
baed778a-3a0c-45a8-8e44-306cddd2f64e,COM-93014,USR-2261,ProblèmePaiement,"Petite erreur de facturation, mais gênante.",2/7/2025 15:16,,moyen,Escaladé,,,REF-389354
a49623b7-74b9-4dea-b80c-a9782dea2b1d,COM-21419,USR-5590,NourritureEndommagée,"pâtes livré sans goût, c'est scandaleux et dangereux !",9/3/2024 15:16,"image_2186.jpg,image_5983.jpg",élevé,Résolu,9/3/2024 23:16,MOD-7,REF-609978
77ca0f53-635a-437b-b3ce-8e8c9458b3c0,COM-66702,USR-2598,ProblèmePaiement,"J'ai été facturé deux fois pour ma commande, c'est inacceptable !",8/30/2024 15:16,image_5158.jpg,élevé,Résolu,8/31/2024 5:16,MOD-19,REF-677579
a0607f76-3f69-46e3-96ac-86d157a402a5,COM-41253,USR-2130,NourritureEndommagée,"Tout était froid, expérience catastrophique.",10/30/2024 15:16,image_8090.jpg,élevé,Escaladé,,,REF-993831
9411005d-bbb8-4940-9916-2484694d77b1,COM-46302,USR-5119,ProblèmePaiement,"Petite erreur de facturation, mais gênante.",1/2/2025 15:16,,moyen,Escaladé,,,REF-335636
a4e07b5e-9506-4b38-8b20-1ca5627ce871,COM-72445,USR-5515,NourritureEndommagée,"Commande endommagée, frites était légèrement écrasé.",1/11/2025 15:16,,faible,Résolu,1/12/2025 21:16,MOD-13,REF-757320
602ab5ad-896b-4eaf-be5c-63a5891d9263,COM-53567,USR-9340,MauvaiseQualité,"La nourriture était gâté, pas à la hauteur.",7/10/2024 15:16,,élevé,Escaladé,,,REF-279764
2e1391a0-d0b4-41d2-9009-3f61689bd021,COM-88755,USR-8616,CommandeErronée,"Petite erreur, j'ai reçu dessert au lieu de pizza.",12/10/2024 15:16,image_4642.jpg,faible,Résolu,12/11/2024 3:16,MOD-10,REF-439344
8cbce672-c56d-43e4-b1dd-6a426b6bbbce,COM-64642,USR-1326,MauvaiseQualité,"boisson était mal emballé, je ne commanderai plus.",3/10/2025 15:16,image_7092.jpg,faible,Escaladé,,,REF-984557
2656e061-ce6a-4d7b-8354-6050195580a8,COM-24304,USR-6022,MauvaiseQualité,"frites était mal emballé, je ne commanderai plus.",7/3/2024 15:16,,faible,Résolu,7/3/2024 22:16,MOD-5,REF-318535
4cd0bc2c-6c2e-40a6-ac92-17308011fe46,COM-70931,USR-5716,MauvaiseQualité,"Qualité médiocre de pâtes, très frustrant.",6/6/2025 15:16,image_1233.jpg,élevé,Résolu,6/7/2025 0:16,MOD-10,REF-970247
6b9a896a-83ec-49db-991a-97c88f61f62b,COM-28844,USR-4990,ArticleManquant,"Pas de sauce, c'est inacceptable et frustrant !",4/27/2025 15:16,image_7605.jpg,élevé,Ouvert,,,REF-763922
4f4329ce-94fd-4063-bc77-fe30400a8f26,COM-96609,USR-5168,MauvaiseQualité,"frites n'était pas terrible, qualité moyenne.",3/12/2025 15:16,,faible,Résolu,3/13/2025 4:16,MOD-2,REF-862903
897b9a92-6d01-4ffe-a7df-8ac881d7ea47,COM-92300,USR-8442,NourritureEndommagée,"dessert était sans goût, qualité inacceptable.",8/18/2024 15:16,,élevé,Ouvert,,,REF-428423
d7a21282-b447-4bc6-9514-abba7c04516e,COM-32001,USR-4319,LivraisonRetard,"Livraison en retard de 90 minutes, c'est gênant mais acceptable.",9/2/2024 15:16,,moyen,Résolu,9/3/2024 10:16,MOD-6,REF-178425
26018782-9dbe-450f-b165-d94ba2d981b8,COM-48548,USR-9934,ArticleManquant,"Commande incomplète, sandwich non livré.",1/20/2025 15:16,,faible,Ouvert,,,REF-145018
2af175b8-dab0-4535-9a62-05e4da5264c5,COM-45689,USR-7696,MauvaiseQualité,"sushi était mal emballé, totalement dégoûtant !",10/15/2024 15:16,,élevé,Escaladé,,,REF-240168
dcffa909-4e2d-455e-b97c-784ec2a1e04b,COM-36154,USR-3381,NourritureEndommagée,"sauce livré sans goût, c'est scandaleux et dangereux !",9/16/2024 15:16,image_6766.jpg,élevé,Escaladé,,,REF-308894
4dbb0a0b-2b2b-4bb3-b65a-ecaee3ec5883,COM-97746,USR-4137,LivraisonRetard,"J'ai attendu 90 minutes pour ma commande, très frustrant.",3/28/2025 15:16,,moyen,Escaladé,,,REF-364312
93adf437-fa9b-4506-9eb8-d5dfff81ef24,COM-30325,USR-1096,NourritureEndommagée,"La nourriture était froid, totalement immangeable.",9/12/2024 15:16,,élevé,Résolu,9/13/2024 1:16,MOD-11,REF-918760
2298f828-0517-4068-9d20-d6699dbffef7,COM-75749,USR-3954,MauvaiseQualité,"Le goût de sauce était un peu gâté, mais acceptable.",11/30/2024 15:16,image_8044.jpg,élevé,Ouvert,,,REF-785851
0864a7da-6d76-4e8b-89eb-0644ca4f71e0,COM-81336,USR-1474,NourritureEndommagée,"dessert livré sans goût, c'est scandaleux et dangereux !",3/22/2025 15:16,,élevé,Ouvert,,,REF-268873
fb982d43-4776-44ab-ae28-8fbaf85dc5aa,COM-91699,USR-2471,MauvaiseQualité,"Très mauvaise qualité de salade, immangeable.",2/6/2025 15:16,"image_3064.jpg,image_9652.jpg",élevé,Résolu,2/7/2025 5:16,MOD-3,REF-524246
7a0971af-2cbd-4087-b4e2-22c07f63a32f,COM-44565,USR-6195,ArticleManquant,"Il manque dessert dans ma commande, très décevant.",1/31/2025 15:16,image_4560.jpg,élevé,Ouvert,,,REF-790049
b3372036-d377-4ef1-bebd-1203925bad59,COM-12946,USR-4995,NourritureEndommagée,"Tout était froid, expérience catastrophique.",8/15/2024 15:16,image_3583.jpg,élevé,Escaladé,,,REF-830010
7d8fe805-7243-460a-828a-25d647ec4469,COM-43788,USR-4155,NourritureEndommagée,"sauce était un peu écrasé, mais mangeable.",5/27/2025 15:16,image_6796.jpg,faible,Escaladé,,,REF-421965
9988e2df-0307-4cd8-abc8-9f7a49119f7e,COM-98128,USR-1797,LivraisonRetard,"La commande a été livrée avec 2 heures de retard, la nourriture était froide.",4/4/2025 15:16,image_8799.jpg,élevé,Ouvert,,,REF-526370
cdb4d01b-6ac2-4674-b8cc-3d7ad06fe0e1,COM-69044,USR-2248,ServiceClient,"Réponse lente du service client, qualité médiocre.",1/29/2025 15:16,,faible,Escaladé,,,REF-634964
8d7193ff-c59f-462e-a4e0-7965c72711cc,COM-64512,USR-9597,NourritureEndommagée,"La commande était sans goût, très déçu.",2/21/2025 15:16,image_3165.jpg,faible,Ouvert,,,REF-468781
155f9bb3-81fe-4735-a32e-5ebcb40306ee,COM-44299,USR-4888,ArticleManquant,"Pas de sauce, c'est inacceptable et frustrant !",7/13/2024 15:16,,moyen,Résolu,7/15/2024 3:16,MOD-15,REF-312940
ae87c131-b41c-4e7f-bd9f-fd38b094cd9f,COM-32070,USR-5252,ArticleManquant,"Je n'ai pas reçu burger, besoin d'un remboursement.",8/15/2024 15:16,"image_3220.jpg,image_6979.jpg",faible,Résolu,8/15/2024 23:16,MOD-17,REF-999598
1e2f27cd-3c27-4273-86ef-96c500d3faa0,COM-90374,USR-8842,MauvaiseQualité,"Très mauvaise qualité de dessert, immangeable.",7/17/2024 15:16,image_3244.jpg,élevé,Ouvert,,,REF-637341
ce0b7276-565d-4722-80d7-1a7e20de10d5,COM-40340,USR-2643,NourritureEndommagée,"sandwich est arrivé mal emballé, besoin d'un remplacement.",8/17/2024 15:16,image_6140.jpg,faible,Ouvert,,,REF-314031
34768412-2624-4762-8bbb-b667a5293b38,COM-19997,USR-8273,ProblèmePaiement,"J'ai été facturé deux fois pour ma commande, c'est inacceptable !",4/13/2025 15:16,,élevé,Résolu,4/15/2025 14:16,MOD-9,REF-107187
5ece22f1-1b19-46e5-b859-b7c5f4336d2a,COM-69522,USR-2116,ArticleManquant,Pourriez-vous vérifier pourquoi pizza n'était pas inclus ?,9/29/2024 15:16,image_2227.jpg,faible,Résolu,9/30/2024 8:16,MOD-3,REF-483181
c21b4032-a50e-4096-821c-f282e63ed183,COM-76475,USR-9570,MauvaiseQualité,"Le goût de burger était un peu moisi, mais acceptable.",11/2/2024 15:16,"image_7366.jpg,image_8838.jpg",élevé,Ouvert,,,REF-610425
1419dc72-b435-49f4-a03a-4c4da1468723,COM-34757,USR-5302,MauvaiseQualité,"Très mauvaise qualité de dessert, immangeable.",8/31/2024 15:16,image_4049.jpg,élevé,Ouvert,,,REF-238346
c9a49cd1-d47b-43e8-9618-84fd26db2f16,COM-11136,USR-9388,ServiceClient,"Petit souci avec le support, mais acceptable.",1/27/2025 15:16,image_9998.jpg,moyen,Escaladé,,,REF-637501
95f1e202-5c73-4b22-8341-a7afad644307,COM-42866,USR-9486,NourritureEndommagée,"pizza est arrivé gâté, besoin d'un remplacement.",2/22/2025 15:16,,élevé,Résolu,2/23/2025 23:16,MOD-5,REF-991624
7e1b2690-38d3-4cfc-a35a-2fbf0adf5f94,COM-63075,USR-9387,ProblèmePaiement,"Erreur de facturation pour boisson, très frustrant.",9/6/2024 15:16,,moyen,Ouvert,,,REF-339024
71aee8e0-b70b-4656-bc81-909d56e81dfa,COM-59413,USR-6758,LivraisonRetard,"Petit retard de 90 minutes, mais la nourriture était correcte.",12/14/2024 15:16,"image_5646.jpg,image_8133.jpg",élevé,Ouvert,,,REF-810523
192514b4-b324-402a-ab42-3858cbbe7e83,COM-61635,USR-5634,ProblèmePaiement,"Surfacturation de la commande, service client désastreux.",11/18/2024 15:16,,élevé,Résolu,11/19/2024 17:16,MOD-2,REF-165658
cfe034ab-bb52-46b2-8559-0fd47b141559,COM-85724,USR-1019,MauvaiseQualité,"pâtes était gâté, totalement dégoûtant !",3/21/2025 15:16,image_7203.jpg,élevé,Ouvert,,,REF-559625
4f3c60c2-469f-4ce5-b5b1-a0cace6d577a,COM-44034,USR-3340,ProblèmePaiement,"J'ai été facturé deux fois pour ma commande, c'est inacceptable !",8/8/2024 15:16,,élevé,Résolu,8/9/2024 20:16,MOD-6,REF-423340
88573481-1619-445b-a5e9-6cd17841532a,COM-59351,USR-8711,LivraisonRetard,"Livraison en retard de 90 minutes, c'est gênant mais acceptable.",4/10/2025 15:16,"image_2421.jpg,image_4184.jpg",élevé,Escaladé,,,REF-872832
3f274af3-b903-40e6-ad9c-356b7ce8a000,COM-37358,USR-6319,ProblèmePaiement,"Petite erreur de facturation, mais gênante.",8/2/2024 15:16,,moyen,Résolu,8/3/2024 12:16,MOD-4,REF-644042
7926fdff-f4fe-440b-ba0c-e98fd746990e,COM-86529,USR-7870,CommandeErronée,"J'ai commandé pizza, mais j'ai reçu frites.",7/24/2024 15:16,,faible,Ouvert,,,REF-757461
69c6dea9-9510-4031-90f1-be7548b0d612,COM-95331,USR-5727,MauvaiseQualité,"La nourriture était gâté, pas à la hauteur.",10/15/2024 15:16,,élevé,Escaladé,,,REF-306774
2c596e3f-17d4-4283-b87d-11a16bcb17fb,COM-97367,USR-6906,ProblèmePaiement,"Problème mineur avec le paiement, veuillez vérifier.",6/4/2025 15:16,,moyen,Ouvert,,,REF-972083
2f59b815-011a-4e24-8114-a5b666229ee7,COM-46454,USR-9223,NourritureEndommagée,"Tout était écrasé, expérience catastrophique.",11/26/2024 15:16,,élevé,Ouvert,,,REF-423263
4627b9f5-3eb0-4f43-bce6-fa13fd0e9cd0,COM-49902,USR-9598,ArticleManquant,"Pas de pizza, c'est inacceptable et frustrant !",12/17/2024 15:16,"image_7581.jpg,image_4513.jpg",élevé,Escaladé,,,REF-613446
678a73d7-6ecc-4866-8738-809e6d94ac5e,COM-74328,USR-1058,NourritureEndommagée,"Commande endommagée, dessert était légèrement moisi.",5/25/2025 15:16,,élevé,Résolu,5/26/2025 13:16,MOD-9,REF-464945
9688a0d1-67e8-447d-8076-552e7d5abe05,COM-66423,USR-9260,ServiceClient,"Réponse lente du service client, qualité médiocre.",1/6/2025 15:16,image_4934.jpg,moyen,Escaladé,,,REF-673127
25348192-47b2-4153-baf0-0d2005f0a954,COM-32705,USR-1538,ProblèmePaiement,"Problème de paiement, remboursement requis immédiatement.",10/20/2024 15:16,,élevé,Résolu,10/20/2024 23:16,MOD-19,REF-504227
22c6c803-044e-453b-98e8-47ac51b3af0d,COM-50655,USR-1763,LivraisonRetard,"Livraison en retard de 3 heures, c'est gênant mais acceptable.",10/13/2024 15:16,,élevé,Ouvert,,,REF-431558
014913bf-76f7-4ba5-9dd7-3ba76f6bb052,COM-98865,USR-6845,ServiceClient,"Petit souci avec le support, mais acceptable.",10/15/2024 15:16,,faible,Escaladé,,,REF-392138
c01e6ef8-abbb-40a5-8ed9-cd8eb786a391,COM-15885,USR-2589,MauvaiseQualité,"pâtes était froid, je ne commanderai plus.",3/25/2025 15:16,,faible,Ouvert,,,REF-139524
be1e23d9-ae55-41ca-a962-30a218ffe46d,COM-77089,USR-5330,LivraisonRetard,"Retard de 30 minutes, c'est scandaleux et dérangeant !",9/1/2024 15:16,,moyen,Résolu,9/1/2024 16:16,MOD-8,REF-599151
dfa87db8-a844-44df-824f-05eec2ea32a9,COM-62557,USR-2669,CommandeErronée,J'ai reçu boisson au lieu de sushi.,7/9/2024 15:16,image_8131.jpg,faible,Ouvert,,,REF-597917
590647ba-9982-47e4-ae4c-fe8f559975a3,COM-30227,USR-5348,NourritureEndommagée,"La commande était trempé, très déçu.",10/12/2024 15:16,image_5936.jpg,faible,Escaladé,,,REF-441790
737ef42e-bb1f-450f-9fb1-ae11d9cf250d,COM-75462,USR-6421,ArticleManquant,"Manque sandwich, service médiocre.",4/3/2025 15:16,,faible,Résolu,4/4/2025 16:16,MOD-9,REF-828841
e66fabca-117c-4e39-82f9-8a197f153148,COM-65641,USR-2129,ServiceClient,"Petit souci avec le support, mais acceptable.",12/7/2024 15:16,image_7909.jpg,moyen,Résolu,12/9/2024 13:16,MOD-8,REF-497335
931312f7-ff2f-4e34-83a9-97b144975e0f,COM-20311,USR-8866,LivraisonRetard,"La nourriture est arrivée avec 1 heure de retard, service décevant.",8/7/2024 15:16,,moyen,Ouvert,,,REF-487796
22fa2611-0ce1-400f-8b5d-8720046229ae,COM-53240,USR-2886,ProblèmePaiement,"Erreur de facturation pour dessert, très frustrant.",12/9/2024 15:16,image_6011.jpg,élevé,Escaladé,,,REF-881890
658d93e0-719d-4f6e-a659-a99d1a120bd1,COM-19510,USR-7143,NourritureEndommagée,"Tout était gâté, expérience catastrophique.",1/14/2025 15:16,image_1456.jpg,élevé,Ouvert,,,REF-930495
6eaea946-5f69-454a-b03a-cb7517efb197,COM-45617,USR-8711,ServiceClient,"Service client injoignable, c'est insupportable !",3/24/2025 15:16,"image_2711.jpg,image_7376.jpg",élevé,Ouvert,,,REF-194138
a30af524-615e-41d7-9d24-ef7d5c6cc724,COM-78847,USR-6084,NourritureEndommagée,"sauce livré gâté, c'est scandaleux et dangereux !",3/26/2025 15:16,image_8062.jpg,élevé,Résolu,3/26/2025 17:16,MOD-12,REF-616452
ffd70499-0169-48e7-b652-ddb48e7ded11,COM-95717,USR-3596,ProblèmePaiement,"Petite erreur de facturation, mais gênante.",11/22/2024 15:16,image_4261.jpg,élevé,Résolu,11/24/2024 3:16,MOD-15,REF-256054
8c1e42a2-b8c6-4233-8001-a260be14ff5c,COM-38111,USR-4523,NourritureEndommagée,"La nourriture était gâté, totalement immangeable.",9/16/2024 15:16,,élevé,Ouvert,,,REF-883693
d79d2927-6f79-4da4-8d13-19a7cc477e24,COM-13406,USR-7415,ArticleManquant,"Petit souci, il manquait dessert dans la commande.",7/28/2024 15:16,,faible,Résolu,7/30/2024 4:16,MOD-5,REF-668285
4df7a604-bd00-4854-b83b-06d741c0d2da,COM-47333,USR-5122,NourritureEndommagée,"Commande endommagée, frites était légèrement gâté.",9/26/2024 15:16,,élevé,Escaladé,,,REF-143882
f322b4f8-db29-4fe4-b76c-96224b8dd6f5,COM-44768,USR-6221,MauvaiseQualité,"pâtes n'était pas terrible, qualité moyenne.",6/17/2025 15:16,,faible,Escaladé,,,REF-213192
b10678f6-66a7-4f14-99b2-f45432a5b1a5,COM-22688,USR-9617,LivraisonRetard,"J'ai attendu 30 minutes pour ma commande, très frustrant.",12/20/2024 15:16,,élevé,Ouvert,,,REF-481312
d266087e-2164-4339-95ef-34a905bb48d9,COM-51751,USR-2128,CommandeErronée,"J'ai commandé boisson, mais j'ai reçu salade.",10/10/2024 15:16,,faible,Résolu,10/12/2024 8:16,MOD-2,REF-406839
bfc4f0f2-ca77-496e-8d26-c04a65511ba1,COM-36351,USR-1519,CommandeErronée,"Mauvais article livré, pâtes à la place de sandwich.",7/7/2024 15:16,image_3161.jpg,faible,Résolu,7/8/2024 7:16,MOD-20,REF-693646
3496f95e-dbc0-4049-b520-30104e0eb257,COM-96147,USR-5428,ArticleManquant,Pourriez-vous vérifier pourquoi dessert n'était pas inclus ?,11/2/2024 15:16,,faible,Escaladé,,,REF-969880
f96037d0-6d07-4bbe-8ec1-ac069d32e3cc,COM-80964,USR-6680,ProblèmePaiement,"Erreur de facturation pour salade, très frustrant.",4/1/2025 15:16,image_9040.jpg,élevé,Ouvert,,,REF-138040
3cd954b2-3e23-4e68-a0f2-8f67d9f282f4,COM-30209,USR-2980,NourritureEndommagée,"La nourriture était écrasé, totalement immangeable.",5/3/2025 15:16,,élevé,Escaladé,,,REF-317533
c97eeea9-3768-442e-ba3b-b4c920f00452,COM-61877,USR-4391,LivraisonRetard,"J'ai attendu 2 heures pour ma commande, très frustrant.",3/3/2025 15:16,,élevé,Ouvert,,,REF-337434
4cc2fd3d-d8a4-466c-99d4-9adf4910ba9e,COM-83127,USR-9789,LivraisonRetard,"Livraison retardée de 2 heures, totalement inacceptable !",1/20/2025 15:16,,élevé,Escaladé,,,REF-538350
cbb82ce4-f4d7-4fad-a364-3b2c6c5a0605,COM-38369,USR-9461,ServiceClient,"Mauvaise expérience avec le support, très décevant.",11/12/2024 15:16,,moyen,Résolu,11/14/2024 5:16,MOD-12,REF-913010
4fa11f05-5c14-4b31-84c8-d6dca69db7e1,COM-67792,USR-5240,ProblèmePaiement,"Petite erreur de facturation, mais gênante.",10/1/2024 15:16,image_2276.jpg,élevé,Escaladé,,,REF-473217
f37dd5c9-5b83-4880-97e5-dff1daf658ff,COM-82839,USR-7468,ServiceClient,"Service client correct, mais pourrait être plus rapide.",1/10/2025 15:16,image_1986.jpg,moyen,Ouvert,,,REF-376454
bbcca907-591d-4bc5-98f0-898a5c69feb3,COM-85230,USR-3429,MauvaiseQualité,"Qualité médiocre de pizza, très frustrant.",11/14/2024 15:16,image_3315.jpg,élevé,Ouvert,,,REF-972353
a5cf8fee-6e11-44f9-8663-224d1a072065,COM-60199,USR-6299,LivraisonRetard,"Petit retard de 90 minutes, mais la nourriture était correcte.",9/9/2024 15:16,image_7982.jpg,élevé,Escaladé,,,REF-499263
2275bcb7-036a-49c4-ae5c-2f54aa618660,COM-38893,USR-4676,ArticleManquant,Pourriez-vous vérifier pourquoi pâtes n'était pas inclus ?,7/17/2024 15:16,image_4670.jpg,faible,Ouvert,,,REF-732492
9075c39e-c4df-40ba-ae67-59c7e37a199a,COM-94118,USR-3846,LivraisonRetard,"Livraison en retard de 30 minutes, c'est gênant mais acceptable.",2/19/2025 15:16,,moyen,Escaladé,,,REF-542885
6d98ddbb-e2ea-42ae-a5ad-f04626b3e4f3,COM-53870,USR-3626,LivraisonRetard,"La commande a été livrée avec 30 minutes de retard, la nourriture était froide.",3/3/2025 15:16,"image_7338.jpg,image_7131.jpg",moyen,Ouvert,,,REF-302157
3fc3cb9f-090a-415a-b179-72dc47bf4cd7,COM-24090,USR-5860,NourritureEndommagée,"pizza était un peu mal emballé, mais mangeable.",4/24/2025 15:16,image_2934.jpg,faible,Escaladé,,,REF-111458
ddb5037f-3de4-4f46-bab2-ce0c69319790,COM-90346,USR-5385,CommandeErronée,"Livré sushi, mais je voulais dessert, c'est inacceptable.",11/7/2024 15:16,image_3535.jpg,moyen,Résolu,11/8/2024 21:16,MOD-4,REF-116667
23f77cbd-ff04-4110-b9c9-9648322dd6dd,COM-42761,USR-4061,NourritureEndommagée,"sushi est arrivé mal emballé, besoin d'un remplacement.",2/15/2025 15:16,,faible,Résolu,2/16/2025 22:16,MOD-18,REF-969472
ec07a913-f838-41c7-8372-8717a123987b,COM-12559,USR-9364,MauvaiseQualité,"Le goût de salade était un peu sans goût, mais acceptable.",11/5/2024 15:16,,faible,Ouvert,,,REF-291503
be1f4083-d4ab-4d57-92d9-d872408913fb,COM-27877,USR-6102,MauvaiseQualité,"Qualité médiocre de dessert, très frustrant.",9/1/2024 15:16,image_7513.jpg,élevé,Escaladé,,,REF-241401
900f930d-28e5-4f49-a1c0-c62f608b3fbe,COM-67001,USR-2115,ArticleManquant,"pâtes manquant, veuillez résoudre immédiatement.",1/16/2025 15:16,image_9613.jpg,élevé,Escaladé,,,REF-231439
639c8785-8011-4d72-a24c-f217fbd70971,COM-91050,USR-8744,LivraisonRetard,"Livraison retardée de 1 heure, totalement inacceptable !",11/30/2024 15:16,image_2434.jpg,élevé,Escaladé,,,REF-125939
e3adc9eb-1c2e-4ede-8279-a515444f408f,COM-74149,USR-7392,ProblèmePaiement,"Petite erreur de facturation, mais gênante.",12/23/2024 15:16,,moyen,Résolu,12/24/2024 21:16,MOD-11,REF-537012
1bec224d-0d64-49ba-aadb-eeda31436b92,COM-37569,USR-6513,MauvaiseQualité,"burger était froid, je ne commanderai plus.",1/21/2025 15:16,,faible,Escaladé,,,REF-859461
b4390a77-c1e8-463f-9c66-eb660ab9c689,COM-98187,USR-9127,ServiceClient,"Mauvaise expérience avec le support, très décevant.",6/24/2025 15:16,,moyen,Ouvert,,,REF-948643
c124460a-118b-4120-96b6-748c9261596f,COM-35565,USR-3214,CommandeErronée,"Commande erronée livrée, j'ai eu boisson et non pizza.",1/18/2025 15:16,image_9082.jpg,faible,Résolu,1/20/2025 9:16,MOD-9,REF-282109
de260bda-51ba-4a75-a2df-426b4f326adc,COM-57085,USR-1382,MauvaiseQualité,"Très mauvaise qualité de salade, immangeable.",3/18/2025 15:16,,élevé,Escaladé,,,REF-160602
296d6c61-c6b7-4cc1-ae5c-381e3ba35521,COM-85334,USR-2419,ServiceClient,"Réponse lente du service client, qualité médiocre.",7/10/2024 15:16,,faible,Ouvert,,,REF-636707
c7d3c9b3-f40a-4be3-85b4-76344a5a4a58,COM-78120,USR-8184,CommandeErronée,"Livré sauce, mais je voulais sushi, c'est inacceptable.",12/6/2024 15:16,image_1688.jpg,moyen,Ouvert,,,REF-975121
02f5e93d-8c17-4e33-a30a-ec16a835632a,COM-58327,USR-6978,ArticleManquant,"boisson manquant, veuillez résoudre immédiatement.",2/10/2025 15:16,image_7929.jpg,élevé,Résolu,2/12/2025 5:16,MOD-7,REF-425142
388d0de3-37d0-427a-b2c6-92386ed2ec67,COM-92805,USR-4259,MauvaiseQualité,"sandwich avait un goût brûlé, expérience horrible.",8/15/2024 15:16,image_4303.jpg,élevé,Résolu,8/17/2024 11:16,MOD-13,REF-229137
57d498ac-28c1-4d05-8d04-b48b55b65d38,COM-44667,USR-8580,LivraisonRetard,"Petit retard de 30 minutes, mais la nourriture était correcte.",4/13/2025 15:16,,faible,Escaladé,,,REF-926484
80dc46eb-b57e-41fe-8916-2ee202aa983e,COM-93482,USR-2788,ServiceClient,"Service client correct, mais pourrait être plus rapide.",3/29/2025 15:16,,faible,Escaladé,,,REF-269928
022151e5-79cf-44e0-8acd-bc364fdd8749,COM-31171,USR-4362,LivraisonRetard,"Retard de 90 minutes, c'est scandaleux et dérangeant !",1/26/2025 15:16,,moyen,Résolu,1/26/2025 23:16,MOD-7,REF-890209
1b6c5ecc-be1f-487f-a3c7-ff605c8f2cf5,COM-82472,USR-6619,ProblèmePaiement,"Petite erreur de facturation, mais gênante.",8/12/2024 15:16,image_6279.jpg,élevé,Escaladé,,,REF-257944
8c2fb55d-974e-4e49-a2e6-316abb382318,COM-63133,USR-4091,CommandeErronée,"Commande incorrecte, mais le goût de pizza était acceptable.",6/24/2025 15:16,,faible,Escaladé,,,REF-360782
8fb14810-b264-4c6c-902d-3d751c9b4274,COM-48423,USR-1256,NourritureEndommagée,"Tout était brûlé, expérience catastrophique.",2/27/2025 15:16,image_7220.jpg,élevé,Escaladé,,,REF-275995
f7b8efbc-3329-49e0-aa02-c81c33d8d745,COM-84024,USR-8745,LivraisonRetard,"Commande arrivée après 3 heures, vraiment pas satisfait.",1/3/2025 15:16,,élevé,Ouvert,,,REF-748553
ff628b16-ef02-40ba-ac97-1423e149b81e,COM-50020,USR-3647,NourritureEndommagée,"Commande endommagée, boisson était légèrement mal emballé.",4/16/2025 15:16,image_7593.jpg,faible,Ouvert,,,REF-711517
6483c54a-c4f7-4146-af00-d165d50b60c1,COM-55557,USR-2785,LivraisonRetard,"La commande a été livrée avec 1 heure de retard, la nourriture était froide.",1/1/2025 15:16,"image_9894.jpg,image_5061.jpg",élevé,Ouvert,,,REF-669046
a53bdead-c19b-4ffa-b848-89fef26d7823,COM-46948,USR-5353,ArticleManquant,Pourriez-vous vérifier pourquoi pâtes n'était pas inclus ?,3/12/2025 15:16,,faible,Ouvert,,,REF-253577
f0a7f21d-df91-40eb-aa19-ca510cf13853,COM-40980,USR-7756,ArticleManquant,"Manque sushi, service médiocre.",12/22/2024 15:16,,faible,Résolu,12/23/2024 22:16,MOD-9,REF-802007
44803a33-cdc8-46ed-a186-00817ebe4278,COM-57925,USR-8394,ArticleManquant,"Manque pizza, service médiocre.",6/20/2025 15:16,,faible,Résolu,6/22/2025 11:16,MOD-9,REF-771495
ea1dee19-440a-47d4-8b50-d26d74e26e1b,COM-58983,USR-4213,ArticleManquant,"frites manquant, veuillez résoudre immédiatement.",7/6/2024 15:16,,moyen,Escaladé,,,REF-867227
e0167128-09db-4870-aca8-157e9e35528c,COM-68627,USR-1223,ArticleManquant,"Pas de sushi, c'est inacceptable et frustrant !",6/11/2025 15:16,image_1541.jpg,élevé,Résolu,6/12/2025 18:16,MOD-10,REF-740260
5495de4d-d3d6-47ef-9e97-066b8742be68,COM-14727,USR-4906,MauvaiseQualité,"Qualité médiocre de sushi, très frustrant.",2/3/2025 15:16,,moyen,Ouvert,,,REF-108966
f783d801-009e-4ba2-8d73-8d6423714a17,COM-42065,USR-1530,CommandeErronée,"Petite erreur, j'ai reçu salade au lieu de dessert.",2/3/2025 15:16,,faible,Résolu,2/5/2025 11:16,MOD-20,REF-545597
51f6cbcb-e3b1-4385-95cd-cbab93d7b98f,COM-21370,USR-4542,ArticleManquant,"Manque pâtes, service médiocre.",8/26/2024 15:16,image_7249.jpg,moyen,Résolu,8/28/2024 8:16,MOD-3,REF-162113
9c38f4c5-a6ad-42d1-9632-c2b0d0ed1d3f,COM-43009,USR-8771,ProblèmePaiement,"Erreur de facturation pour sushi, très frustrant.",8/9/2024 15:16,,moyen,Résolu,8/11/2024 3:16,MOD-6,REF-848976
29e3c0a2-d866-49c7-9d7a-850fc1f10508,COM-89037,USR-5219,LivraisonRetard,"Petit retard de 30 minutes, mais la nourriture était correcte.",11/11/2024 15:16,,faible,Résolu,11/12/2024 18:16,MOD-17,REF-702108
07c93955-592c-45fc-80f4-0845a8c56df5,COM-59448,USR-1966,ArticleManquant,"Pas de frites, c'est inacceptable et frustrant !",12/10/2024 15:16,,moyen,Ouvert,,,REF-515841
6c3310d0-6198-44cd-8bc5-9f1b2e31d009,COM-71329,USR-6741,MauvaiseQualité,"Très mauvaise qualité de salade, immangeable.",2/10/2025 15:16,,élevé,Ouvert,,,REF-267977
ec212ddc-80e1-4cbc-b3c6-c8a5f2f418bc,COM-24647,USR-2529,ProblèmePaiement,"Surfacturation de la commande, service client désastreux.",10/9/2024 15:16,,élevé,Escaladé,,,REF-707417
74597d06-47e6-424f-a5c4-e858478f2d54,COM-72042,USR-6427,MauvaiseQualité,"pizza était brûlé, je ne commanderai plus.",2/3/2025 15:16,image_7891.jpg,faible,Résolu,2/5/2025 15:16,MOD-7,REF-383487
d386e4c6-0bbc-44e3-ac30-cee40598e36a,COM-23790,USR-1451,CommandeErronée,J'ai reçu dessert au lieu de pizza.,3/9/2025 15:16,,faible,Ouvert,,,REF-270662
fb284ff0-8372-44d8-b179-12d61f7adf71,COM-76797,USR-5122,NourritureEndommagée,"Commande endommagée, pâtes était légèrement sans goût.",10/2/2024 15:16,,faible,Résolu,10/4/2024 5:16,MOD-19,REF-992615
1aa99d04-5ba0-4431-b9f6-6a124c32d20a,COM-35048,USR-2877,LivraisonRetard,"J'ai attendu 3 heures pour ma commande, très frustrant.",11/20/2024 15:16,,élevé,Escaladé,,,REF-597642
e267de21-5e2d-4e2d-90ea-7d81735d36ac,COM-47914,USR-2521,ArticleManquant,"Petit souci, il manquait pâtes dans la commande.",8/14/2024 15:16,,faible,Résolu,8/15/2024 11:16,MOD-17,REF-984119
5e800fb4-25bf-41d7-8410-b057e008740c,COM-31267,USR-5432,NourritureEndommagée,"Tout était écrasé, expérience catastrophique.",4/18/2025 15:16,image_9751.jpg,élevé,Résolu,4/19/2025 23:16,MOD-15,REF-786067
37c6287a-4c04-4be4-82cb-6170ec16dc80,COM-71422,USR-7322,NourritureEndommagée,"La nourriture était trempé, totalement immangeable.",10/18/2024 15:16,,élevé,Résolu,10/19/2024 8:16,MOD-17,REF-621267
99cce0cd-55c8-4758-95b9-14de7bcc9c00,COM-90629,USR-5729,MauvaiseQualité,"Le goût de dessert était un peu écrasé, mais acceptable.",1/1/2025 15:16,image_5924.jpg,moyen,Escaladé,,,REF-307931
6c3ff2ab-ba02-4c02-8016-21a3c2f084d4,COM-83098,USR-6027,NourritureEndommagée,"Commande endommagée, sandwich était légèrement froid.",7/14/2024 15:16,image_6140.jpg,moyen,Escaladé,,,REF-772445
81440367-d916-4423-b312-37798a521d20,COM-81099,USR-2934,CommandeErronée,"Commande erronée livrée, j'ai eu sushi et non burger.",1/1/2025 15:16,,faible,Escaladé,,,REF-966625
0b574fa5-4729-4e6c-83eb-792c49107b5b,COM-49901,USR-9316,NourritureEndommagée,"La nourriture était écrasé, totalement immangeable.",8/4/2024 15:16,,élevé,Résolu,8/5/2024 15:16,MOD-15,REF-102466
92be1ecd-d884-43c8-ab70-2cdf79b2b4e1,COM-55619,USR-8539,LivraisonRetard,"Petit retard de 90 minutes, mais la nourriture était correcte.",5/8/2025 15:16,,moyen,Résolu,5/10/2025 5:16,MOD-18,REF-694164
4fb77ba9-2420-4101-94fa-d5df3c3af997,COM-41183,USR-4278,ProblèmePaiement,"Petite erreur de facturation, mais gênante.",12/27/2024 15:16,,moyen,Ouvert,,,REF-808094
fe1710c2-1e38-44c6-9817-cb1288624e8f,COM-40044,USR-1582,LivraisonRetard,"Petit retard de 3 heures, mais la nourriture était correcte.",9/21/2024 15:16,image_9900.jpg,élevé,Résolu,9/21/2024 19:16,MOD-19,REF-634132
07b40f3e-c129-4d21-97bb-d112bca9bb1c,COM-75461,USR-3379,ServiceClient,"Petit souci avec le support, mais acceptable.",4/9/2025 15:16,,faible,Résolu,4/10/2025 23:16,MOD-14,REF-980504
5fe4d7e0-6b78-44c2-8e36-d60fd85d7b05,COM-81423,USR-3720,ProblèmePaiement,"J'ai été facturé deux fois pour ma commande, c'est inacceptable !",1/5/2025 15:16,,élevé,Ouvert,,,REF-195870
5ce555e2-aafa-4b25-a321-117b381ff944,COM-45180,USR-3109,LivraisonRetard,"Livraison retardée de 1 heure, totalement inacceptable !",7/1/2025 15:16,image_2029.jpg,élevé,Ouvert,,,REF-844263
3c21fdbb-8fa5-4d1f-bf53-e7c0b28bb6a8,COM-51798,USR-7433,ProblèmePaiement,"Problème mineur avec le paiement, veuillez vérifier.",5/15/2025 15:16,,moyen,Escaladé,,,REF-440427
bc518394-aef0-4961-8eba-3b51188491d2,COM-54513,USR-5500,CommandeErronée,"Commande erronée livrée, j'ai eu boisson et non sushi.",1/11/2025 15:16,,faible,Escaladé,,,REF-574404
36fb17a8-45e6-4961-a162-2f16ee6d1171,COM-41717,USR-5454,LivraisonRetard,"Commande arrivée après 3 heures, vraiment pas satisfait.",7/17/2024 15:16,,élevé,Ouvert,,,REF-562099
4dffdbc9-b4cc-44fb-82fd-f45e4369c88f,COM-51910,USR-2395,LivraisonRetard,"Livraison retardée de 2 heures, totalement inacceptable !",6/9/2025 15:16,image_6714.jpg,élevé,Ouvert,,,REF-931854
88e221c2-0a97-4f4b-97bc-4ab12a6a1fe0,COM-21278,USR-9637,NourritureEndommagée,"Tout était gâté, expérience catastrophique.",10/17/2024 15:16,image_3615.jpg,élevé,Résolu,10/17/2024 18:16,MOD-13,REF-478311
2f7d6924-b199-4a32-ba95-579da5e90ab8,COM-17491,USR-3247,MauvaiseQualité,"sauce était écrasé, je ne commanderai plus.",4/25/2025 15:16,,faible,Escaladé,,,REF-414608
baccebfd-4f29-4116-8302-624ca3bacc92,COM-68537,USR-2179,NourritureEndommagée,"dessert était mal emballé, qualité inacceptable.",9/1/2024 15:16,image_3486.jpg,élevé,Escaladé,,,REF-338115
5b3b2a7e-e8a4-439e-9171-57d00868104a,COM-59189,USR-1593,ArticleManquant,"Commande incomplète, salade non livré.",11/11/2024 15:16,image_6879.jpg,faible,Escaladé,,,REF-249829
27a6779f-e5a1-48cd-be6a-96074c3fd81c,COM-10296,USR-8060,ProblèmePaiement,"Problème de paiement, remboursement requis immédiatement.",10/12/2024 15:16,image_7046.jpg,élevé,Ouvert,,,REF-692651
af8f295b-3d7a-430e-bff7-5f2baac352c4,COM-53665,USR-3966,NourritureEndommagée,"La nourriture était trempé, totalement immangeable.",11/29/2024 15:16,,élevé,Résolu,11/30/2024 23:16,MOD-15,REF-397009
261215a7-8a10-4d34-bfe9-7ddb93f5504b,COM-25397,USR-7362,ProblèmePaiement,"Problème mineur avec le paiement, veuillez vérifier.",6/15/2025 15:16,,moyen,Ouvert,,,REF-669026
3ba09493-1e70-4eb6-9391-738cf708f8f3,COM-54534,USR-3508,ServiceClient,"Service client correct, mais pourrait être plus rapide.",11/23/2024 15:16,image_5155.jpg,moyen,Ouvert,,,REF-803269
859a958c-c90c-407e-905f-ed209c8b7bdc,COM-32845,USR-1546,LivraisonRetard,"J'ai attendu 2 heures pour ma commande, très frustrant.",1/8/2025 15:16,,élevé,Escaladé,,,REF-815600
538fa33f-7f59-4c49-9f85-2942f118f7c0,COM-35884,USR-6776,ArticleManquant,"Pas de dessert, c'est inacceptable et frustrant !",12/27/2024 15:16,image_9687.jpg,élevé,Escaladé,,,REF-150460
b1b2a4d8-cb2e-449f-a8f4-b399f1b25695,COM-43389,USR-2545,MauvaiseQualité,"dessert était gâté, totalement dégoûtant !",8/7/2024 15:16,image_8247.jpg,élevé,Résolu,8/8/2024 19:16,MOD-11,REF-672847
9556c6e5-929e-45b4-8750-caffbdc0070c,COM-49914,USR-1012,MauvaiseQualité,"pizza n'était pas terrible, qualité moyenne.",4/15/2025 15:16,,faible,Résolu,4/17/2025 9:16,MOD-7,REF-851747
1aaf767a-84ca-4501-8cb8-58854fc3a130,COM-74242,USR-4561,ArticleManquant,"Je n'ai pas reçu frites, besoin d'un remboursement.",2/21/2025 15:16,"image_7277.jpg,image_3705.jpg",moyen,Escaladé,,,REF-338612
96b4d935-264c-4720-b6a9-500917e69944,COM-50801,USR-6959,ArticleManquant,Pourriez-vous vérifier pourquoi pâtes n'était pas inclus ?,11/24/2024 15:16,image_5406.jpg,faible,Résolu,11/25/2024 20:16,MOD-6,REF-523664
f1be2220-41ee-432a-8fc8-c3a4035c213f,COM-74903,USR-2924,ProblèmePaiement,"Petite erreur de facturation, mais gênante.",11/2/2024 15:16,image_2598.jpg,élevé,Résolu,11/4/2024 4:16,MOD-6,REF-713331
7efea0c8-7ff8-4dde-9b90-14c010b0c8a2,COM-59885,USR-5271,NourritureEndommagée,"Commande endommagée, frites était légèrement gâté.",10/1/2024 15:16,,élevé,Ouvert,,,REF-726359
87c9fe46-4ac0-45f0-970e-54a7f3c6610c,COM-85809,USR-2186,LivraisonRetard,"Petit retard de 30 minutes, mais la nourriture était correcte.",11/7/2024 15:16,,faible,Résolu,11/8/2024 20:16,MOD-19,REF-722233
d91e8cc8-efb3-4d25-a36f-0b0c57f0ad9c,COM-58478,USR-7701,CommandeErronée,"Mauvais article livré, burger à la place de salade.",4/8/2025 15:16,"image_3168.jpg,image_8502.jpg",faible,Ouvert,,,REF-908974
aab799d0-7838-4073-a9c9-906d611d3624,COM-76682,USR-4169,LivraisonRetard,"Petit retard de 1 heure, mais la nourriture était correcte.",3/25/2025 15:16,image_7272.jpg,élevé,Ouvert,,,REF-984666
d927dfec-94be-4fb4-be95-341a29f56e49,COM-11473,USR-7685,NourritureEndommagée,"La commande était froid, très déçu.",8/14/2024 15:16,"image_8506.jpg,image_4671.jpg",moyen,Ouvert,,,REF-271909
7e040502-5953-4722-8cd6-a9460856f4e0,COM-34009,USR-1106,ArticleManquant,"Petit souci, il manquait sushi dans la commande.",9/1/2024 15:16,image_3770.jpg,faible,Ouvert,,,REF-325277
fb5193c0-fb62-4576-9159-24208fa6c16a,COM-84489,USR-9189,LivraisonRetard,"Commande arrivée après 90 minutes, vraiment pas satisfait.",9/22/2024 15:16,image_2314.jpg,élevé,Résolu,9/23/2024 22:16,MOD-2,REF-118206
30b5456d-c611-4153-aee1-bd864efb86a2,COM-67754,USR-8867,LivraisonRetard,"Commande arrivée après 1 heure, vraiment pas satisfait.",4/8/2025 15:16,image_4032.jpg,élevé,Ouvert,,,REF-809766
7fac332b-84d4-4874-b6a7-e51d67117dde,COM-13353,USR-7467,ArticleManquant,"Pas de frites, c'est inacceptable et frustrant !",1/20/2025 15:16,image_1073.jpg,élevé,Résolu,1/21/2025 0:16,MOD-9,REF-992918
ec5223cc-12bd-4b76-8bcb-ee98c421bd1f,COM-43091,USR-3558,ServiceClient,"Petit souci avec le support, mais acceptable.",1/1/2025 15:16,,faible,Ouvert,,,REF-183590
2b3b6762-7f6c-4d6f-9eb2-900c1371261e,COM-89231,USR-6182,ServiceClient,"Le service client n'a pas résolu mon problème, frustrant.",12/20/2024 15:16,image_9214.jpg,élevé,Résolu,12/22/2024 14:16,MOD-11,REF-372440
7944139d-0eb5-4496-81ec-ee56e998a5f5,COM-81672,USR-8427,ArticleManquant,"Petit souci, il manquait sushi dans la commande.",11/11/2024 15:16,,faible,Escaladé,,,REF-147029
3742c938-d659-4d59-ae71-0110cd36be36,COM-43616,USR-5092,CommandeErronée,"Commande erronée livrée, j'ai eu pizza et non pizza.",6/6/2025 15:16,,faible,Escaladé,,,REF-450623
7ccc06a7-b958-43a1-83da-27d1defdf65d,COM-62132,USR-3767,NourritureEndommagée,"sandwich est arrivé froid, besoin d'un remplacement.",9/8/2024 15:16,"image_7536.jpg,image_1795.jpg",moyen,Résolu,9/8/2024 22:16,MOD-14,REF-348681
bb4ccf0c-7d2d-4faa-8f26-8dc1e1f01386,COM-56687,USR-2397,ProblèmePaiement,"Problème mineur avec le paiement, veuillez vérifier.",12/2/2024 15:16,image_4476.jpg,élevé,Escaladé,,,REF-191685
43d47c26-923c-4612-a7a7-d899be3c653c,COM-14864,USR-1727,NourritureEndommagée,"salade était sans goût, qualité inacceptable.",6/9/2025 15:16,"image_8109.jpg,image_7923.jpg",élevé,Ouvert,,,REF-321132
4af39de3-c262-45e4-bf1f-6c6830c5d3de,COM-42392,USR-7436,MauvaiseQualité,"Qualité médiocre de salade, très frustrant.",12/5/2024 15:16,,moyen,Escaladé,,,REF-401309
1e78caf6-8049-4d2b-a68f-0c8179c15577,COM-63091,USR-1315,CommandeErronée,"Erreur sur ma commande : pâtes au lieu de pizza, très agaçant.",7/2/2024 15:16,image_7621.jpg,élevé,Escaladé,,,REF-313877
306b4167-4839-4729-b048-7064b54f61cc,COM-85514,USR-8807,MauvaiseQualité,"Qualité médiocre de sauce, très frustrant.",8/30/2024 15:16,image_8930.jpg,élevé,Escaladé,,,REF-818242
24cb5a2b-b5c8-4eae-af35-ca250a54e784,COM-16172,USR-1102,ArticleManquant,"Pas de burger, c'est inacceptable et frustrant !",9/19/2024 15:16,,moyen,Ouvert,,,REF-626371
cc959588-b06b-45b5-aa40-b6b26e67f17b,COM-73196,USR-2096,MauvaiseQualité,"Le goût de boisson était un peu froid, mais acceptable.",11/5/2024 15:16,image_6336.jpg,moyen,Résolu,11/7/2024 13:16,MOD-6,REF-141922
37170292-4db2-40f6-ae81-969d98e2e617,COM-56655,USR-6682,MauvaiseQualité,"sauce était brûlé, je ne commanderai plus.",12/19/2024 15:16,,faible,Résolu,12/21/2024 8:16,MOD-12,REF-244851
9f9ed9b5-3c72-4170-bed5-acf59f373be9,COM-25657,USR-2118,LivraisonRetard,"J'ai attendu 1 heure pour ma commande, très frustrant.",9/22/2024 15:16,,moyen,Ouvert,,,REF-519941
006a7a70-6d33-4beb-b166-78dd3839c07b,COM-65016,USR-8514,MauvaiseQualité,"salade était mal emballé, je ne commanderai plus.",3/6/2025 15:16,,faible,Ouvert,,,REF-838304
35fde917-5e9e-4fa7-8857-a65444e709f1,COM-95768,USR-5635,NourritureEndommagée,"sandwich est arrivé mal emballé, besoin d'un remplacement.",1/6/2025 15:16,,faible,Résolu,1/7/2025 12:16,MOD-6,REF-518224
eee8d9a2-b2c2-42d6-a064-1230ae42fd88,COM-57775,USR-2811,ArticleManquant,"Commande incomplète, salade non livré.",9/3/2024 15:16,,faible,Ouvert,,,REF-715525
e30ce1e3-1caa-40ef-a4cc-83036ba76ac4,COM-37158,USR-1523,ArticleManquant,Pourriez-vous vérifier pourquoi pizza n'était pas inclus ?,3/12/2025 15:16,image_9289.jpg,faible,Résolu,3/13/2025 7:16,MOD-14,REF-905051
0effc818-a09a-4f0a-af81-77398d161908,COM-16622,USR-9450,NourritureEndommagée,"Tout était gâté, expérience catastrophique.",5/29/2025 15:16,,élevé,Escaladé,,,REF-141020
1de3b8c9-98a7-464d-9bc3-59baabdd9667,COM-69867,USR-6308,ProblèmePaiement,"Problème de paiement, remboursement requis immédiatement.",9/11/2024 15:16,,élevé,Escaladé,,,REF-516393
7502f914-c63e-4db3-baff-8cdfe28090c3,COM-38837,USR-2588,ServiceClient,"Le service client n'a pas résolu mon problème, frustrant.",11/19/2024 15:16,image_4881.jpg,élevé,Résolu,11/19/2024 17:16,MOD-16,REF-425998
42e77956-7a86-4621-80fd-a7edc780bdce,COM-41629,USR-3232,ArticleManquant,"Pas de sandwich, c'est inacceptable et frustrant !",9/8/2024 15:16,image_4406.jpg,élevé,Escaladé,,,REF-148213
1e68bf14-1a8c-47a9-a957-e8036b71664b,COM-80202,USR-5240,ArticleManquant,"Manque sauce, service médiocre.",6/17/2025 15:16,image_9678.jpg,moyen,Résolu,6/18/2025 12:16,MOD-15,REF-994570
71e0e067-3a7d-44b6-aa51-19318096c434,COM-65536,USR-6128,LivraisonRetard,"Petit retard de 2 heures, mais la nourriture était correcte.",12/7/2024 15:16,,élevé,Escaladé,,,REF-829633
9c37376a-79f4-4ac5-94ce-850138b0f380,COM-12618,USR-2072,ServiceClient,"Petit souci avec le support, mais acceptable.",10/19/2024 15:16,,faible,Résolu,10/20/2024 20:16,MOD-3,REF-442568
51b4ca8d-3dd5-4414-9f11-b305a196faa4,COM-42538,USR-2972,MauvaiseQualité,"Qualité médiocre de sauce, très frustrant.",1/7/2025 15:16,,moyen,Ouvert,,,REF-755482
adb414b6-cd39-42da-9e5e-93d24fa765bd,COM-11074,USR-8582,LivraisonRetard,"Commande arrivée après 2 heures, vraiment pas satisfait.",4/9/2025 15:16,image_7270.jpg,élevé,Escaladé,,,REF-914816
974af541-9646-469a-86ad-c0cce3f85042,COM-56658,USR-7734,MauvaiseQualité,"sauce avait un goût trempé, expérience horrible.",6/13/2025 15:16,,élevé,Escaladé,,,REF-560863
bcc572b9-cf37-4391-94fb-67ba948b72c5,COM-78704,USR-9233,MauvaiseQualité,"Le goût de frites était un peu gâté, mais acceptable.",10/25/2024 15:16,"image_6906.jpg,image_7843.jpg",élevé,Résolu,10/27/2024 2:16,MOD-2,REF-797379
60576ff1-e5f2-42cd-9502-5bb6a0f74583,COM-28019,USR-8615,CommandeErronée,"Commande erronée livrée, j'ai eu boisson et non sushi.",8/28/2024 15:16,,faible,Ouvert,,,REF-137559
6070fe76-4e0c-4595-8da9-40fc4525cd97,COM-32686,USR-9546,ArticleManquant,"Manque sushi, service médiocre.",6/18/2025 15:16,image_4588.jpg,moyen,Ouvert,,,REF-645381
87193051-7620-4560-a7c6-d3f6185bd53c,COM-29033,USR-4049,LivraisonRetard,"Petit retard de 30 minutes, mais la nourriture était correcte.",11/10/2024 15:16,,faible,Escaladé,,,REF-736013
8f9d78d2-8db6-4f6e-89c3-46df6e30d2b4,COM-20043,USR-2250,ArticleManquant,"Petit souci, il manquait dessert dans la commande.",8/11/2024 15:16,image_5454.jpg,faible,Ouvert,,,REF-321689
dbb65c60-c794-4c8d-bacf-a1908558b459,COM-28743,USR-4954,NourritureEndommagée,"Tout était gâté, expérience catastrophique.",5/19/2025 15:16,,élevé,Résolu,5/19/2025 23:16,MOD-11,REF-937273
e1933e14-e4c3-46ec-8ae8-9fcfbf41e059,COM-81299,USR-4789,NourritureEndommagée,"sauce était un peu moisi, mais mangeable.",3/26/2025 15:16,image_9970.jpg,élevé,Ouvert,,,REF-946553
af7bcb7b-6f1b-452f-98f7-a73dfe36526c,COM-26530,USR-6729,NourritureEndommagée,"Tout était froid, expérience catastrophique.",6/8/2025 15:16,,élevé,Résolu,6/9/2025 18:16,MOD-4,REF-107615
1c3713ca-203e-45e5-9a49-9e940b1f9edc,COM-94642,USR-2773,ProblèmePaiement,"Erreur de facturation pour salade, très frustrant.",8/11/2024 15:16,,moyen,Escaladé,,,REF-604189
4ba88167-4b75-4ddd-9f03-03588723942a,COM-71349,USR-9475,LivraisonRetard,"Petit retard de 30 minutes, mais la nourriture était correcte.",8/4/2024 15:16,image_2905.jpg,moyen,Ouvert,,,REF-990005
9a2709dc-1f9c-4cbd-b9ab-46f0a4d2400c,COM-32865,USR-6485,NourritureEndommagée,"pâtes était écrasé, qualité inacceptable.",10/22/2024 15:16,image_1593.jpg,élevé,Escaladé,,,REF-631160
95871595-dafc-4f86-a026-13faef407899,COM-16880,USR-9213,CommandeErronée,"J'ai commandé salade, mais j'ai reçu boisson.",7/15/2024 15:16,image_6898.jpg,faible,Ouvert,,,REF-161397
c7477a07-7f65-4046-b57a-4199f78ed90a,COM-13194,USR-8634,ServiceClient,"Le service client n'a pas résolu mon problème, frustrant.",7/4/2024 15:16,"image_9828.jpg,image_8885.jpg",élevé,Escaladé,,,REF-176229
760cef42-f2df-4bbe-b5f5-7f180c81aa4a,COM-22580,USR-1341,LivraisonRetard,"Commande arrivée après 2 heures, vraiment pas satisfait.",5/23/2025 15:16,,élevé,Résolu,5/25/2025 5:16,MOD-13,REF-838376
0c264421-f1b9-4899-a708-33876c96f6ef,COM-35458,USR-9475,ProblèmePaiement,"Surfacturation de la commande, service client désastreux.",1/13/2025 15:16,,élevé,Escaladé,,,REF-488913
31a7b44d-a06e-41e9-92ef-b9619909438c,COM-12734,USR-4307,ArticleManquant,"frites manquant, veuillez résoudre immédiatement.",1/10/2025 15:16,,moyen,Résolu,1/11/2025 13:16,MOD-9,REF-965574
f440666f-9cc4-4a57-aee2-dfa9e75d95f5,COM-61649,USR-1207,MauvaiseQualité,"Qualité médiocre de salade, très frustrant.",8/6/2024 15:16,,moyen,Résolu,8/7/2024 23:16,MOD-7,REF-715698
1676541b-b74a-4657-900b-74439ee5c183,COM-23900,USR-7175,LivraisonRetard,"Retard de 30 minutes, c'est scandaleux et dérangeant !",11/20/2024 15:16,image_5545.jpg,élevé,Ouvert,,,REF-906870
5621b40a-d79a-478b-a576-0becc20c8300,COM-73422,USR-4711,ServiceClient,"Mauvaise expérience avec le support, très décevant.",7/25/2024 15:16,,moyen,Résolu,7/26/2024 23:16,MOD-6,REF-570572
904d93e3-471c-43b6-96cc-d6433c293977,COM-87315,USR-2502,LivraisonRetard,"Retard de 90 minutes, c'est scandaleux et dérangeant !",2/26/2025 15:16,,moyen,Résolu,2/28/2025 14:16,MOD-4,REF-220002
da3fdcbf-1b64-4017-a63e-b6bde592c5cf,COM-88065,USR-4774,CommandeErronée,"Livré pizza, mais je voulais salade, c'est inacceptable.",2/9/2025 15:16,image_5665.jpg,moyen,Escaladé,,,REF-767159
3e29c4eb-3515-41df-9e59-6624b192d6d5,COM-27278,USR-1502,ArticleManquant,"Manque frites, service médiocre.",6/9/2025 15:16,,faible,Escaladé,,,REF-854114
abf05e0d-0ba7-4fed-bb62-24a72316e7ae,COM-82894,USR-1800,MauvaiseQualité,"sushi était sans goût, je ne commanderai plus.",7/18/2024 15:16,"image_9216.jpg,image_6073.jpg",faible,Résolu,7/20/2024 6:16,MOD-3,REF-743107
d0cd0e39-674d-42e3-a161-1db2a4170a6c,COM-88449,USR-6314,MauvaiseQualité,"Très mauvaise qualité de boisson, immangeable.",2/5/2025 15:16,,élevé,Escaladé,,,REF-321185
0d33d259-652e-44e0-8d59-d8d3d94f9e62,COM-79573,USR-8956,ArticleManquant,"Pas de sauce, c'est inacceptable et frustrant !",8/14/2024 15:16,"image_1178.jpg,image_1010.jpg",élevé,Ouvert,,,REF-655057
c0675233-61de-460e-a1cf-97468051f247,COM-98123,USR-5985,ProblèmePaiement,"Erreur de facturation pour boisson, très frustrant.",6/30/2025 15:16,,moyen,Escaladé,,,REF-263917
0fd9f4ab-209e-46d8-b020-c340e7057178,COM-68776,USR-6358,LivraisonRetard,"La commande a été livrée avec 2 heures de retard, la nourriture était froide.",3/29/2025 15:16,,élevé,Escaladé,,,REF-861247
ceef67a7-3222-49ae-aa20-c7412927303e,COM-82756,USR-2680,LivraisonRetard,"Retard de 90 minutes, c'est scandaleux et dérangeant !",7/25/2024 15:16,,moyen,Résolu,7/26/2024 9:16,MOD-11,REF-454678
aabd550e-e2ce-4584-a550-a53cf279aaaa,COM-22628,USR-6427,MauvaiseQualité,"Très mauvaise qualité de sushi, immangeable.",3/29/2025 15:16,,élevé,Résolu,3/30/2025 6:16,MOD-5,REF-130757
8cb2d9d7-c772-4b2c-90d3-6d79941a1b1c,COM-94958,USR-1158,LivraisonRetard,"La nourriture est arrivée avec 1 heure de retard, service décevant.",8/17/2024 15:16,,moyen,Résolu,8/18/2024 14:16,MOD-16,REF-903851
1309d18c-c186-4da5-9509-4be805abbfa6,COM-21879,USR-8897,LivraisonRetard,"Retard de 2 heures, c'est scandaleux et dérangeant !",12/3/2024 15:16,image_1730.jpg,élevé,Escaladé,,,REF-932826
0d8dd3f2-134e-497a-b7af-f033e4e0fec2,COM-50946,USR-9915,ArticleManquant,Pourriez-vous vérifier pourquoi pizza n'était pas inclus ?,7/4/2024 15:16,image_3951.jpg,faible,Escaladé,,,REF-490719
dafeca82-a8e0-4824-8d9e-545c3b8368b4,COM-60477,USR-5768,NourritureEndommagée,"sauce était froid, qualité inacceptable.",8/3/2024 15:16,image_3655.jpg,élevé,Ouvert,,,REF-971433
7e0a8e46-8f8f-4c25-954e-bd3aefefb0df,COM-75124,USR-7898,MauvaiseQualité,"La nourriture était gâté, pas à la hauteur.",7/22/2024 15:16,,élevé,Résolu,7/24/2024 5:16,MOD-7,REF-246259
d9e829cc-e4a1-47aa-ae5a-7919cbc9780f,COM-58349,USR-4202,CommandeErronée,"Erreur sur ma commande : boisson au lieu de sauce, très agaçant.",2/19/2025 15:16,image_3965.jpg,élevé,Ouvert,,,REF-814955
3955ea4f-2d4e-4c73-98a5-300152c8f7b1,COM-69704,USR-2413,ProblèmePaiement,"Erreur de facturation pour dessert, très frustrant.",9/17/2024 15:16,,moyen,Escaladé,,,REF-551600
e6a942bd-001e-41fe-a878-64704959225c,COM-81964,USR-4360,ServiceClient,"Petit souci avec le support, mais acceptable.",8/21/2024 15:16,image_3382.jpg,moyen,Escaladé,,,REF-834681
fff40aa4-f0fa-4639-b70f-647eb94a8e7e,COM-32897,USR-2143,ArticleManquant,"Pas de burger, c'est inacceptable et frustrant !",4/7/2025 15:16,image_8752.jpg,élevé,Résolu,4/7/2025 21:16,MOD-19,REF-564619
992c1e79-3b63-4296-b10c-3a5ac23ea004,COM-90457,USR-4946,LivraisonRetard,"Retard de 1 heure, c'est scandaleux et dérangeant !",1/31/2025 15:16,image_2702.jpg,élevé,Résolu,2/1/2025 16:16,MOD-8,REF-663845
d28b163c-13b7-4b33-8076-13af21fe1a8b,COM-64973,USR-4031,MauvaiseQualité,"Qualité médiocre de burger, très frustrant.",11/2/2024 15:16,"image_2586.jpg,image_7274.jpg",élevé,Escaladé,,,REF-448042
21c669aa-0b15-49a6-965d-3a6b62f91033,COM-47741,USR-4919,ArticleManquant,Pourriez-vous vérifier pourquoi sauce n'était pas inclus ?,5/13/2025 15:16,,faible,Ouvert,,,REF-230282
7d9f85bf-e35e-4cbf-ae7d-78cb441b262e,COM-92934,USR-5735,ProblèmePaiement,"Petite erreur de facturation, mais gênante.",1/23/2025 15:16,image_8870.jpg,élevé,Ouvert,,,REF-955564
805439f4-f3fb-496c-8979-cd2fadd699a4,COM-93144,USR-1105,ArticleManquant,"Manque dessert, service médiocre.",8/11/2024 15:16,,faible,Ouvert,,,REF-455185
ffcf10e0-6a8a-43ff-be3e-b9ceea5cf46b,COM-37335,USR-2351,LivraisonRetard,"Livraison retardée de 2 heures, totalement inacceptable !",7/15/2024 15:16,image_5557.jpg,élevé,Résolu,7/17/2024 10:16,MOD-17,REF-548941
b67a4824-3f63-43da-89c0-5adef9499524,COM-30252,USR-1404,LivraisonRetard,"Commande arrivée après 2 heures, vraiment pas satisfait.",11/19/2024 15:16,image_9328.jpg,élevé,Escaladé,,,REF-520932
a44d5134-1905-4fa5-8773-d1c67fcedb03,COM-67720,USR-8631,ServiceClient,"Réponse lente du service client, qualité médiocre.",8/3/2024 15:16,,faible,Ouvert,,,REF-556483
9989da19-4d75-4830-8e4d-43256419dc6b,COM-19935,USR-9382,MauvaiseQualité,"Qualité médiocre de pâtes, très frustrant.",9/26/2024 15:16,,moyen,Résolu,9/26/2024 17:16,MOD-5,REF-855165
8a468f80-e3a2-46e8-bea2-f7d060919e36,COM-79591,USR-4350,CommandeErronée,"Commande erronée livrée, j'ai eu sushi et non frites.",9/10/2024 15:16,,faible,Ouvert,,,REF-409921
8b83d8ef-754a-4593-b77c-c46f150938b5,COM-95241,USR-6887,NourritureEndommagée,"La nourriture était trempé, totalement immangeable.",8/16/2024 15:16,"image_3061.jpg,image_2330.jpg",élevé,Ouvert,,,REF-808216
b2b9cc26-58fb-4142-909b-789adaec23b9,COM-37306,USR-3813,ArticleManquant,"Manque dessert, service médiocre.",12/6/2024 15:16,image_6011.jpg,moyen,Ouvert,,,REF-384191
d78e9668-a079-4c48-aaa9-5fe28572a694,COM-62271,USR-6575,CommandeErronée,"Mauvais article livré, dessert à la place de sauce.",7/7/2024 15:16,,faible,Ouvert,,,REF-180645
d92474ec-ccbd-4cb4-b877-83d2e7a10b76,COM-79609,USR-6527,NourritureEndommagée,"La commande était écrasé, très déçu.",11/26/2024 15:16,,faible,Escaladé,,,REF-470364
c88ab0a2-41cc-43ed-bc2e-ce01df7280ab,COM-17865,USR-5482,MauvaiseQualité,"Qualité médiocre de sandwich, très frustrant.",3/23/2025 15:16,,moyen,Escaladé,,,REF-299977
c19285f1-a9fa-4103-b9d8-5b97b5011faa,COM-61182,USR-3548,ArticleManquant,"Je n'ai pas reçu burger, besoin d'un remboursement.",8/27/2024 15:16,,faible,Escaladé,,,REF-414748
dd7ce859-ee18-43aa-878d-ee58efb41b83,COM-87762,USR-8330,LivraisonRetard,"La commande a été livrée avec 90 minutes de retard, la nourriture était froide.",9/15/2024 15:16,image_5300.jpg,élevé,Escaladé,,,REF-439054
8fcc8449-b8e1-4401-bf9d-7ebde19fb65b,COM-69729,USR-1451,CommandeErronée,"Commande incorrecte, mais le goût de sushi était acceptable.",6/12/2025 15:16,image_5378.jpg,moyen,Escaladé,,,REF-202073
0182f5d8-70dd-4a20-972b-eee6664c5c8c,COM-44848,USR-7700,ProblèmePaiement,"Petite erreur de facturation, mais gênante.",6/3/2025 15:16,image_1692.jpg,élevé,Résolu,6/3/2025 18:16,MOD-10,REF-610854
1b3309b0-6c11-418a-bb52-261e7acbb10c,COM-71387,USR-4024,ArticleManquant,"Je n'ai pas reçu boisson, besoin d'un remboursement.",7/9/2024 15:16,,faible,Résolu,7/11/2024 7:16,MOD-6,REF-168888
1e71baef-3c9f-477e-9da8-7f59b65a2e77,COM-56750,USR-3866,CommandeErronée,J'ai reçu pâtes au lieu de burger.,9/26/2024 15:16,,faible,Ouvert,,,REF-824774
b625b2ac-1829-4556-b069-8cc61a227748,COM-91338,USR-8718,NourritureEndommagée,"salade est arrivé mal emballé, besoin d'un remplacement.",5/2/2025 15:16,,faible,Escaladé,,,REF-562662
461fbede-bb29-4ec8-be44-36028f696d8f,COM-69308,USR-4930,CommandeErronée,"Commande erronée livrée, j'ai eu sauce et non boisson.",11/12/2024 15:16,image_2128.jpg,faible,Résolu,11/14/2024 8:16,MOD-10,REF-906477
9bbdf1f4-2688-4cf7-b6c8-808db34f1dc4,COM-81430,USR-1429,NourritureEndommagée,"pâtes était un peu froid, mais mangeable.",12/27/2024 15:16,,faible,Résolu,12/28/2024 10:16,MOD-14,REF-412553
d3a6f8e4-efa1-4741-b596-379fa516fa31,COM-47678,USR-8544,LivraisonRetard,"Petit retard de 1 heure, mais la nourriture était correcte.",4/28/2025 15:16,,moyen,Escaladé,,,REF-602909
9892081f-52f2-499c-8437-9d076e491622,COM-21109,USR-3492,NourritureEndommagée,"La nourriture était brûlé, totalement immangeable.",2/4/2025 15:16,,élevé,Ouvert,,,REF-995225
b664efc2-2ce0-42a1-8456-0c199144f902,COM-22549,USR-4223,CommandeErronée,"Erreur sur ma commande : sauce au lieu de sushi, très agaçant.",8/10/2024 15:16,,moyen,Escaladé,,,REF-721294
3efebcbc-f002-46a1-bc2e-c2a5d8514f09,COM-56097,USR-7056,ArticleManquant,"Commande incomplète, sandwich non livré.",12/4/2024 15:16,image_2663.jpg,faible,Escaladé,,,REF-581703
00b3d71b-9d5a-4908-8a34-8481df9476f2,COM-26988,USR-4011,NourritureEndommagée,"boisson était gâté, qualité inacceptable.",3/11/2025 15:16,,élevé,Escaladé,,,REF-651535
2b38600a-04c0-4605-9c36-4cc6b2c9759f,COM-53857,USR-1689,ServiceClient,"Mauvaise expérience avec le support, très décevant.",8/11/2024 15:16,,moyen,Résolu,8/13/2024 15:16,MOD-1,REF-337652
7a856532-2f4c-4743-bbf8-d6ab73cc9dff,COM-10546,USR-4744,ArticleManquant,"Je n'ai pas reçu boisson, besoin d'un remboursement.",9/30/2024 15:16,image_5383.jpg,moyen,Résolu,10/2/2024 13:16,MOD-7,REF-625058
66acb106-e7cf-428c-9499-09a867cc8104,COM-35687,USR-6493,NourritureEndommagée,"sushi est arrivé moisi, besoin d'un remplacement.",9/13/2024 15:16,,élevé,Résolu,9/13/2024 18:16,MOD-19,REF-836918
9a1b0f16-9f98-42fd-95c5-8e70867b715d,COM-25596,USR-9767,LivraisonRetard,"Livraison en retard de 90 minutes, c'est gênant mais acceptable.",10/11/2024 15:16,,moyen,Résolu,10/13/2024 5:16,MOD-10,REF-426489
5293c576-a597-415a-a466-b638b0112b9e,COM-44492,USR-5169,NourritureEndommagée,"La commande était écrasé, très déçu.",7/5/2024 15:16,,faible,Ouvert,,,REF-923422
ca99275b-d3e4-4339-8c01-419698f8d27b,COM-17661,USR-9942,MauvaiseQualité,"dessert avait un goût sans goût, expérience horrible.",5/5/2025 15:16,image_3857.jpg,élevé,Escaladé,,,REF-786570
adfa41b2-a97f-4d08-9cd6-54ac684e8ddc,COM-42773,USR-7139,MauvaiseQualité,"burger n'était pas terrible, qualité moyenne.",8/16/2024 15:16,"image_7445.jpg,image_3567.jpg",moyen,Ouvert,,,REF-399848
643b7b00-4a67-47c3-b182-81f590150adb,COM-14127,USR-3521,ProblèmePaiement,"Problème mineur avec le paiement, veuillez vérifier.",11/14/2024 15:16,,moyen,Escaladé,,,REF-280112
c7e756a5-caed-4633-bf15-d2d91b900351,COM-61005,USR-8597,NourritureEndommagée,"Tout était gâté, expérience catastrophique.",1/27/2025 15:16,"image_2003.jpg,image_1024.jpg",élevé,Résolu,1/29/2025 5:16,MOD-4,REF-504269
f2fa5e16-ae82-4cb5-bb05-804fea3256b8,COM-56771,USR-5189,ServiceClient,"Mauvaise expérience avec le support, très décevant.",6/6/2025 15:16,image_1372.jpg,élevé,Ouvert,,,REF-486120
51915f2d-b28d-4b48-b6bd-7f19d934bd73,COM-39411,USR-7116,CommandeErronée,"Petite erreur, j'ai reçu sandwich au lieu de pâtes.",5/5/2025 15:16,,faible,Ouvert,,,REF-909632
da9629c5-b5c0-4191-90df-fc3ac42ad292,COM-97019,USR-3885,LivraisonRetard,"La nourriture est arrivée avec 2 heures de retard, service décevant.",6/22/2025 15:16,,élevé,Résolu,6/23/2025 10:16,MOD-20,REF-537961
f1590424-6028-4db1-869d-eb4574b6c0fd,COM-76099,USR-4341,MauvaiseQualité,"sandwich avait un goût gâté, expérience horrible.",11/4/2024 15:16,,élevé,Ouvert,,,REF-106666
198d5407-8c66-4ecd-a941-f14ef8b4fe74,COM-64876,USR-6744,CommandeErronée,"Commande erronée livrée, j'ai eu pâtes et non burger.",4/15/2025 15:16,,faible,Ouvert,,,REF-618294
32ee267d-9e39-4d6b-8e68-ccc441999bf5,COM-42450,USR-7881,ArticleManquant,"Pas de burger, c'est inacceptable et frustrant !",11/9/2024 15:16,image_4392.jpg,élevé,Résolu,11/10/2024 1:16,MOD-19,REF-770896
5b6f88d8-8759-48c7-8b8e-87421574bfce,COM-51197,USR-3716,CommandeErronée,J'ai reçu burger au lieu de frites.,11/28/2024 15:16,image_1228.jpg,faible,Ouvert,,,REF-288486
a8698019-5817-4974-a3f1-a51e3fac0332,COM-30152,USR-9913,NourritureEndommagée,"Tout était trempé, expérience catastrophique.",8/5/2024 15:16,,élevé,Ouvert,,,REF-860463
22831190-f2be-496c-81f2-efa6b5b1273d,COM-13585,USR-9202,ArticleManquant,"Manque sandwich, service médiocre.",11/24/2024 15:16,"image_9878.jpg,image_2464.jpg",moyen,Résolu,11/25/2024 2:16,MOD-4,REF-220313
d74dd978-345a-4fcb-8b28-43f17747dc3c,COM-18617,USR-4989,MauvaiseQualité,"salade était brûlé, je ne commanderai plus.",2/19/2025 15:16,,faible,Résolu,2/20/2025 13:16,MOD-16,REF-720203
2aa2500e-e5fe-4e7e-b0cf-d75d37bc72b2,COM-11802,USR-5851,CommandeErronée,"J'ai commandé pâtes, mais j'ai reçu frites.",8/17/2024 15:16,image_6434.jpg,faible,Ouvert,,,REF-655319
175d7228-3869-4d2d-8b88-40dbc8b6b6e8,COM-26369,USR-1576,ArticleManquant,"Il manque sandwich dans ma commande, très décevant.",6/4/2025 15:16,,moyen,Ouvert,,,REF-782047
04d78fa7-75bc-4bc0-aa91-91b5dab944e2,COM-12837,USR-3102,MauvaiseQualité,"Qualité médiocre de boisson, très frustrant.",5/31/2025 15:16,image_8647.jpg,élevé,Escaladé,,,REF-987696
eef3b75e-4465-45ff-8bc9-baedab3ae8c2,COM-20843,USR-4032,NourritureEndommagée,"La commande était brûlé, très déçu.",2/17/2025 15:16,image_5164.jpg,faible,Ouvert,,,REF-575861
20fdf6d5-5cbf-4d66-ac46-5fffc4a8a900,COM-12205,USR-9513,CommandeErronée,"Commande incorrecte, mais le goût de dessert était acceptable.",10/21/2024 15:16,image_3364.jpg,moyen,Ouvert,,,REF-398176
8586b595-e000-42a4-9a43-7967bfc3ecd5,COM-50820,USR-7870,NourritureEndommagée,"frites était un peu écrasé, mais mangeable.",5/30/2025 15:16,image_2976.jpg,faible,Escaladé,,,REF-754526
c495dcb4-4226-4f45-94f3-5944b023b63c,COM-64835,USR-2211,NourritureEndommagée,"burger est arrivé sans goût, besoin d'un remplacement.",7/1/2024 15:16,,faible,Résolu,7/2/2024 3:16,MOD-4,REF-129712
cf9d4d4d-f4b9-41c3-8d60-5468118bcbf2,COM-53629,USR-1422,ProblèmePaiement,"J'ai été facturé deux fois pour ma commande, c'est inacceptable !",10/29/2024 15:16,image_1141.jpg,élevé,Ouvert,,,REF-654789
461a5cc3-2e9a-4b20-94dc-ab6c8c9e5ff4,COM-11645,USR-7570,ProblèmePaiement,"Petite erreur de facturation, mais gênante.",12/28/2024 15:16,,moyen,Ouvert,,,REF-469141
7ff72497-8e6c-4c4a-9c1c-0be44b5241eb,COM-37434,USR-7906,CommandeErronée,J'ai reçu pizza au lieu de pizza.,4/5/2025 15:16,,faible,Escaladé,,,REF-656006
0a1af3cc-4c2d-42f5-ad22-9e5079ba58e3,COM-23884,USR-7390,NourritureEndommagée,"La commande était froid, très déçu.",4/19/2025 15:16,,faible,Résolu,4/19/2025 16:16,MOD-17,REF-187440
ab1821a6-a58d-44da-9c8f-d18c2f20a086,COM-22500,USR-2534,NourritureEndommagée,"dessert livré moisi, c'est scandaleux et dangereux !",9/16/2024 15:16,,élevé,Escaladé,,,REF-320027
ba9b8c32-5bfa-4b3b-bb4c-adb1b8ff2dd1,COM-75592,USR-7828,MauvaiseQualité,"Très mauvaise qualité de pâtes, immangeable.",12/1/2024 15:16,,élevé,Résolu,12/3/2024 12:16,MOD-19,REF-785321
c4119c3c-05d4-40b3-b9a2-99d6f3a25ffd,COM-57804,USR-3075,CommandeErronée,"Mauvais article livré, pâtes à la place de salade.",4/24/2025 15:16,image_3723.jpg,faible,Escaladé,,,REF-790846
a309a92d-a36c-4952-8bbb-ee72a02a6562,COM-92453,USR-9096,NourritureEndommagée,"sandwich est arrivé trempé, besoin d'un remplacement.",12/12/2024 15:16,,faible,Résolu,12/13/2024 10:16,MOD-4,REF-864202
3bd20e70-859a-41cb-8a02-f7112584b47a,COM-45039,USR-7931,MauvaiseQualité,"burger était brûlé, totalement dégoûtant !",10/1/2024 15:16,image_3385.jpg,élevé,Ouvert,,,REF-927983
af6e7931-2df7-4ee9-8234-dbeda3d4fae1,COM-48844,USR-1316,ServiceClient,"Le service client n'a pas résolu mon problème, frustrant.",3/16/2025 15:16,,moyen,Résolu,3/16/2025 20:16,MOD-11,REF-723824
da720e67-790c-4618-b79f-46c8db41edfa,COM-73926,USR-6903,MauvaiseQualité,"sushi avait un goût moisi, expérience horrible.",1/4/2025 15:16,,élevé,Résolu,1/6/2025 8:16,MOD-3,REF-774367
52578043-1dd9-4c89-aba7-c28aa08c7bc0,COM-41773,USR-4376,ArticleManquant,"Je n'ai pas reçu frites, besoin d'un remboursement.",6/20/2025 15:16,,faible,Résolu,6/20/2025 17:16,MOD-11,REF-613209
524b966d-1137-4358-afad-9d3337ce7a03,COM-86306,USR-6054,LivraisonRetard,"J'ai attendu 2 heures pour ma commande, très frustrant.",5/4/2025 15:16,,élevé,Résolu,5/5/2025 11:16,MOD-2,REF-965684
d48bf55d-05ec-4ba0-8952-2d97d5e24b44,COM-15631,USR-3692,LivraisonRetard,"Retard de 2 heures, c'est scandaleux et dérangeant !",5/19/2025 15:16,"image_4613.jpg,image_4125.jpg",élevé,Ouvert,,,REF-475051
75a95db4-99ac-48cd-a022-a1a10e4b254f,COM-82157,USR-3411,CommandeErronée,"Mauvais article livré, pâtes à la place de pâtes.",6/23/2025 15:16,,faible,Escaladé,,,REF-253181
09529759-e5b0-45f4-b899-7a9aee733cbb,COM-54747,USR-5984,ServiceClient,"Mauvaise expérience avec le support, très décevant.",6/4/2025 15:16,,moyen,Escaladé,,,REF-523434
c0fecc8b-a720-4ba0-96fd-271602ef270d,COM-29347,USR-7657,LivraisonRetard,"Livraison retardée de 1 heure, totalement inacceptable !",10/15/2024 15:16,"image_1762.jpg,image_9198.jpg",élevé,Escaladé,,,REF-885648
539b1001-8307-42f7-9a46-54eae964a9c6,COM-53039,USR-2461,ArticleManquant,"Il manque dessert dans ma commande, très décevant.",7/28/2024 15:16,,moyen,Résolu,7/28/2024 16:16,MOD-15,REF-331597
6ccdaff0-8cef-4be3-8922-f1168797d65b,COM-14327,USR-7645,LivraisonRetard,"Retard de 30 minutes, c'est scandaleux et dérangeant !",3/8/2025 15:16,,moyen,Escaladé,,,REF-769324
974a8753-aab5-4883-9076-30d9f7de76a4,COM-79327,USR-1181,ServiceClient,"Service client injoignable, c'est insupportable !",12/10/2024 15:16,"image_7757.jpg,image_8391.jpg",élevé,Ouvert,,,REF-127760
b4ca4cd5-9ea2-4499-b6ff-02634e1419ef,COM-59273,USR-8687,ServiceClient,"Le service client n'a pas résolu mon problème, frustrant.",6/28/2025 15:16,,moyen,Escaladé,,,REF-689269
0ee605d4-a9d1-4484-898e-25893d077fe8,COM-62646,USR-9481,ServiceClient,"Réponse lente du service client, qualité médiocre.",8/19/2024 15:16,,faible,Escaladé,,,REF-453935
923d1a4a-147c-4079-8a78-1d835e31f65f,COM-93263,USR-8327,ProblèmePaiement,"Problème mineur avec le paiement, veuillez vérifier.",11/30/2024 15:16,,moyen,Résolu,12/1/2024 1:16,MOD-11,REF-624159
83cd2dcd-7711-4ee6-8e18-fa0802984197,COM-55180,USR-4333,ArticleManquant,"sauce manquant, veuillez résoudre immédiatement.",3/26/2025 15:16,image_1109.jpg,élevé,Escaladé,,,REF-923458
8e6c99c9-111b-4a57-926e-5d49575b9b7c,COM-98190,USR-5337,ServiceClient,"Mauvaise expérience avec le support, très décevant.",6/16/2025 15:16,image_8760.jpg,élevé,Escaladé,,,REF-870192
ec0f0f99-aaf4-41f5-b499-e92a214c04e2,COM-78976,USR-2383,NourritureEndommagée,"sushi était un peu mal emballé, mais mangeable.",9/7/2024 15:16,"image_3679.jpg,image_6353.jpg",faible,Escaladé,,,REF-484677
225be74b-baa6-4896-bb02-655f98a27a55,COM-65122,USR-3580,ArticleManquant,"Je n'ai pas reçu sauce, besoin d'un remboursement.",10/5/2024 15:16,image_4360.jpg,faible,Résolu,10/5/2024 16:16,MOD-12,REF-284383
ae5774c9-a5ea-4bd6-a646-c151beb3fcb6,COM-94527,USR-5864,MauvaiseQualité,"sauce avait un goût écrasé, expérience horrible.",8/9/2024 15:16,image_4731.jpg,élevé,Résolu,8/11/2024 0:16,MOD-15,REF-759646
e86fc3b8-a913-4667-9186-e2357dda556c,COM-62157,USR-4972,MauvaiseQualité,"pâtes avait un goût froid, expérience horrible.",8/25/2024 15:16,,élevé,Ouvert,,,REF-817721
95838509-a105-4c10-859c-49ae21c2ca4a,COM-50071,USR-8382,MauvaiseQualité,"Qualité médiocre de burger, très frustrant.",6/25/2025 15:16,image_1303.jpg,élevé,Résolu,6/27/2025 2:16,MOD-2,REF-189282
aa7088fe-0844-47b9-b2f4-c00812064af5,COM-61239,USR-3886,CommandeErronée,"Commande erronée livrée, j'ai eu burger et non frites.",2/28/2025 15:16,,faible,Résolu,3/2/2025 3:16,MOD-15,REF-622030
640e5ae1-1ac1-49c7-9cb2-90449c438e01,COM-72809,USR-5600,ArticleManquant,"Commande incomplète, sandwich non livré.",12/6/2024 15:16,image_4618.jpg,faible,Ouvert,,,REF-831462
fde0bc11-b925-45bb-b9e5-23ddd1aaa66f,COM-70167,USR-4872,ArticleManquant,"Manque salade, service médiocre.",10/13/2024 15:16,,faible,Ouvert,,,REF-118014
74d1d8f7-af52-4e8a-906d-04d1b4396691,COM-76755,USR-5139,ServiceClient,"Service client injoignable, c'est insupportable !",2/23/2025 15:16,"image_4030.jpg,image_6847.jpg",élevé,Escaladé,,,REF-103950
dcfac05c-2415-4bee-a731-edbc0a9f7f0e,COM-92425,USR-4543,ArticleManquant,"Commande incomplète, salade non livré.",8/22/2024 15:16,image_4063.jpg,faible,Escaladé,,,REF-354386
081fa988-375e-4520-9c8a-4677147981f4,COM-55371,USR-8686,ProblèmePaiement,"Problème de paiement, remboursement requis immédiatement.",12/6/2024 15:16,image_7219.jpg,élevé,Escaladé,,,REF-724907
9003fa5c-3ba0-4ffc-b6b4-5f928f4aaf1f,COM-27005,USR-9433,LivraisonRetard,"Livraison retardée de 90 minutes, totalement inacceptable !",9/16/2024 15:16,,moyen,Résolu,9/18/2024 6:16,MOD-14,REF-130079
cceeb072-18e4-49bc-a8a7-4d3c456bbfa3,COM-38624,USR-5894,ProblèmePaiement,"Problème de paiement, remboursement requis immédiatement.",4/25/2025 15:16,,élevé,Résolu,4/27/2025 12:16,MOD-1,REF-774400
45391214-5f32-4d1d-a637-67745a30dbc2,COM-81860,USR-5809,ProblèmePaiement,"Erreur de facturation pour pizza, très frustrant.",7/25/2024 15:16,image_2149.jpg,élevé,Escaladé,,,REF-471484
8880d57d-f302-47f4-88a6-3876fe47d677,COM-88922,USR-8301,ServiceClient,"Service client injoignable, c'est insupportable !",4/1/2025 15:16,image_7157.jpg,élevé,Résolu,4/3/2025 1:16,MOD-16,REF-495325
b454881f-77c5-4f27-8443-c8ed909de66f,COM-24960,USR-1510,NourritureEndommagée,"Commande endommagée, frites était légèrement brûlé.",10/26/2024 15:16,,faible,Ouvert,,,REF-420849
28cbff3c-5094-412f-9753-7f6dcfa07add,COM-61343,USR-9715,ArticleManquant,"Manque sushi, service médiocre.",12/21/2024 15:16,image_4504.jpg,moyen,Escaladé,,,REF-402417
7ca1f553-5e97-4a30-a292-fb601f1a6d6f,COM-45824,USR-4826,CommandeErronée,"J'ai commandé sushi, mais j'ai reçu pizza.",4/2/2025 15:16,image_1594.jpg,faible,Escaladé,,,REF-583238
0d2773bd-9d93-4756-b333-d3dd67d32d6b,COM-77392,USR-3797,NourritureEndommagée,"pizza était un peu mal emballé, mais mangeable.",5/5/2025 15:16,"image_9861.jpg,image_7347.jpg",faible,Ouvert,,,REF-339874
7a8d5c3b-b09d-4f36-a386-9d31eb113fe8,COM-97538,USR-1337,ServiceClient,"Petit souci avec le support, mais acceptable.",2/11/2025 15:16,,faible,Ouvert,,,REF-666126
53f5260e-1c1d-4330-8cf7-ad369bdb5081,COM-58761,USR-5567,ServiceClient,"Service client correct, mais pourrait être plus rapide.",1/9/2025 15:16,image_8627.jpg,moyen,Escaladé,,,REF-595223
35dcd1dd-4511-4737-ad6f-a1084ac85fd3,COM-99032,USR-5822,CommandeErronée,"Commande erronée livrée, j'ai eu dessert et non dessert.",10/17/2024 15:16,,faible,Ouvert,,,REF-215086
d82cc3cd-1d9b-4ead-8d7d-6d8414013e25,COM-55916,USR-5314,LivraisonRetard,"La commande a été livrée avec 1 heure de retard, la nourriture était froide.",6/17/2025 15:16,,moyen,Escaladé,,,REF-368710
fa6101a0-23a7-452d-835d-d906609a3563,COM-88658,USR-5634,ProblèmePaiement,"Problème mineur avec le paiement, veuillez vérifier.",12/9/2024 15:16,,moyen,Ouvert,,,REF-492063
1dbc585b-3b2a-43a8-9efa-763bc0c0cc59,COM-92598,USR-1029,ServiceClient,"Service client injoignable, c'est insupportable !",7/27/2024 15:16,,élevé,Escaladé,,,REF-340890
309e56fb-98b4-4f98-a883-f3093ffc2396,COM-22464,USR-4156,CommandeErronée,"Commande erronée livrée, j'ai eu pizza et non salade.",9/25/2024 15:16,image_8190.jpg,faible,Résolu,9/26/2024 20:16,MOD-10,REF-724828
e0f36106-d177-42d4-81d3-265e6284ff62,COM-44541,USR-4411,LivraisonRetard,"Retard de 90 minutes, c'est scandaleux et dérangeant !",9/2/2024 15:16,,moyen,Escaladé,,,REF-361075
19ea7332-856f-4c09-9e9f-f0d6f78c73ff,COM-43731,USR-1967,ServiceClient,"Le service client n'a pas résolu mon problème, frustrant.",7/4/2024 15:16,,moyen,Résolu,7/4/2024 22:16,MOD-20,REF-134998
b7988a5a-fa80-4983-bee5-0c20bff35a98,COM-99245,USR-9775,MauvaiseQualité,"sandwich n'était pas terrible, qualité moyenne.",12/1/2024 15:16,,faible,Escaladé,,,REF-929050
5b22770c-0349-47f9-af17-0ad8580a5d83,COM-64747,USR-5431,CommandeErronée,"Mauvais article livré, salade à la place de pâtes.",12/19/2024 15:16,,faible,Ouvert,,,REF-262914
194691be-5ac2-4db8-bc98-5c6f74e4f02b,COM-17625,USR-1649,CommandeErronée,"J'ai commandé burger, mais j'ai reçu dessert.",7/20/2024 15:16,,faible,Résolu,7/21/2024 10:16,MOD-3,REF-159698
6138a204-6093-4115-b762-0b49947f370d,COM-20428,USR-8736,ServiceClient,"Service client correct, mais pourrait être plus rapide.",6/21/2025 15:16,,faible,Escaladé,,,REF-746662
635ced36-3cda-4c1d-b27b-17761394e5a0,COM-63069,USR-1507,LivraisonRetard,"Livraison retardée de 1 heure, totalement inacceptable !",8/2/2024 15:16,,moyen,Résolu,8/3/2024 13:16,MOD-13,REF-670083
76b8960e-b803-4143-a9a8-06fb29f6e10b,COM-13341,USR-4988,ArticleManquant,"Petit souci, il manquait sushi dans la commande.",3/19/2025 15:16,,faible,Résolu,3/20/2025 1:16,MOD-18,REF-534431
6c7829c6-025c-4dfa-8aa7-3e16a66fa302,COM-42322,USR-6537,LivraisonRetard,"Livraison retardée de 90 minutes, totalement inacceptable !",11/27/2024 15:16,,moyen,Escaladé,,,REF-253055
525f8509-194c-49b3-8293-bc157ebdb038,COM-51128,USR-5028,CommandeErronée,"J'ai commandé sauce, mais j'ai reçu pâtes.",1/5/2025 15:16,,faible,Ouvert,,,REF-854448
3c9c6ef3-cb31-49e0-a11b-8e2511cc2c4b,COM-87766,USR-5576,MauvaiseQualité,"sauce n'était pas terrible, qualité moyenne.",2/5/2025 15:16,image_2466.jpg,moyen,Résolu,2/6/2025 11:16,MOD-9,REF-533683
ace75356-fa78-4ad5-a1de-078404e90f88,COM-45964,USR-9139,ArticleManquant,"Il manque dessert dans ma commande, très décevant.",1/22/2025 15:16,image_9261.jpg,élevé,Ouvert,,,REF-491846
6cd14121-232d-4a0a-a925-0b5a4728c0bb,COM-10962,USR-3562,LivraisonRetard,"La commande a été livrée avec 90 minutes de retard, la nourriture était froide.",1/29/2025 15:16,"image_3468.jpg,image_6824.jpg",élevé,Escaladé,,,REF-783340
e83c1cf5-cc2e-45ad-8e69-72afcb807bdf,COM-24207,USR-8648,ProblèmePaiement,"Erreur de facturation pour salade, très frustrant.",8/4/2024 15:16,,moyen,Résolu,8/6/2024 10:16,MOD-6,REF-531963
4e833dc3-0f73-4758-b3b0-e745a380c4d1,COM-43539,USR-2585,ServiceClient,"Service client injoignable, c'est insupportable !",9/26/2024 15:16,image_1034.jpg,élevé,Résolu,9/28/2024 1:16,MOD-13,REF-641172
4e2fb921-bbc1-4b96-b78e-f259ed6f12cb,COM-14231,USR-4302,ProblèmePaiement,"Problème de paiement, remboursement requis immédiatement.",3/27/2025 15:16,,élevé,Escaladé,,,REF-313365
378b042d-a39f-4900-b35e-92d63f90d097,COM-41277,USR-8914,ProblèmePaiement,"Problème de paiement, remboursement requis immédiatement.",1/18/2025 15:16,,élevé,Escaladé,,,REF-366488
41e81ecd-0251-4c71-af66-1ce89842ed5c,COM-30352,USR-5016,NourritureEndommagée,"Commande endommagée, salade était légèrement brûlé.",2/25/2025 15:16,,faible,Résolu,2/27/2025 9:16,MOD-2,REF-315365
c149e67e-1a34-426f-a3fb-5ddd68f5bad1,COM-13536,USR-1456,ProblèmePaiement,"J'ai été facturé deux fois pour ma commande, c'est inacceptable !",9/18/2024 15:16,image_6205.jpg,élevé,Résolu,9/19/2024 8:16,MOD-18,REF-526402
4a233c7a-ac11-4de4-a03e-10334512a30e,COM-98374,USR-6774,ProblèmePaiement,"Problème de paiement, remboursement requis immédiatement.",12/3/2024 15:16,,élevé,Résolu,12/4/2024 21:16,MOD-9,REF-117972
17cd4f25-061e-45e3-88b9-94bb9477ac5e,COM-58330,USR-6273,MauvaiseQualité,"La nourriture était brûlé, pas à la hauteur.",4/6/2025 15:16,,faible,Escaladé,,,REF-262094
f785dce1-a96d-4fcf-a39e-807493dfd547,COM-25190,USR-2721,CommandeErronée,"Erreur sur ma commande : pizza au lieu de boisson, très agaçant.",2/3/2025 15:16,image_6462.jpg,élevé,Escaladé,,,REF-781800
c5fe5ac0-7c00-448c-9be1-bbeb6b93cef9,COM-98725,USR-6678,ProblèmePaiement,"Petite erreur de facturation, mais gênante.",8/14/2024 15:16,,moyen,Escaladé,,,REF-509691
d2b55e43-d181-4ace-82d1-170960147634,COM-73119,USR-3868,ArticleManquant,Pourriez-vous vérifier pourquoi pâtes n'était pas inclus ?,3/2/2025 15:16,"image_7375.jpg,image_1749.jpg",faible,Escaladé,,,REF-291347
b21e3c96-b4a4-4aa8-be50-77c40898b81c,COM-24873,USR-9177,CommandeErronée,"Mauvais article livré, dessert à la place de burger.",11/11/2024 15:16,image_1795.jpg,faible,Résolu,11/12/2024 4:16,MOD-16,REF-794465
d7c46cdf-4f32-40a4-acc0-b46440740114,COM-54636,USR-9787,NourritureEndommagée,"Tout était gâté, expérience catastrophique.",1/13/2025 15:16,"image_2712.jpg,image_8370.jpg",élevé,Résolu,1/14/2025 9:16,MOD-3,REF-900971
4b54099f-231b-43aa-b2d9-fe2176a86a64,COM-43947,USR-5604,ProblèmePaiement,"Surfacturation de la commande, service client désastreux.",2/21/2025 15:16,,élevé,Escaladé,,,REF-978281
8c9ca42e-7048-4b4c-b6d3-28c72d59b687,COM-13081,USR-8712,ArticleManquant,"Petit souci, il manquait salade dans la commande.",2/26/2025 15:16,image_9529.jpg,faible,Escaladé,,,REF-239009
d8669858-5573-4f4f-875c-cfc80085b340,COM-94475,USR-3126,CommandeErronée,"Livré frites, mais je voulais sauce, c'est inacceptable.",3/12/2025 15:16,image_6397.jpg,moyen,Résolu,3/14/2025 14:16,MOD-11,REF-637800
bc83d816-3674-49a3-867b-14aa15f45dde,COM-57343,USR-2276,LivraisonRetard,"Commande arrivée après 3 heures, vraiment pas satisfait.",7/1/2024 15:16,,élevé,Ouvert,,,REF-177366
43b0b39e-cf98-4886-8fc4-a3c7eb53600a,COM-20331,USR-5506,CommandeErronée,"Commande erronée livrée, j'ai eu sandwich et non burger.",10/13/2024 15:16,,faible,Résolu,10/14/2024 16:16,MOD-20,REF-743173
f321dc25-3a60-4ed1-a5c1-170e3a088baa,COM-79319,USR-3620,ProblèmePaiement,"Erreur de facturation pour burger, très frustrant.",11/17/2024 15:16,image_2055.jpg,élevé,Ouvert,,,REF-570295
6703eb65-3402-4e65-8125-fbfd7cfc0fd3,COM-62005,USR-8077,ProblèmePaiement,"Problème mineur avec le paiement, veuillez vérifier.",1/13/2025 15:16,"image_6489.jpg,image_3888.jpg",élevé,Résolu,1/13/2025 18:16,MOD-13,REF-964428
790e0b46-53dc-4b56-83a9-90d7726f2c01,COM-96960,USR-7026,ArticleManquant,"Je n'ai pas reçu pâtes, besoin d'un remboursement.",4/2/2025 15:16,,faible,Résolu,4/4/2025 6:16,MOD-8,REF-708780
aef965c7-f358-4d12-9a4a-544cf4c999dd,COM-28544,USR-3876,ServiceClient,"Service client injoignable, c'est insupportable !",6/19/2025 15:16,,élevé,Escaladé,,,REF-688093
9ba8e320-2941-4d85-991f-3ad563932532,COM-49380,USR-7280,NourritureEndommagée,"sushi livré trempé, c'est scandaleux et dangereux !",11/6/2024 15:16,,élevé,Ouvert,,,REF-839015
7e36a7c2-9e1a-4030-852b-c50c0fe2fee9,COM-90373,USR-5881,ServiceClient,"Réponse lente du service client, qualité médiocre.",7/17/2024 15:16,,faible,Escaladé,,,REF-441993
a5e0e18b-c70d-4611-bb6e-5a6019840862,COM-79171,USR-4467,ServiceClient,"Mauvaise expérience avec le support, très décevant.",8/2/2024 15:16,,moyen,Résolu,8/2/2024 18:16,MOD-13,REF-141653
edc9e0fd-9794-4451-964a-756c9c8c04b6,COM-60865,USR-7352,ProblèmePaiement,"Erreur de facturation pour pizza, très frustrant.",11/4/2024 15:16,,moyen,Ouvert,,,REF-657670
767b285f-ad1b-4dc2-902d-bd7b57dd1dc9,COM-77594,USR-9283,ArticleManquant,"Il manque burger dans ma commande, très décevant.",2/1/2025 15:16,,moyen,Ouvert,,,REF-195612
38e6c402-2050-4749-b712-acc5fefef795,COM-85230,USR-8883,NourritureEndommagée,"burger est arrivé gâté, besoin d'un remplacement.",1/10/2025 15:16,,élevé,Escaladé,,,REF-299742
ab74d535-b6a6-4011-8ccf-40710a7ba02d,COM-37047,USR-8623,ProblèmePaiement,"Problème de paiement, remboursement requis immédiatement.",1/8/2025 15:16,,élevé,Résolu,1/9/2025 11:16,MOD-5,REF-467526
4fd52627-79f6-4ec0-865e-89a52f85d4a7,COM-43986,USR-8770,LivraisonRetard,"Commande arrivée après 30 minutes, vraiment pas satisfait.",7/28/2024 15:16,,moyen,Résolu,7/29/2024 16:16,MOD-11,REF-411334
0057833b-1eeb-4256-8cb6-fb38348d575e,COM-22162,USR-8389,ServiceClient,"Service client correct, mais pourrait être plus rapide.",11/11/2024 15:16,,faible,Ouvert,,,REF-459115
d482eeee-7174-4127-905d-bd21936fbebc,COM-35246,USR-7841,CommandeErronée,"Mauvais article livré, sushi à la place de pizza.",3/6/2025 15:16,,faible,Escaladé,,,REF-214790
b92f7095-973e-4eba-b496-310cdae5b534,COM-35505,USR-6702,ServiceClient,"Mauvaise expérience avec le support, très décevant.",7/30/2024 15:16,,moyen,Ouvert,,,REF-433196
ec1f4f20-1220-40f4-a4c2-bfb2761a5bdb,COM-34173,USR-4669,LivraisonRetard,"J'ai attendu 3 heures pour ma commande, très frustrant.",5/26/2025 15:16,,élevé,Ouvert,,,REF-587953
02b166ea-1950-4a1b-bf42-643571c33ce6,COM-77040,USR-5489,LivraisonRetard,"Livraison retardée de 30 minutes, totalement inacceptable !",6/1/2025 15:16,"image_3850.jpg,image_5258.jpg",moyen,Résolu,6/1/2025 16:16,MOD-1,REF-949042
588b59fd-314c-4d8a-9ccf-68be7e3595b3,COM-50046,USR-2071,ServiceClient,"Réponse lente du service client, qualité médiocre.",1/27/2025 15:16,image_2011.jpg,moyen,Escaladé,,,REF-157674
05ec44cb-849f-475d-8ce6-43d14d0afa1f,COM-75864,USR-6437,MauvaiseQualité,"Le goût de frites était un peu froid, mais acceptable.",7/17/2024 15:16,image_2193.jpg,moyen,Résolu,7/18/2024 20:16,MOD-12,REF-538053
a3e0a7b9-1f59-4d8a-9d82-20752f9a9b0d,COM-91494,USR-8222,ArticleManquant,"Je n'ai pas reçu pâtes, besoin d'un remboursement.",4/12/2025 15:16,image_6362.jpg,faible,Escaladé,,,REF-970458
63a02d10-5f64-46b2-ac67-2f873e303d9d,COM-60322,USR-3538,NourritureEndommagée,"sauce est arrivé sans goût, besoin d'un remplacement.",4/11/2025 15:16,,faible,Résolu,4/12/2025 17:16,MOD-18,REF-924447
7e78b158-87b2-4200-bee2-31a57723d595,COM-57294,USR-6435,ArticleManquant,"Pas de frites, c'est inacceptable et frustrant !",9/2/2024 15:16,image_1758.jpg,élevé,Escaladé,,,REF-201513
c8f9df8b-ad11-477f-9c25-3c68fd16937f,COM-62135,USR-2372,ProblèmePaiement,"Problème de paiement, remboursement requis immédiatement.",12/3/2024 15:16,image_8366.jpg,élevé,Ouvert,,,REF-288688
d6ef5d03-0771-4c30-b771-deee9c797505,COM-93482,USR-3608,ArticleManquant,"Il manque salade dans ma commande, très décevant.",11/27/2024 15:16,,moyen,Résolu,11/29/2024 12:16,MOD-14,REF-631460
f8adbf11-c18c-416e-b361-7d65b3d12134,COM-99265,USR-5758,LivraisonRetard,"La commande a été livrée avec 1 heure de retard, la nourriture était froide.",4/3/2025 15:16,"image_6469.jpg,image_2569.jpg",élevé,Ouvert,,,REF-589204
85ad06e9-4a74-4593-b8bd-2b7ce58577eb,COM-14696,USR-2035,ServiceClient,"Service client injoignable, c'est insupportable !",7/17/2024 15:16,image_6995.jpg,élevé,Escaladé,,,REF-347615
d8f16d67-1f9a-44fc-ba05-751bd1cdba74,COM-16624,USR-1788,ArticleManquant,"Pas de burger, c'est inacceptable et frustrant !",2/11/2025 15:16,,moyen,Résolu,2/11/2025 19:16,MOD-1,REF-570039
22207cba-88a5-4571-a5f7-07f3dcd632bf,COM-53818,USR-5883,LivraisonRetard,"J'ai attendu 30 minutes pour ma commande, très frustrant.",11/6/2024 15:16,,moyen,Ouvert,,,REF-218695
2b311dd4-af26-45b4-a741-bd43ac11597d,COM-57380,USR-5177,MauvaiseQualité,"sushi était mal emballé, totalement dégoûtant !",2/17/2025 15:16,image_5502.jpg,élevé,Résolu,2/18/2025 11:16,MOD-17,REF-219558
39f5b2cc-8d9b-40ce-b0e2-f1e666786c58,COM-15072,USR-3507,CommandeErronée,"Livré sushi, mais je voulais boisson, c'est inacceptable.",2/18/2025 15:16,,faible,Escaladé,,,REF-178633
c5b6eac3-c7e4-4d49-9974-e97f0ebd5839,COM-76268,USR-5962,ProblèmePaiement,"Petite erreur de facturation, mais gênante.",2/2/2025 15:16,,moyen,Ouvert,,,REF-836760
488c8a61-65b8-4948-8b9d-5175461f41b7,COM-77224,USR-3041,ServiceClient,"Service client injoignable, c'est insupportable !",12/14/2024 15:16,,élevé,Ouvert,,,REF-417847
3f08c749-0eba-42f9-bde7-0704316fe170,COM-38227,USR-9126,MauvaiseQualité,"boisson était sans goût, je ne commanderai plus.",8/4/2024 15:16,,faible,Résolu,8/6/2024 12:16,MOD-9,REF-487289
56a2d567-f193-4bee-ad11-d40bc16a9bd1,COM-21797,USR-9521,CommandeErronée,"Commande incorrecte, mais le goût de sushi était acceptable.",1/5/2025 15:16,,faible,Résolu,1/7/2025 15:16,MOD-16,REF-666558
5b200850-0681-444d-a6e7-49de9476ac0b,COM-69327,USR-6479,MauvaiseQualité,"Qualité médiocre de sauce, très frustrant.",10/12/2024 15:16,,moyen,Résolu,10/12/2024 17:16,MOD-14,REF-446109
96d7723f-04ab-42a5-9a3e-e463fc51deff,COM-29753,USR-8155,ProblèmePaiement,"Petite erreur de facturation, mais gênante.",2/19/2025 15:16,,moyen,Ouvert,,,REF-935310
f92cfb63-f448-4d74-b3be-a59beca7aa15,COM-42855,USR-3378,ServiceClient,"Service client correct, mais pourrait être plus rapide.",1/22/2025 15:16,image_9559.jpg,moyen,Escaladé,,,REF-663699
617da86e-7e20-449e-9a26-f6a3c273706b,COM-83548,USR-9496,ProblèmePaiement,"Problème de paiement, remboursement requis immédiatement.",12/13/2024 15:16,,élevé,Escaladé,,,REF-497699
3986b0ad-dfc2-4312-b3db-37628d23d913,COM-82490,USR-1145,ProblèmePaiement,"Problème mineur avec le paiement, veuillez vérifier.",10/28/2024 15:16,image_8988.jpg,élevé,Escaladé,,,REF-595871
f651a20d-77c4-46ab-9802-c4e54929375c,COM-56567,USR-6723,CommandeErronée,"J'ai commandé burger, mais j'ai reçu sushi.",11/4/2024 15:16,image_7074.jpg,faible,Résolu,11/5/2024 12:16,MOD-4,REF-395188
2cf729b6-5e97-4e74-afec-3863759764b6,COM-35442,USR-9413,ServiceClient,"Service client correct, mais pourrait être plus rapide.",8/11/2024 15:16,,faible,Escaladé,,,REF-345395
91e6b246-66c1-4782-9f3c-8597e939e113,COM-99196,USR-7489,MauvaiseQualité,"sauce était gâté, totalement dégoûtant !",10/28/2024 15:16,,élevé,Escaladé,,,REF-342700
27000b75-ddb0-4481-98a5-24e86a889c2a,COM-29511,USR-9777,LivraisonRetard,"Livraison en retard de 1 heure, c'est gênant mais acceptable.",2/14/2025 15:16,image_4982.jpg,élevé,Résolu,2/14/2025 18:16,MOD-15,REF-202680
8614a45c-7c45-4aa3-95c9-90e83b19c684,COM-60551,USR-7004,MauvaiseQualité,"sauce était trempé, je ne commanderai plus.",12/2/2024 15:16,image_6224.jpg,faible,Résolu,12/4/2024 2:16,MOD-8,REF-612063
550e7d3c-1452-405f-aa8f-dcd15717505b,COM-42818,USR-5315,NourritureEndommagée,"pâtes est arrivé brûlé, besoin d'un remplacement.",4/6/2025 15:16,,faible,Escaladé,,,REF-887925
66d7c959-d29e-4e5b-bfcb-e03ee13e0021,COM-57040,USR-7017,NourritureEndommagée,"sauce était un peu brûlé, mais mangeable.",5/1/2025 15:16,,faible,Escaladé,,,REF-477715
d68bc1d1-be2b-42f0-b8b7-c29a2015274e,COM-16514,USR-5381,NourritureEndommagée,"La nourriture était gâté, totalement immangeable.",5/7/2025 15:16,,élevé,Résolu,5/9/2025 15:16,MOD-10,REF-299152
6f1729d9-5177-41b1-8b49-7a81172a0737,COM-65030,USR-4504,NourritureEndommagée,"La nourriture était sans goût, totalement immangeable.",5/28/2025 15:16,,élevé,Escaladé,,,REF-371900
3231f65f-4a19-4d86-86e8-ac49bdd5817e,COM-37169,USR-5427,MauvaiseQualité,"sauce était froid, je ne commanderai plus.",7/23/2024 15:16,image_7226.jpg,moyen,Ouvert,,,REF-209238
11a5a37f-2537-49eb-a969-caaaaaa1b696,COM-82868,USR-6945,MauvaiseQualité,"sandwich était trempé, totalement dégoûtant !",12/6/2024 15:16,image_7097.jpg,élevé,Ouvert,,,REF-245469
dee37648-fdb3-458c-a5fe-bbbf70384487,COM-93157,USR-3601,CommandeErronée,"Commande incorrecte, mais le goût de frites était acceptable.",8/15/2024 15:16,,faible,Escaladé,,,REF-607695
426e94c0-32a4-41b6-af6e-051919bb40e8,COM-35258,USR-3278,MauvaiseQualité,"pâtes était moisi, totalement dégoûtant !",10/8/2024 15:16,,élevé,Résolu,10/9/2024 16:16,MOD-20,REF-827275
db54fcf6-ccf6-4adb-8c02-e9499883bf23,COM-13028,USR-9254,ServiceClient,"Service client injoignable, c'est insupportable !",3/8/2025 15:16,image_5687.jpg,élevé,Résolu,3/10/2025 12:16,MOD-12,REF-565760
9dc46ec2-2e60-4b18-8a9b-80098d8be221,COM-71099,USR-6857,ServiceClient,"Petit souci avec le support, mais acceptable.",2/27/2025 15:16,image_5562.jpg,moyen,Résolu,3/1/2025 0:16,MOD-4,REF-240426
b033c817-10c9-4c1d-8b4f-c09ceed8551b,COM-95101,USR-1597,LivraisonRetard,"Livraison retardée de 90 minutes, totalement inacceptable !",2/28/2025 15:16,,moyen,Escaladé,,,REF-200118
146007a9-5a65-4772-aa34-b5fcdf849a66,COM-92349,USR-4791,NourritureEndommagée,"La nourriture était sans goût, totalement immangeable.",11/6/2024 15:16,,élevé,Ouvert,,,REF-278946
171142ee-5cfc-44a9-b1a1-2610a45cbddf,COM-58084,USR-6705,ArticleManquant,"Petit souci, il manquait pâtes dans la commande.",9/3/2024 15:16,,faible,Escaladé,,,REF-933914
e17c4988-12e8-4ef1-ba94-53f398a7f43b,COM-91944,USR-1214,ServiceClient,"Petit souci avec le support, mais acceptable.",10/18/2024 15:16,image_7579.jpg,moyen,Escaladé,,,REF-111853
4f70ffb2-dd71-4526-95bd-70c6335bf8f8,COM-78932,USR-3084,ProblèmePaiement,"Problème de paiement, remboursement requis immédiatement.",12/11/2024 15:16,,élevé,Ouvert,,,REF-171003
49c8da09-7ab8-4182-82ef-bf7f40ea338f,COM-30313,USR-2559,MauvaiseQualité,"sandwich avait un goût sans goût, expérience horrible.",2/11/2025 15:16,image_3381.jpg,élevé,Résolu,2/12/2025 23:16,MOD-1,REF-389437
2b3fead4-219e-4c4f-98ff-96ba82ae80c3,COM-72857,USR-1700,NourritureEndommagée,"Commande endommagée, burger était légèrement gâté.",5/22/2025 15:16,,élevé,Ouvert,,,REF-944887
f1bf4267-75c5-4080-8ad1-73a88a769d73,COM-89404,USR-8436,ServiceClient,"Service client correct, mais pourrait être plus rapide.",7/1/2025 15:16,image_4949.jpg,moyen,Résolu,7/3/2025 5:16,MOD-3,REF-803407
e0ea73aa-cca5-4e6f-ba91-1bdd014a525c,COM-79967,USR-3678,CommandeErronée,"J'ai commandé sauce, mais j'ai reçu sandwich.",12/8/2024 15:16,image_8839.jpg,faible,Escaladé,,,REF-351152
ea042521-b61d-4e3c-94d4-fecef0095992,COM-49433,USR-4036,ServiceClient,"Petit souci avec le support, mais acceptable.",4/9/2025 15:16,,faible,Escaladé,,,REF-318418
3913a051-7f34-4958-96d6-a6edf0475fb8,COM-86785,USR-4060,ServiceClient,"Réponse lente du service client, qualité médiocre.",12/12/2024 15:16,,faible,Résolu,12/13/2024 12:16,MOD-4,REF-956639
c723f485-cb5c-4579-826c-5a3aa54c182a,COM-59076,USR-9595,ArticleManquant,"Petit souci, il manquait pâtes dans la commande.",10/8/2024 15:16,,faible,Escaladé,,,REF-263881
a814e561-82b7-4e84-b4fb-3dc947b30f0c,COM-56021,USR-4327,LivraisonRetard,"Retard de 2 heures, c'est scandaleux et dérangeant !",10/6/2024 15:16,,élevé,Résolu,10/7/2024 7:16,MOD-16,REF-680051
eb33b803-8183-479c-bb90-860c1c0a7439,COM-74929,USR-2949,ArticleManquant,"Petit souci, il manquait sushi dans la commande.",12/4/2024 15:16,image_5955.jpg,faible,Résolu,12/6/2024 9:16,MOD-14,REF-252507
67ef3b0c-860c-4f6b-95a0-83d426fa1b33,COM-67664,USR-1631,NourritureEndommagée,"salade était froid, qualité inacceptable.",12/9/2024 15:16,image_3711.jpg,élevé,Escaladé,,,REF-274671
d0b3fac4-2cac-405d-8fc7-0422cb15c7b6,COM-35004,USR-4399,MauvaiseQualité,"Très mauvaise qualité de salade, immangeable.",10/19/2024 15:16,"image_6720.jpg,image_6808.jpg",élevé,Résolu,10/19/2024 21:16,MOD-2,REF-894740
3fd27d17-d083-4d81-82ec-a174ffdc51c0,COM-15349,USR-2477,ArticleManquant,"Manque burger, service médiocre.",7/9/2024 15:16,,faible,Ouvert,,,REF-573247
222e6beb-8604-4924-9b1b-e33391c5bda3,COM-79261,USR-2022,MauvaiseQualité,"La nourriture était gâté, pas à la hauteur.",8/14/2024 15:16,,élevé,Escaladé,,,REF-801164
37d98850-d2d5-4916-ae00-fcc0dd77de59,COM-50235,USR-3881,MauvaiseQualité,"sauce était trempé, je ne commanderai plus.",4/19/2025 15:16,,faible,Résolu,4/20/2025 2:16,MOD-1,REF-478007
4ecfa204-820a-4e56-81ec-00c69b2809ec,COM-23237,USR-8725,CommandeErronée,"Commande erronée livrée, j'ai eu salade et non burger.",6/14/2025 15:16,image_7460.jpg,faible,Escaladé,,,REF-154325
d5ef3201-5b51-4ee7-bc35-3d5305a84bf3,COM-43040,USR-5827,NourritureEndommagée,"La commande était mal emballé, très déçu.",12/9/2024 15:16,,faible,Ouvert,,,REF-870734
94e15a4e-4655-4ece-9ef8-20b7a1b77c4b,COM-84309,USR-3354,CommandeErronée,"Livré pâtes, mais je voulais sauce, c'est inacceptable.",7/15/2024 15:16,,faible,Résolu,7/17/2024 12:16,MOD-1,REF-730538
b68e4bde-7492-4230-ba84-d161861a581f,COM-38651,USR-2805,ArticleManquant,"frites manquant, veuillez résoudre immédiatement.",1/17/2025 15:16,,élevé,Ouvert,,,REF-611735
632f13fa-e129-4bc0-9b7a-d6810ebb24c6,COM-63001,USR-8319,ServiceClient,"Service client correct, mais pourrait être plus rapide.",8/28/2024 15:16,,faible,Ouvert,,,REF-483946
4740ac3f-2489-421c-bb89-26c221b4192a,COM-82607,USR-8473,ServiceClient,"Service client correct, mais pourrait être plus rapide.",12/31/2024 15:16,,faible,Ouvert,,,REF-382370
351fbb9a-5e16-45df-977f-2bcae51c4a46,COM-23777,USR-4114,NourritureEndommagée,"La commande était moisi, très déçu.",4/18/2025 15:16,image_2067.jpg,élevé,Ouvert,,,REF-785090
5d30cfb9-f5f0-4188-ad6b-887d08de7108,COM-50657,USR-4123,ServiceClient,"Réponse lente du service client, qualité médiocre.",9/13/2024 15:16,,faible,Ouvert,,,REF-612610
be1aeb0b-db7f-485b-a460-2f5befc89e00,COM-67379,USR-9524,NourritureEndommagée,"Tout était moisi, expérience catastrophique.",6/1/2025 15:16,image_9728.jpg,élevé,Ouvert,,,REF-973938
3e01b04b-b02a-4e7c-95a9-3cb2bdae3905,COM-48242,USR-6364,MauvaiseQualité,"boisson était écrasé, je ne commanderai plus.",3/14/2025 15:16,,faible,Escaladé,,,REF-269437
f67026c8-e80e-469f-a651-61ee412b506d,COM-41007,USR-6524,NourritureEndommagée,"Tout était écrasé, expérience catastrophique.",9/11/2024 15:16,"image_4801.jpg,image_6520.jpg",élevé,Escaladé,,,REF-621737
07e14bb3-1d67-4a0b-ab43-af193e97fb18,COM-57149,USR-3394,MauvaiseQualité,"Qualité médiocre de burger, très frustrant.",11/14/2024 15:16,"image_2364.jpg,image_1481.jpg",élevé,Ouvert,,,REF-689736
9d812ff6-5f52-4eab-90cf-fa922a9eaf3e,COM-35607,USR-8887,ArticleManquant,Pourriez-vous vérifier pourquoi pizza n'était pas inclus ?,3/14/2025 15:16,image_8657.jpg,faible,Escaladé,,,REF-876892
5e1ebced-38d2-48cc-8515-db091d8d380d,COM-33713,USR-3413,ArticleManquant,"Pas de sauce, c'est inacceptable et frustrant !",2/22/2025 15:16,"image_6418.jpg,image_3828.jpg",élevé,Escaladé,,,REF-394145
82afb1ec-d66e-4584-8560-b73ce65c5f08,COM-57824,USR-4827,CommandeErronée,"Erreur sur ma commande : dessert au lieu de salade, très agaçant.",4/11/2025 15:16,,moyen,Escaladé,,,REF-370311
3f22a96d-d70f-40f6-9303-202827e782ec,COM-15142,USR-1210,ArticleManquant,"Je n'ai pas reçu sauce, besoin d'un remboursement.",5/29/2025 15:16,image_5264.jpg,faible,Ouvert,,,REF-951861
d7aa6213-2b1b-47c3-ba0c-5cb19f69bb8c,COM-75541,USR-9344,NourritureEndommagée,"Commande endommagée, dessert était légèrement gâté.",4/17/2025 15:16,image_7603.jpg,élevé,Ouvert,,,REF-747709
1a0e6fc9-c5a4-4085-bb4e-66892329db9e,COM-44264,USR-9824,ProblèmePaiement,"Petite erreur de facturation, mais gênante.",9/18/2024 15:16,,moyen,Résolu,9/19/2024 4:16,MOD-15,REF-697685
9370a50f-db33-4231-9b18-36cda94bdc34,COM-20950,USR-8879,NourritureEndommagée,"La commande était sans goût, très déçu.",4/25/2025 15:16,,faible,Escaladé,,,REF-946629
e9fe4fa7-6a50-4dde-ae54-515ace545e8e,COM-72579,USR-7255,ArticleManquant,"Manque pâtes, service médiocre.",11/17/2024 15:16,image_2400.jpg,moyen,Résolu,11/18/2024 17:16,MOD-13,REF-962927
02b2cc9d-d951-4d90-8ca1-dfab8ca53fb8,COM-49368,USR-6235,ServiceClient,"Petit souci avec le support, mais acceptable.",6/15/2025 15:16,,faible,Résolu,6/17/2025 1:16,MOD-10,REF-924606
4c7f1591-3044-4b41-bf53-37e441eff647,COM-78560,USR-6611,ArticleManquant,"frites manquant, veuillez résoudre immédiatement.",9/25/2024 15:16,,moyen,Ouvert,,,REF-202457
cad00aeb-6d3d-4976-a88c-d856e71d5697,COM-68569,USR-4032,ProblèmePaiement,"Problème de paiement, remboursement requis immédiatement.",7/2/2024 15:16,image_4157.jpg,élevé,Escaladé,,,REF-817649
797758fa-041e-45ba-bce6-cbbf59077774,COM-19822,USR-9759,ArticleManquant,Pourriez-vous vérifier pourquoi salade n'était pas inclus ?,3/15/2025 15:16,image_4668.jpg,faible,Résolu,3/16/2025 1:16,MOD-3,REF-931980
60c7a746-587c-4cad-bedb-5a6c63e29987,COM-11038,USR-7411,LivraisonRetard,"Petit retard de 1 heure, mais la nourriture était correcte.",2/8/2025 15:16,,moyen,Ouvert,,,REF-232153
519b6b8c-cc86-4a0e-86c4-0edf9fb3d860,COM-90728,USR-1358,ArticleManquant,"Il manque sauce dans ma commande, très décevant.",1/15/2025 15:16,,moyen,Résolu,1/16/2025 11:16,MOD-1,REF-254573
5fc9ddd0-e3e4-419b-ac45-d61efd523c77,COM-89614,USR-7259,ArticleManquant,"Je n'ai pas reçu salade, besoin d'un remboursement.",7/24/2024 15:16,"image_1245.jpg,image_9451.jpg",faible,Escaladé,,,REF-447071
ca90e5b6-c87d-4a2c-a30a-2ca80e9f92e5,COM-68814,USR-2067,ArticleManquant,"Je n'ai pas reçu dessert, besoin d'un remboursement.",10/15/2024 15:16,image_9976.jpg,faible,Escaladé,,,REF-491123
382d2375-b75e-4929-ae3b-274a64d0fe14,COM-43953,USR-9058,ServiceClient,"Réponse lente du service client, qualité médiocre.",1/26/2025 15:16,"image_5812.jpg,image_8909.jpg",moyen,Escaladé,,,REF-226837
43945013-ed8c-46f4-8af2-f94d99dfcdbb,COM-24106,USR-3989,ArticleManquant,"Commande incomplète, dessert non livré.",3/15/2025 15:16,"image_3717.jpg,image_6225.jpg",faible,Escaladé,,,REF-560991
c7519383-76f4-45b5-b471-d9e16c37ed03,COM-79610,USR-6316,CommandeErronée,J'ai reçu dessert au lieu de pizza.,8/16/2024 15:16,,faible,Résolu,8/17/2024 12:16,MOD-18,REF-459718
c8b27ebf-9648-4987-be64-4da4da5f144b,COM-85785,USR-7447,MauvaiseQualité,"La nourriture était gâté, pas à la hauteur.",4/19/2025 15:16,,élevé,Ouvert,,,REF-650913
ea237fb6-2074-4375-bba2-1de13c0fb613,COM-55116,USR-8775,ServiceClient,"Le service client n'a pas résolu mon problème, frustrant.",3/29/2025 15:16,,moyen,Résolu,3/31/2025 0:16,MOD-12,REF-887514
f7c11b92-40f5-40a2-90c0-859e350ac631,COM-42432,USR-3502,ProblèmePaiement,"Erreur de facturation pour burger, très frustrant.",6/27/2025 15:16,image_6378.jpg,élevé,Résolu,6/29/2025 5:16,MOD-13,REF-996367
3c6cbf37-4dbf-4132-92f4-45295e84acca,COM-92283,USR-8344,ProblèmePaiement,"Surfacturation de la commande, service client désastreux.",9/19/2024 15:16,,élevé,Escaladé,,,REF-262490
8462b8cc-b720-4122-b93e-6bc0b7501c71,COM-48276,USR-5092,LivraisonRetard,"Retard de 3 heures, c'est scandaleux et dérangeant !",10/22/2024 15:16,,élevé,Ouvert,,,REF-372083
9818d053-a97f-452e-bde5-d552c5f7968c,COM-59866,USR-7439,ArticleManquant,Pourriez-vous vérifier pourquoi sauce n'était pas inclus ?,12/17/2024 15:16,image_5213.jpg,moyen,Résolu,12/17/2024 20:16,MOD-1,REF-415136
90ed0f06-232f-4302-a3d9-289b648dbc87,COM-67237,USR-4731,ServiceClient,"Le service client n'a pas résolu mon problème, frustrant.",4/17/2025 15:16,image_6052.jpg,élevé,Résolu,4/18/2025 23:16,MOD-11,REF-988227
fefc5d4b-ff76-411b-9796-9675862c78db,COM-89618,USR-5489,ArticleManquant,"Petit souci, il manquait sandwich dans la commande.",6/24/2025 15:16,,faible,Résolu,6/25/2025 23:16,MOD-5,REF-216940
a587f3df-c928-49f4-b796-297944a4bd3d,COM-66349,USR-3455,NourritureEndommagée,"burger livré froid, c'est scandaleux et dangereux !",3/23/2025 15:16,,élevé,Escaladé,,,REF-714326
921c998e-90a5-4e61-9470-4d67bf483da8,COM-71446,USR-4892,ProblèmePaiement,"Petite erreur de facturation, mais gênante.",4/6/2025 15:16,"image_5833.jpg,image_2035.jpg",élevé,Ouvert,,,REF-743332
41529647-ea94-422f-94b5-a791278b0a9c,COM-36666,USR-8572,CommandeErronée,"Commande incorrecte, mais le goût de salade était acceptable.",4/3/2025 15:16,,faible,Résolu,4/4/2025 21:16,MOD-10,REF-670375
49f73f29-30ac-41e7-95f4-bea87af9d414,COM-25573,USR-7529,CommandeErronée,"Livré boisson, mais je voulais boisson, c'est inacceptable.",11/20/2024 15:16,,faible,Escaladé,,,REF-808669
7715c5a0-0982-4f45-9efe-024f8bfaaeff,COM-99348,USR-8574,ProblèmePaiement,"Problème mineur avec le paiement, veuillez vérifier.",10/10/2024 15:16,,moyen,Ouvert,,,REF-798489
f8fad1c8-8533-4385-adab-49048c42eab9,COM-57349,USR-3677,ServiceClient,"Mauvaise expérience avec le support, très décevant.",8/18/2024 15:16,,moyen,Escaladé,,,REF-794807
4291d116-ffe3-4b03-8925-82402e3f8267,COM-80878,USR-7280,LivraisonRetard,"La nourriture est arrivée avec 1 heure de retard, service décevant.",7/12/2024 15:16,image_2435.jpg,élevé,Résolu,7/13/2024 18:16,MOD-14,REF-131525
9e71a497-27da-48d6-9a49-68abf091ad0f,COM-44188,USR-6475,LivraisonRetard,"Retard de 1 heure, c'est scandaleux et dérangeant !",1/6/2025 15:16,,moyen,Escaladé,,,REF-837250
a1bd8cbb-749d-4a22-bcd1-28c1b4d8a8d5,COM-58017,USR-4800,MauvaiseQualité,"Le goût de salade était un peu trempé, mais acceptable.",8/26/2024 15:16,image_3814.jpg,moyen,Escaladé,,,REF-944133
53cfa96a-7ec1-4db3-80a7-89d199d410e2,COM-91758,USR-1468,MauvaiseQualité,"pâtes n'était pas terrible, qualité moyenne.",1/8/2025 15:16,,faible,Ouvert,,,REF-396051
c1ffbe5c-9e0e-4a3b-a9e4-ca4449837fa9,COM-39586,USR-8704,LivraisonRetard,"Livraison retardée de 2 heures, totalement inacceptable !",10/1/2024 15:16,"image_6933.jpg,image_9362.jpg",élevé,Ouvert,,,REF-893890
5e03f9a7-d795-46c4-a57b-ebce47bc6165,COM-34069,USR-5122,ServiceClient,"Service client correct, mais pourrait être plus rapide.",8/20/2024 15:16,image_3392.jpg,élevé,Escaladé,,,REF-785513
32ed7195-4f1f-4c4d-9815-1727b94d61d6,COM-67684,USR-2392,ServiceClient,"Service client injoignable, c'est insupportable !",5/7/2025 15:16,,élevé,Résolu,5/7/2025 22:16,MOD-18,REF-728244
eeef52a5-d307-4cfc-802e-c60c47d4d0a6,COM-67786,USR-3085,ArticleManquant,"Manque sushi, service médiocre.",12/1/2024 15:16,image_4158.jpg,moyen,Escaladé,,,REF-691975
1d561721-2f55-4d8b-b6cb-14fb9cecf63d,COM-13325,USR-1047,ArticleManquant,"Manque pâtes, service médiocre.",7/18/2024 15:16,image_9300.jpg,moyen,Ouvert,,,REF-457525
91e3ae36-8605-4421-afc4-b038f95df342,COM-11942,USR-8702,CommandeErronée,"Livré sauce, mais je voulais sushi, c'est inacceptable.",5/7/2025 15:16,,faible,Ouvert,,,REF-567179
34d0b05f-e926-4dd8-ab2e-0f94e5e9909d,COM-13995,USR-2099,NourritureEndommagée,"pizza était mal emballé, qualité inacceptable.",1/21/2025 15:16,image_8382.jpg,élevé,Ouvert,,,REF-392791
5cc3457d-811d-4f10-9e0c-dcf318496f78,COM-86792,USR-6960,MauvaiseQualité,"Qualité médiocre de dessert, très frustrant.",7/8/2024 15:16,,moyen,Résolu,7/9/2024 22:16,MOD-8,REF-939019
19eeba1c-e17a-49cc-ae27-4e446a251498,COM-54890,USR-5282,CommandeErronée,"Erreur sur ma commande : frites au lieu de sushi, très agaçant.",12/25/2024 15:16,,moyen,Escaladé,,,REF-193591
22ba8852-b310-4939-845a-7f32fe75f907,COM-49365,USR-3934,ArticleManquant,"Je n'ai pas reçu pâtes, besoin d'un remboursement.",8/18/2024 15:16,,faible,Résolu,8/19/2024 14:16,MOD-19,REF-504027
abb972a4-8221-45ca-a0db-cd35c0440178,COM-59090,USR-8640,ArticleManquant,"Manque pâtes, service médiocre.",9/21/2024 15:16,image_7534.jpg,moyen,Escaladé,,,REF-276578
fc038f75-d087-45bc-8ae5-a52de38ab51b,COM-65299,USR-3092,ServiceClient,"Mauvaise expérience avec le support, très décevant.",12/17/2024 15:16,,moyen,Ouvert,,,REF-135049
51ddbd6d-a4d2-45e3-af48-22dc8fbb5ec2,COM-20775,USR-1774,LivraisonRetard,"La commande a été livrée avec 90 minutes de retard, la nourriture était froide.",9/21/2024 15:16,image_2945.jpg,élevé,Escaladé,,,REF-287577
2bce1ea3-d9e7-4917-98ec-4a496f877062,COM-98875,USR-7247,NourritureEndommagée,"Tout était froid, expérience catastrophique.",1/9/2025 15:16,,élevé,Escaladé,,,REF-381766
933c6369-ae1f-4720-844e-5a4a5f6c606e,COM-55061,USR-2499,ProblèmePaiement,"Problème mineur avec le paiement, veuillez vérifier.",10/26/2024 15:16,,moyen,Ouvert,,,REF-694412
430dbe6a-022d-46f5-8ca0-c0966b054798,COM-79779,USR-8967,ArticleManquant,"salade manquant, veuillez résoudre immédiatement.",6/21/2025 15:16,,moyen,Escaladé,,,REF-239632
7e82ed86-8963-4f12-8961-31588462c380,COM-10702,USR-3054,ProblèmePaiement,"J'ai été facturé deux fois pour ma commande, c'est inacceptable !",9/3/2024 15:16,image_2689.jpg,élevé,Escaladé,,,REF-842239
3dd64adc-b9ae-4571-b18e-13dbee7144cb,COM-52415,USR-4143,ServiceClient,"Service client injoignable, c'est insupportable !",10/30/2024 15:16,,élevé,Ouvert,,,REF-140314
422fafdf-55e5-4c71-b339-d60271bf77e6,COM-50775,USR-5276,MauvaiseQualité,"sushi avait un goût moisi, expérience horrible.",9/27/2024 15:16,,élevé,Résolu,9/28/2024 18:16,MOD-14,REF-398170
75628b0a-5364-4386-b005-d6b63a9819b5,COM-92649,USR-5051,CommandeErronée,"J'ai commandé sushi, mais j'ai reçu boisson.",2/1/2025 15:16,,faible,Ouvert,,,REF-280299
4b51469a-17f2-48db-9b15-b154fb521dc1,COM-22089,USR-3665,ProblèmePaiement,"Surfacturation de la commande, service client désastreux.",8/18/2024 15:16,,élevé,Résolu,8/19/2024 2:16,MOD-5,REF-241713
143eb534-6148-41c7-8d52-aed8f0956860,COM-42357,USR-5800,ArticleManquant,"Petit souci, il manquait pâtes dans la commande.",1/3/2025 15:16,,faible,Escaladé,,,REF-509073
d2ea40bb-6b00-48cc-8871-748a5812d820,COM-24030,USR-6380,LivraisonRetard,"Retard de 30 minutes, c'est scandaleux et dérangeant !",12/20/2024 15:16,,moyen,Résolu,12/22/2024 14:16,MOD-19,REF-891102
31d853dd-1b2e-4741-bb3b-6baf746e9f1f,COM-31053,USR-2999,NourritureEndommagée,"La commande était brûlé, très déçu.",2/28/2025 15:16,,faible,Résolu,3/1/2025 8:16,MOD-4,REF-439088
17c41ffa-19de-406e-93ca-fea7f7e4117d,COM-95146,USR-8999,LivraisonRetard,"Retard de 2 heures, c'est scandaleux et dérangeant !",8/8/2024 15:16,"image_1588.jpg,image_3978.jpg",élevé,Ouvert,,,REF-741709
29fcb0ce-c784-4cc7-a754-39761c22feb1,COM-22436,USR-7108,ProblèmePaiement,"Petite erreur de facturation, mais gênante.",12/17/2024 15:16,,moyen,Ouvert,,,REF-578302
9ef0ed52-e42c-4360-aa3d-78eecec88bf3,COM-32820,USR-9445,CommandeErronée,"J'ai commandé sauce, mais j'ai reçu sushi.",6/21/2025 15:16,,faible,Résolu,6/21/2025 19:16,MOD-11,REF-935347
6fc441dd-2392-4b6e-9875-85d4569423cd,COM-28777,USR-8688,ArticleManquant,Pourriez-vous vérifier pourquoi sauce n'était pas inclus ?,7/1/2024 15:16,image_6579.jpg,faible,Résolu,7/2/2024 16:16,MOD-6,REF-764753
b5d074cb-62f5-48dc-92a3-7e506aafdc60,COM-25202,USR-1473,LivraisonRetard,"La commande a été livrée avec 1 heure de retard, la nourriture était froide.",8/2/2024 15:16,,moyen,Résolu,8/3/2024 20:16,MOD-7,REF-187586
8f10b590-cfa1-4e6a-b554-117bd361ec3e,COM-92252,USR-4428,CommandeErronée,"Petite erreur, j'ai reçu sandwich au lieu de dessert.",6/5/2025 15:16,image_5645.jpg,faible,Ouvert,,,REF-816612
eeb49f21-6363-409c-8420-96f2525e1bfe,COM-93917,USR-8780,ServiceClient,"Petit souci avec le support, mais acceptable.",1/4/2025 15:16,"image_4628.jpg,image_6024.jpg",moyen,Résolu,1/5/2025 23:16,MOD-19,REF-117202
6b5ccc73-e48b-4838-9498-96d35c8d9d37,COM-91049,USR-7025,MauvaiseQualité,"Qualité médiocre de dessert, très frustrant.",2/16/2025 15:16,,moyen,Résolu,2/16/2025 21:16,MOD-11,REF-470118
a4891d8a-b86e-4e85-8e3a-41d9f8ab8e41,COM-99448,USR-4166,LivraisonRetard,"Commande arrivée après 90 minutes, vraiment pas satisfait.",4/4/2025 15:16,"image_9251.jpg,image_1882.jpg",élevé,Résolu,4/6/2025 5:16,MOD-17,REF-297336
fbdf6996-44ff-46e2-b9f3-e4b505ea80b2,COM-91735,USR-8129,ServiceClient,"Le service client n'a pas résolu mon problème, frustrant.",8/21/2024 15:16,image_8104.jpg,élevé,Ouvert,,,REF-161695
391dcb2e-4c14-4387-8376-9f9e0a4b2012,COM-67326,USR-8992,ArticleManquant,"Je n'ai pas reçu dessert, besoin d'un remboursement.",4/23/2025 15:16,,faible,Escaladé,,,REF-200228
2bac6695-fd5c-40a6-b02f-ec3b676a7c59,COM-15265,USR-3477,MauvaiseQualité,"La nourriture était moisi, pas à la hauteur.",6/3/2025 15:16,,élevé,Ouvert,,,REF-634338
c59fbe79-2527-4126-9c7c-85d7d261eefe,COM-74964,USR-3719,NourritureEndommagée,"La commande était froid, très déçu.",8/2/2024 15:16,image_8307.jpg,moyen,Ouvert,,,REF-214996
81c79dc7-bc7e-46d7-89ee-910edb52005f,COM-35751,USR-2541,ArticleManquant,Pourriez-vous vérifier pourquoi salade n'était pas inclus ?,5/24/2025 15:16,image_2424.jpg,faible,Ouvert,,,REF-531649
e66f6322-15a6-4040-9afc-c7c815b8452d,COM-45917,USR-1441,LivraisonRetard,"Livraison en retard de 30 minutes, c'est gênant mais acceptable.",1/1/2025 15:16,,moyen,Escaladé,,,REF-219463
85c0e48d-8b39-47dd-a8af-3c007973a09b,COM-15861,USR-5378,ArticleManquant,"Manque frites, service médiocre.",4/13/2025 15:16,image_2194.jpg,moyen,Ouvert,,,REF-184020
23d2fb20-0ade-4292-8972-4afefad0c1a1,COM-25878,USR-6871,ServiceClient,"Petit souci avec le support, mais acceptable.",2/19/2025 15:16,image_7469.jpg,moyen,Escaladé,,,REF-350625
29c4ab67-174e-45fe-80c6-07332b8b5c42,COM-81854,USR-1886,ArticleManquant,"Il manque burger dans ma commande, très décevant.",9/16/2024 15:16,,moyen,Ouvert,,,REF-409415
08fed6bc-c9d0-45dd-906b-970cc683905d,COM-14573,USR-2845,MauvaiseQualité,"boisson n'était pas terrible, qualité moyenne.",3/5/2025 15:16,,faible,Escaladé,,,REF-996574
8426b8f2-e68f-4fa1-9b8a-08055386c560,COM-92406,USR-7325,MauvaiseQualité,"pâtes était écrasé, totalement dégoûtant !",10/16/2024 15:16,,élevé,Ouvert,,,REF-322059
c3bd94db-b8ca-4f31-9a4e-72331499539a,COM-93410,USR-2783,ProblèmePaiement,"J'ai été facturé deux fois pour ma commande, c'est inacceptable !",7/15/2024 15:16,,élevé,Escaladé,,,REF-281439
e8bbebd9-3aa9-40b1-8306-d7d94e1e6352,COM-70852,USR-5601,LivraisonRetard,"Livraison retardée de 90 minutes, totalement inacceptable !",8/5/2024 15:16,,moyen,Résolu,8/5/2024 18:16,MOD-8,REF-846020
fb85ebd1-0245-41e1-a0be-02dee3f408d3,COM-15271,USR-6761,CommandeErronée,"Commande erronée livrée, j'ai eu pâtes et non sandwich.",12/5/2024 15:16,image_4630.jpg,faible,Résolu,12/7/2024 0:16,MOD-12,REF-472662
940e1d63-e309-43db-b463-733fff73b51b,COM-42275,USR-1601,NourritureEndommagée,"La nourriture était brûlé, totalement immangeable.",11/26/2024 15:16,image_3965.jpg,élevé,Escaladé,,,REF-256269
32329829-eb60-4f30-8991-e0c7a955ae98,COM-98780,USR-3977,NourritureEndommagée,"sauce est arrivé mal emballé, besoin d'un remplacement.",9/4/2024 15:16,,faible,Résolu,9/5/2024 12:16,MOD-1,REF-805786
d864f1d5-4170-486c-87aa-56ea46fa7486,COM-35765,USR-6201,ProblèmePaiement,"Problème mineur avec le paiement, veuillez vérifier.",1/31/2025 15:16,image_5494.jpg,élevé,Résolu,2/1/2025 17:16,MOD-15,REF-166280
58313d70-d0cc-4aee-9afe-ebd488aa035d,COM-21012,USR-1487,ArticleManquant,"Manque sauce, service médiocre.",1/22/2025 15:16,,faible,Escaladé,,,REF-514754
d9d4ac6e-bfda-4d20-b94c-057e3687ba25,COM-85666,USR-7074,NourritureEndommagée,"sandwich est arrivé gâté, besoin d'un remplacement.",9/21/2024 15:16,image_2637.jpg,élevé,Résolu,9/23/2024 10:16,MOD-9,REF-143239
049030d9-e0f5-42f2-928e-df372d995f51,COM-99649,USR-9368,LivraisonRetard,"J'ai attendu 2 heures pour ma commande, très frustrant.",7/25/2024 15:16,"image_8640.jpg,image_1236.jpg",élevé,Ouvert,,,REF-190535
f4ae5f30-18c5-429e-93e7-3e7406b5d5ab,COM-69707,USR-9246,LivraisonRetard,"Livraison retardée de 2 heures, totalement inacceptable !",1/26/2025 15:16,,élevé,Résolu,1/27/2025 15:16,MOD-17,REF-785958
23054f10-a893-4d86-a4ca-f2c0f4022b0a,COM-59391,USR-6197,CommandeErronée,"Mauvais article livré, pizza à la place de sushi.",6/29/2025 15:16,,faible,Escaladé,,,REF-950615
28bdd457-a450-4dc5-a7ce-18578ef12383,COM-26337,USR-9043,ServiceClient,"Service client injoignable, c'est insupportable !",10/4/2024 15:16,,élevé,Résolu,10/4/2024 23:16,MOD-12,REF-453483
95d5addd-1804-4574-a41c-947cd4bbb2e1,COM-97770,USR-7370,NourritureEndommagée,"boisson livré froid, c'est scandaleux et dangereux !",3/12/2025 15:16,,élevé,Escaladé,,,REF-293017
9a70be6f-1b30-4bf3-a14f-d5e6c83dc3a3,COM-52397,USR-9330,ProblèmePaiement,"Erreur de facturation pour pâtes, très frustrant.",9/10/2024 15:16,,moyen,Ouvert,,,REF-280297
11c899fc-7016-4641-80d9-310922c2f620,COM-22149,USR-2428,ProblèmePaiement,"Erreur de facturation pour boisson, très frustrant.",12/15/2024 15:16,,moyen,Résolu,12/16/2024 21:16,MOD-15,REF-880160
4c0d91a5-9cbe-4aa6-9783-18e81abd776b,COM-29717,USR-5011,NourritureEndommagée,"sushi est arrivé moisi, besoin d'un remplacement.",1/8/2025 15:16,image_7346.jpg,élevé,Ouvert,,,REF-311158
6c8b0347-0388-46ff-8656-b880826122fc,COM-91483,USR-3777,ServiceClient,"Petit souci avec le support, mais acceptable.",8/15/2024 15:16,image_3134.jpg,moyen,Ouvert,,,REF-193234
f29e6fd3-6a0f-47c8-8921-fcf1ac4c192a,COM-69812,USR-9446,CommandeErronée,"Livré sandwich, mais je voulais pizza, c'est inacceptable.",6/2/2025 15:16,image_6011.jpg,moyen,Ouvert,,,REF-762658
f21da3d3-828e-4e91-b6a2-c7aac4887a4c,COM-48511,USR-2610,ArticleManquant,"Manque pâtes, service médiocre.",4/16/2025 15:16,,faible,Ouvert,,,REF-131445
9d494390-6127-4c2d-8cdf-e8743edd1154,COM-77537,USR-3125,LivraisonRetard,"Livraison en retard de 3 heures, c'est gênant mais acceptable.",10/20/2024 15:16,,élevé,Résolu,10/22/2024 0:16,MOD-8,REF-959266
5ea0f139-99d5-4dbd-8b59-c9001d314900,COM-95766,USR-2801,ProblèmePaiement,"Surfacturation de la commande, service client désastreux.",4/1/2025 15:16,,élevé,Résolu,4/3/2025 14:16,MOD-10,REF-981178
f40ef403-5fee-4f7f-a4a4-d1493d8b648c,COM-67428,USR-1458,ServiceClient,"Petit souci avec le support, mais acceptable.",1/14/2025 15:16,image_6437.jpg,moyen,Résolu,1/15/2025 7:16,MOD-9,REF-577698
80ab5994-54b3-4320-aa93-97497c390da7,COM-46351,USR-8193,ProblèmePaiement,"Erreur de facturation pour frites, très frustrant.",9/5/2024 15:16,,moyen,Résolu,9/7/2024 7:16,MOD-12,REF-720881
d0d81275-d57a-4fcc-bcad-778903fd0d33,COM-23082,USR-6145,NourritureEndommagée,"pizza livré sans goût, c'est scandaleux et dangereux !",10/7/2024 15:16,,élevé,Résolu,10/9/2024 5:16,MOD-6,REF-761470
f282ae06-54d7-445e-856a-5f84e7788f48,COM-99905,USR-8882,ArticleManquant,"sauce manquant, veuillez résoudre immédiatement.",12/20/2024 15:16,image_2543.jpg,élevé,Escaladé,,,REF-115703
80ea1347-4d8d-45bd-b78d-26c891fdc3d8,COM-20301,USR-7261,ServiceClient,"Réponse lente du service client, qualité médiocre.",1/31/2025 15:16,,faible,Résolu,1/31/2025 17:16,MOD-3,REF-235773
2a867227-f1de-45e3-a911-95ce4ddc2d58,COM-33408,USR-9083,ServiceClient,"Service client correct, mais pourrait être plus rapide.",3/11/2025 15:16,,faible,Ouvert,,,REF-476259
d82ce1a8-4616-440f-9274-fff0767ac422,COM-43120,USR-4080,ArticleManquant,"Manque sushi, service médiocre.",5/13/2025 15:16,image_7987.jpg,moyen,Escaladé,,,REF-148514
9bd41503-3c5f-4e18-98c3-0b2dc8fb7968,COM-20302,USR-9653,ProblèmePaiement,"Surfacturation de la commande, service client désastreux.",8/18/2024 15:16,image_5785.jpg,élevé,Escaladé,,,REF-515691
478d83f6-4096-41c9-b1f7-26f899bc91b8,COM-49872,USR-2518,CommandeErronée,J'ai reçu sauce au lieu de pâtes.,1/11/2025 15:16,,faible,Escaladé,,,REF-434972
30f28d65-e37d-4c0b-85cb-6fa130a1cedd,COM-39358,USR-3425,ProblèmePaiement,"J'ai été facturé deux fois pour ma commande, c'est inacceptable !",11/14/2024 15:16,,élevé,Résolu,11/16/2024 14:16,MOD-7,REF-499830
75a4dcdb-14be-4313-a992-1757102713a6,COM-58377,USR-4233,MauvaiseQualité,"sushi était mal emballé, totalement dégoûtant !",4/22/2025 15:16,,élevé,Escaladé,,,REF-639460
8b2d1f86-eaf3-4916-872f-2a83966f50de,COM-66168,USR-5267,ArticleManquant,"Je n'ai pas reçu salade, besoin d'un remboursement.",5/1/2025 15:16,image_8408.jpg,faible,Escaladé,,,REF-297370
bd375f1c-2bf8-458b-a2c1-736d447d232a,COM-53079,USR-6024,ServiceClient,"Le service client n'a pas résolu mon problème, frustrant.",4/19/2025 15:16,,moyen,Résolu,4/21/2025 4:16,MOD-16,REF-580697
cb2147b1-96f0-4807-a23e-5f35a3ab1ca3,COM-20248,USR-9196,LivraisonRetard,"Petit retard de 3 heures, mais la nourriture était correcte.",12/19/2024 15:16,image_8016.jpg,élevé,Ouvert,,,REF-986532
c62b977c-5095-4765-b75e-820eeeb1e783,COM-16259,USR-5605,LivraisonRetard,"La nourriture est arrivée avec 30 minutes de retard, service décevant.",2/3/2025 15:16,"image_1216.jpg,image_7291.jpg",élevé,Escaladé,,,REF-532369
87cca9dd-9016-45ba-88c3-65f4f1e303de,COM-32045,USR-2188,ProblèmePaiement,"J'ai été facturé deux fois pour ma commande, c'est inacceptable !",6/11/2025 15:16,,élevé,Escaladé,,,REF-703290
cdac2300-41a7-4d6a-a87b-6ee3e0f6d36b,COM-29845,USR-3011,ProblèmePaiement,"J'ai été facturé deux fois pour ma commande, c'est inacceptable !",3/24/2025 15:16,image_9022.jpg,élevé,Résolu,3/26/2025 11:16,MOD-14,REF-135494
6bc9cf6a-1698-4fa7-93e3-f4f724a4c884,COM-42843,USR-6599,LivraisonRetard,"Commande arrivée après 2 heures, vraiment pas satisfait.",7/12/2024 15:16,,élevé,Résolu,7/14/2024 4:16,MOD-17,REF-958103
98245201-db14-4fae-8701-c24d176c0b34,COM-10790,USR-3242,CommandeErronée,"J'ai commandé pâtes, mais j'ai reçu frites.",10/1/2024 15:16,,faible,Résolu,10/2/2024 6:16,MOD-4,REF-188846
f5dfea52-3822-4f25-be35-d7a2d902d3b8,COM-76070,USR-1975,LivraisonRetard,"Livraison retardée de 30 minutes, totalement inacceptable !",12/11/2024 15:16,,faible,Ouvert,,,REF-949855
6e9b618f-cd35-47f6-ad7a-1bdde9dd3639,COM-50570,USR-2742,ArticleManquant,"Manque dessert, service médiocre.",4/9/2025 15:16,image_6942.jpg,moyen,Résolu,4/10/2025 20:16,MOD-11,REF-248857
8d3993a0-9557-4ab3-ba90-70743dd08f55,COM-65788,USR-4109,MauvaiseQualité,"Qualité médiocre de burger, très frustrant.",12/17/2024 15:16,"image_1318.jpg,image_9972.jpg",élevé,Escaladé,,,REF-227483
139fb840-2dd3-425d-9f19-e18cda0761b0,COM-83916,USR-5518,NourritureEndommagée,"La nourriture était trempé, totalement immangeable.",7/26/2024 15:16,"image_5718.jpg,image_7858.jpg",élevé,Résolu,7/28/2024 12:16,MOD-15,REF-537161
4d50fb3c-74d0-46a3-943e-3d48f8a4b5c5,COM-30113,USR-6991,MauvaiseQualité,"Qualité médiocre de dessert, très frustrant.",8/3/2024 15:16,,moyen,Résolu,8/5/2024 1:16,MOD-9,REF-750835
58b4cd3e-c292-4d13-87fe-89355a5e06dd,COM-51920,USR-5869,ArticleManquant,"Pas de sushi, c'est inacceptable et frustrant !",11/28/2024 15:16,image_9701.jpg,élevé,Escaladé,,,REF-227869
cf351ad1-8844-45f4-99e3-5b7176be830d,COM-35693,USR-3207,LivraisonRetard,"Commande arrivée après 2 heures, vraiment pas satisfait.",3/13/2025 15:16,image_8912.jpg,élevé,Ouvert,,,REF-704787
10cddda9-1a62-4b49-b2d1-41dc3141c623,COM-18530,USR-9892,NourritureEndommagée,"pâtes est arrivé gâté, besoin d'un remplacement.",6/2/2025 15:16,image_5171.jpg,élevé,Escaladé,,,REF-639965
7646803a-678e-48f5-80b3-4cf08da60e5a,COM-76154,USR-2964,MauvaiseQualité,"La nourriture était moisi, pas à la hauteur.",10/18/2024 15:16,,élevé,Ouvert,,,REF-817667
f32c9f37-c147-4df6-a608-6849dc546cd6,COM-55798,USR-5821,LivraisonRetard,"J'ai attendu 2 heures pour ma commande, très frustrant.",2/26/2025 15:16,,élevé,Escaladé,,,REF-696746
830d48f8-4afb-402c-8232-a3cc3de8d806,COM-22143,USR-7764,LivraisonRetard,"Petit retard de 1 heure, mais la nourriture était correcte.",2/20/2025 15:16,image_7219.jpg,élevé,Résolu,2/20/2025 17:16,MOD-17,REF-604387
83baacf7-5c16-4ce6-98d3-f61beccb3d6c,COM-61217,USR-9122,ServiceClient,"Réponse lente du service client, qualité médiocre.",3/1/2025 15:16,,faible,Résolu,3/2/2025 14:16,MOD-18,REF-678702
af6efdc6-4614-43f5-a9ed-560f0a9b3903,COM-42821,USR-9784,MauvaiseQualité,"sandwich était sans goût, totalement dégoûtant !",12/25/2024 15:16,,élevé,Ouvert,,,REF-535135
1c3a6665-5bb1-4eca-93ff-45e254fea372,COM-25903,USR-1916,MauvaiseQualité,"sandwich était moisi, je ne commanderai plus.",10/19/2024 15:16,,élevé,Ouvert,,,REF-941466
a25459ca-d82b-40ce-b36b-b15763efb1ea,COM-91018,USR-2187,ServiceClient,"Réponse lente du service client, qualité médiocre.",2/19/2025 15:16,,faible,Escaladé,,,REF-739567
9d56d9e5-c6dd-48cb-9330-a9c4253ad73e,COM-21530,USR-9924,ProblèmePaiement,"J'ai été facturé deux fois pour ma commande, c'est inacceptable !",6/17/2025 15:16,image_8206.jpg,élevé,Escaladé,,,REF-609272
e46b1f03-5108-4b8c-871c-9a05042a9c27,COM-98176,USR-5091,ArticleManquant,"Petit souci, il manquait salade dans la commande.",5/3/2025 15:16,image_5761.jpg,faible,Escaladé,,,REF-338991
7e758c90-94db-48e4-aa7b-d72e9a2ebaed,COM-88560,USR-1333,MauvaiseQualité,"pizza avait un goût froid, expérience horrible.",3/6/2025 15:16,image_1954.jpg,élevé,Escaladé,,,REF-665889
b4f20564-3020-4177-a368-91a1df1ecb3e,COM-58963,USR-3426,LivraisonRetard,"Livraison en retard de 3 heures, c'est gênant mais acceptable.",9/14/2024 15:16,,élevé,Ouvert,,,REF-739122
8d0162d0-96e2-43f7-8fb5-3e44867fed50,COM-46134,USR-4018,MauvaiseQualité,"Très mauvaise qualité de frites, immangeable.",8/30/2024 15:16,,élevé,Ouvert,,,REF-470246
e9e8d567-10ee-416a-9be8-c4011b97d590,COM-10286,USR-7204,CommandeErronée,"Livré pâtes, mais je voulais dessert, c'est inacceptable.",5/12/2025 15:16,image_1030.jpg,moyen,Résolu,5/13/2025 7:16,MOD-8,REF-444474
de68cf0a-780e-4a23-8001-3c750c911c9a,COM-84654,USR-5249,ArticleManquant,"Pas de salade, c'est inacceptable et frustrant !",4/7/2025 15:16,"image_7603.jpg,image_2593.jpg",élevé,Ouvert,,,REF-596781
de3948f5-0d0b-402a-96d0-c81a4248cdf1,COM-35261,USR-5371,LivraisonRetard,"La commande a été livrée avec 1 heure de retard, la nourriture était froide.",11/13/2024 15:16,,moyen,Résolu,11/15/2024 5:16,MOD-1,REF-888399
64f6e755-10e7-4f72-a668-09af131d15fa,COM-70875,USR-2908,ServiceClient,"Mauvaise expérience avec le support, très décevant.",7/14/2024 15:16,,moyen,Ouvert,,,REF-358629
8f798712-8e52-4860-afc6-643cbc17c1e0,COM-47133,USR-2546,CommandeErronée,J'ai reçu salade au lieu de pizza.,10/23/2024 15:16,"image_4865.jpg,image_8070.jpg",faible,Escaladé,,,REF-729272
13b0b0af-0ad6-4caf-9556-8032784d20ed,COM-15642,USR-2491,CommandeErronée,"Petite erreur, j'ai reçu burger au lieu de sandwich.",9/23/2024 15:16,image_4790.jpg,faible,Escaladé,,,REF-828341
bd0bc068-d575-4d2d-8d21-dc4a3a391843,COM-93626,USR-6222,NourritureEndommagée,"pizza était un peu trempé, mais mangeable.",5/2/2025 15:16,,faible,Résolu,5/2/2025 22:16,MOD-6,REF-121491
850a779c-2d8d-4967-86df-93ad8f89b570,COM-18086,USR-3492,ArticleManquant,"Je n'ai pas reçu boisson, besoin d'un remboursement.",5/31/2025 15:16,,faible,Escaladé,,,REF-947448
8bc7d3c3-c23d-46fa-a63d-29c97333289d,COM-60303,USR-6701,CommandeErronée,J'ai reçu sauce au lieu de sauce.,12/27/2024 15:16,,faible,Escaladé,,,REF-594529
619d93a6-566b-43a6-a505-9b435f81c5a2,COM-50338,USR-8966,ProblèmePaiement,"Problème mineur avec le paiement, veuillez vérifier.",2/10/2025 15:16,,moyen,Escaladé,,,REF-547412
177e251b-f08e-4178-950a-432029e4618e,COM-37587,USR-9885,ArticleManquant,"Je n'ai pas reçu pizza, besoin d'un remboursement.",6/30/2025 15:16,image_8144.jpg,faible,Résolu,6/30/2025 18:16,MOD-9,REF-761413
f5b8c83a-6764-46b3-83ea-9b4008732402,COM-93197,USR-7568,MauvaiseQualité,"Le goût de salade était un peu brûlé, mais acceptable.",11/4/2024 15:16,"image_1996.jpg,image_8845.jpg",moyen,Ouvert,,,REF-724219
f0482076-4771-4e7c-91b1-c0471a9a1365,COM-23591,USR-6169,ServiceClient,"Le service client n'a pas résolu mon problème, frustrant.",3/30/2025 15:16,,moyen,Résolu,3/31/2025 10:16,MOD-7,REF-384440
4fec7500-8205-4b7b-84ac-1cab705c1ef9,COM-45581,USR-3607,ArticleManquant,"Petit souci, il manquait burger dans la commande.",12/6/2024 15:16,,faible,Ouvert,,,REF-702245
4a7da111-85d1-49de-a79a-9b32620074a4,COM-84234,USR-4922,LivraisonRetard,"Petit retard de 3 heures, mais la nourriture était correcte.",3/24/2025 15:16,,élevé,Ouvert,,,REF-829385
263614cc-d696-4942-957f-1684a7e4c0a6,COM-11903,USR-3518,MauvaiseQualité,"Le goût de sushi était un peu moisi, mais acceptable.",5/5/2025 15:16,image_1053.jpg,élevé,Escaladé,,,REF-712528
181bb3ea-39df-4c54-85ad-9089c8502c74,COM-40977,USR-6199,NourritureEndommagée,"burger est arrivé sans goût, besoin d'un remplacement.",2/26/2025 15:16,image_2381.jpg,faible,Résolu,2/26/2025 19:16,MOD-1,REF-550218
58c99346-2bb8-4734-98ae-267dc7a7bf4f,COM-81013,USR-9602,ServiceClient,"Réponse lente du service client, qualité médiocre.",6/21/2025 15:16,,faible,Résolu,6/22/2025 14:16,MOD-2,REF-851750
c74a7d46-60f3-4601-a268-62739bc1a7e9,COM-70073,USR-2776,MauvaiseQualité,"pâtes était moisi, je ne commanderai plus.",2/8/2025 15:16,,élevé,Résolu,2/10/2025 3:16,MOD-1,REF-477380
ef3e7b37-7b76-4031-8c58-fa1538ea829a,COM-46715,USR-5253,ArticleManquant,"Il manque sauce dans ma commande, très décevant.",2/12/2025 15:16,,moyen,Ouvert,,,REF-566452
69b330a0-cee4-479b-a76d-405fba808d0d,COM-75204,USR-9103,ArticleManquant,Pourriez-vous vérifier pourquoi sandwich n'était pas inclus ?,1/8/2025 15:16,,faible,Escaladé,,,REF-668557
3b0e6a17-f0f1-4c85-9796-dc0d4e43b22c,COM-77212,USR-3598,ArticleManquant,"Il manque boisson dans ma commande, très décevant.",6/17/2025 15:16,,moyen,Escaladé,,,REF-689445
7703aef4-e507-42ad-96d8-e03a624197fb,COM-32267,USR-5651,LivraisonRetard,"Livraison retardée de 3 heures, totalement inacceptable !",5/1/2025 15:16,,élevé,Escaladé,,,REF-767424
17098d2b-47e2-4394-8ee7-5bbb0013b869,COM-19628,USR-5190,NourritureEndommagée,"sushi est arrivé moisi, besoin d'un remplacement.",2/6/2025 15:16,,élevé,Résolu,2/8/2025 14:16,MOD-13,REF-843549
952e3c26-da1b-4cac-aa9e-4ba098644500,COM-67963,USR-2139,ArticleManquant,"Je n'ai pas reçu burger, besoin d'un remboursement.",3/16/2025 15:16,image_4366.jpg,faible,Résolu,3/17/2025 13:16,MOD-6,REF-737353
8897cd87-1833-4800-8bd1-b86d4cc8a7e0,COM-75226,USR-7871,NourritureEndommagée,"dessert livré gâté, c'est scandaleux et dangereux !",2/12/2025 15:16,,élevé,Ouvert,,,REF-915606
36d6e2d1-65c3-4ea2-ad01-58fdd12555eb,COM-78720,USR-7857,LivraisonRetard,"Retard de 2 heures, c'est scandaleux et dérangeant !",7/18/2024 15:16,,élevé,Résolu,7/19/2024 13:16,MOD-16,REF-475153
f049f325-2063-4d44-a95b-c0ed6f26d91a,COM-84497,USR-6857,ArticleManquant,"sushi manquant, veuillez résoudre immédiatement.",9/25/2024 15:16,,moyen,Escaladé,,,REF-726742
3d02b9df-f132-4392-ba0d-ef6df1e5857e,COM-82122,USR-5930,LivraisonRetard,"La commande a été livrée avec 90 minutes de retard, la nourriture était froide.",10/2/2024 15:16,,moyen,Résolu,10/2/2024 18:16,MOD-18,REF-378792
02cb08c2-f585-4722-adfc-89af64845324,COM-31561,USR-4826,LivraisonRetard,"J'ai attendu 1 heure pour ma commande, très frustrant.",4/13/2025 15:16,,moyen,Résolu,4/15/2025 3:16,MOD-12,REF-242810
f597443f-c9eb-4a8e-af07-1dda3eaca21c,COM-36685,USR-7632,LivraisonRetard,"La nourriture est arrivée avec 2 heures de retard, service décevant.",4/14/2025 15:16,image_4229.jpg,élevé,Résolu,4/16/2025 0:16,MOD-8,REF-106265
0115af62-ec15-4f9b-b9d2-860209f563e6,COM-48748,USR-9454,NourritureEndommagée,"La commande était sans goût, très déçu.",3/24/2025 15:16,image_2708.jpg,faible,Ouvert,,,REF-382018
54cb703f-55bb-462c-885f-7f1bbc6052b2,COM-52031,USR-6081,ServiceClient,"Le service client n'a pas résolu mon problème, frustrant.",3/30/2025 15:16,,moyen,Résolu,3/31/2025 19:16,MOD-16,REF-905242
7381041a-d88b-453c-872b-5e96ce8468f9,COM-18143,USR-9341,ArticleManquant,"Petit souci, il manquait boisson dans la commande.",6/24/2025 15:16,,faible,Ouvert,,,REF-663022
a7cc21f9-d89d-44df-95d6-9ea830043832,COM-83350,USR-8838,CommandeErronée,"J'ai commandé dessert, mais j'ai reçu pizza.",5/23/2025 15:16,image_3001.jpg,faible,Ouvert,,,REF-778616
00e70763-825b-4ae0-9a02-b3eb4325fb6d,COM-18053,USR-1891,CommandeErronée,"Erreur sur ma commande : salade au lieu de burger, très agaçant.",8/31/2024 15:16,,élevé,Ouvert,,,REF-455143
f0b32b2e-3266-4930-b502-35ec6c4582bb,COM-14323,USR-4367,ArticleManquant,"Il manque frites dans ma commande, très décevant.",9/7/2024 15:16,,moyen,Résolu,9/9/2024 7:16,MOD-18,REF-961781
9fe5dd00-5618-45ab-82d3-d5091211f3cd,COM-68976,USR-2849,NourritureEndommagée,"Tout était trempé, expérience catastrophique.",2/3/2025 15:16,image_2634.jpg,élevé,Escaladé,,,REF-329799
6a999dbd-4c46-414e-9f11-0f3881868176,COM-26317,USR-3080,ProblèmePaiement,"Surfacturation de la commande, service client désastreux.",1/17/2025 15:16,,élevé,Résolu,1/18/2025 21:16,MOD-14,REF-803919
dfb0d659-8889-4a8f-96fe-94c39c0f0d55,COM-26614,USR-5973,ArticleManquant,"Petit souci, il manquait sushi dans la commande.",2/23/2025 15:16,image_2693.jpg,faible,Résolu,2/25/2025 14:16,MOD-13,REF-144066
5dd14441-e33b-4e88-8416-7f72e47fc8aa,COM-31373,USR-4816,NourritureEndommagée,"Commande endommagée, boisson était légèrement trempé.",3/2/2025 15:16,image_6557.jpg,faible,Ouvert,,,REF-350332
33642d58-3c55-4088-9fbf-fa82e39455d2,COM-95037,USR-7908,LivraisonRetard,"Retard de 2 heures, c'est scandaleux et dérangeant !",6/21/2025 15:16,,élevé,Escaladé,,,REF-789761
9c5d9af7-d3c5-4acc-b248-b839b7b8ac94,COM-80095,USR-1328,NourritureEndommagée,"Tout était gâté, expérience catastrophique.",9/23/2024 15:16,image_8915.jpg,élevé,Escaladé,,,REF-940174
b240b274-3128-4dc9-91ab-06568e39407b,COM-87875,USR-1585,ServiceClient,"Service client correct, mais pourrait être plus rapide.",12/31/2024 15:16,,faible,Ouvert,,,REF-210916
c895579a-d7fe-463d-8fc1-94e9eb519659,COM-21809,USR-7838,CommandeErronée,J'ai reçu sandwich au lieu de sandwich.,3/27/2025 15:16,,faible,Résolu,3/29/2025 8:16,MOD-13,REF-702975
58b0ed65-5df3-4376-9b33-8351f9d35082,COM-43911,USR-1849,MauvaiseQualité,"Qualité médiocre de frites, très frustrant.",1/5/2025 15:16,image_4809.jpg,élevé,Ouvert,,,REF-253892
f05ad218-f525-45a2-963c-1003679bee7f,COM-36269,USR-7838,ArticleManquant,"Pas de dessert, c'est inacceptable et frustrant !",7/6/2024 15:16,,moyen,Résolu,7/6/2024 19:16,MOD-10,REF-160994
24f4f95c-852f-47f6-9170-f073d04b528a,COM-99075,USR-3326,CommandeErronée,"Petite erreur, j'ai reçu frites au lieu de frites.",8/7/2024 15:16,image_3092.jpg,faible,Résolu,8/8/2024 21:16,MOD-17,REF-606815
1f9d219d-c093-41ef-85da-595524b7667f,COM-43434,USR-4270,NourritureEndommagée,"sandwich livré sans goût, c'est scandaleux et dangereux !",2/16/2025 15:16,"image_9551.jpg,image_7423.jpg",élevé,Ouvert,,,REF-967308
1a5886b8-2bea-4df2-806b-eedb8370b5e1,COM-23471,USR-5458,NourritureEndommagée,"salade est arrivé moisi, besoin d'un remplacement.",9/11/2024 15:16,,élevé,Ouvert,,,REF-883862
57c5f402-97a7-4610-affc-d69cd53b94dd,COM-79466,USR-3185,ArticleManquant,"Il manque sauce dans ma commande, très décevant.",12/24/2024 15:16,,moyen,Ouvert,,,REF-168178
88ee4f77-2493-4920-8aec-1bb4de8f9b97,COM-31510,USR-1041,ServiceClient,"Mauvaise expérience avec le support, très décevant.",5/23/2025 15:16,,moyen,Ouvert,,,REF-557183
5450d8a5-c39d-44e2-9413-40b7d6392f98,COM-11659,USR-3912,ArticleManquant,"Je n'ai pas reçu salade, besoin d'un remboursement.",12/14/2024 15:16,image_2207.jpg,faible,Ouvert,,,REF-445206
087b2ce6-8513-4ea9-b6f8-0ef33e399ef8,COM-75984,USR-7683,ProblèmePaiement,"J'ai été facturé deux fois pour ma commande, c'est inacceptable !",4/7/2025 15:16,,élevé,Ouvert,,,REF-694827
8a077f4c-3ef7-4539-8ef0-7c99aa0f8171,COM-86168,USR-7651,CommandeErronée,J'ai reçu salade au lieu de burger.,12/6/2024 15:16,,faible,Résolu,12/8/2024 1:16,MOD-11,REF-598326
4f3ba446-859c-4f56-aabb-88b27aea76f7,COM-43878,USR-5444,ArticleManquant,"Il manque pizza dans ma commande, très décevant.",1/2/2025 15:16,,moyen,Ouvert,,,REF-340768
65ebd271-52f5-49b2-a8d6-a784f172f845,COM-14661,USR-5923,CommandeErronée,"Petite erreur, j'ai reçu salade au lieu de burger.",5/24/2025 15:16,,faible,Ouvert,,,REF-517581
49ff292a-9d58-45fd-b8de-d5b1821c6aa9,COM-84083,USR-1071,ProblèmePaiement,"Problème de paiement, remboursement requis immédiatement.",5/26/2025 15:16,,élevé,Résolu,5/28/2025 13:16,MOD-1,REF-597464
84a45482-414b-4dcc-916d-cdd0f42a2137,COM-12841,USR-5848,ServiceClient,"Réponse lente du service client, qualité médiocre.",10/28/2024 15:16,image_8115.jpg,moyen,Ouvert,,,REF-964403
860b0e64-2b85-4dea-a345-155c36f8411d,COM-90045,USR-8554,NourritureEndommagée,"burger livré mal emballé, c'est scandaleux et dangereux !",8/16/2024 15:16,,élevé,Résolu,8/18/2024 2:16,MOD-18,REF-138206
53479a71-559e-4849-a49c-92e163e0ee11,COM-97515,USR-6388,LivraisonRetard,"La nourriture est arrivée avec 30 minutes de retard, service décevant.",8/30/2024 15:16,,moyen,Ouvert,,,REF-669144
e4901fb9-9039-401a-888a-47058835f86d,COM-98507,USR-7862,ServiceClient,"Réponse lente du service client, qualité médiocre.",6/28/2025 15:16,,faible,Escaladé,,,REF-433261
33a1335b-1334-4ffd-a31f-01023dfda0fd,COM-41323,USR-6242,MauvaiseQualité,"pâtes n'était pas terrible, qualité moyenne.",2/21/2025 15:16,,faible,Escaladé,,,REF-260056
3cf44b9d-2fb0-4941-92c6-cf60a634fd58,COM-55397,USR-3784,ProblèmePaiement,"Surfacturation de la commande, service client désastreux.",10/24/2024 15:16,,élevé,Résolu,10/26/2024 0:16,MOD-1,REF-113841
f1889c0b-b2fc-4d36-93c1-bdcfafca629d,COM-75518,USR-1483,MauvaiseQualité,"sauce n'était pas terrible, qualité moyenne.",7/21/2024 15:16,image_9226.jpg,moyen,Escaladé,,,REF-646612
5aac84b1-22f5-47ee-a7df-2bb9524bf363,COM-78454,USR-7874,ArticleManquant,"Manque dessert, service médiocre.",4/30/2025 15:16,image_4158.jpg,moyen,Résolu,4/30/2025 18:16,MOD-6,REF-550615
2d926d65-5d38-4fa2-ba65-e1fdc03f8f19,COM-15363,USR-1768,NourritureEndommagée,"pizza est arrivé sans goût, besoin d'un remplacement.",8/25/2024 15:16,,faible,Escaladé,,,REF-998794
63a7c214-5050-467c-b7a5-00cdbe8b0de8,COM-12596,USR-8316,CommandeErronée,"Commande erronée livrée, j'ai eu salade et non pizza.",6/16/2025 15:16,,faible,Ouvert,,,REF-195408
9ff8376c-6da2-4e84-8add-bce2c3b71aa5,COM-71039,USR-9684,NourritureEndommagée,"La nourriture était mal emballé, totalement immangeable.",9/8/2024 15:16,image_2701.jpg,élevé,Ouvert,,,REF-877089
db096ab8-5dff-4458-9518-b97de669125f,COM-20391,USR-7486,ServiceClient,"Réponse lente du service client, qualité médiocre.",9/20/2024 15:16,image_8922.jpg,moyen,Ouvert,,,REF-995012
aea83138-dc1a-4722-9420-657e3189c49c,COM-62077,USR-9206,LivraisonRetard,"J'ai attendu 2 heures pour ma commande, très frustrant.",7/12/2024 15:16,image_2868.jpg,élevé,Résolu,7/14/2024 6:16,MOD-19,REF-862317
f439f57a-50c5-4b9c-8482-6bdecddfaef5,COM-43170,USR-1044,MauvaiseQualité,"pâtes était écrasé, totalement dégoûtant !",11/27/2024 15:16,image_5105.jpg,élevé,Résolu,11/28/2024 10:16,MOD-9,REF-921330
e2e0289c-067a-47c0-9e3a-43eafb56ac4e,COM-54444,USR-1794,ArticleManquant,"Il manque sauce dans ma commande, très décevant.",12/7/2024 15:16,,moyen,Escaladé,,,REF-447163
c8904feb-f605-45de-809f-5ddceba51b5f,COM-53287,USR-7728,ProblèmePaiement,"Problème de paiement, remboursement requis immédiatement.",5/4/2025 15:16,,élevé,Résolu,5/5/2025 22:16,MOD-7,REF-825770
5a36d6c3-a735-4e5a-bac2-10acdbb8663a,COM-38732,USR-1567,NourritureEndommagée,"sauce était un peu froid, mais mangeable.",3/19/2025 15:16,,faible,Escaladé,,,REF-293345
04369261-85e8-4c29-b129-bd1f4814dd2c,COM-12698,USR-3949,ServiceClient,"Mauvaise expérience avec le support, très décevant.",2/5/2025 15:16,,moyen,Ouvert,,,REF-634886
c4a25f71-8138-46c9-add0-f932dc0a445f,COM-17029,USR-3504,LivraisonRetard,"Retard de 30 minutes, c'est scandaleux et dérangeant !",7/2/2024 15:16,image_5039.jpg,élevé,Escaladé,,,REF-705351
8bb290ae-7665-4a02-9f97-0f7a872f75d7,COM-93756,USR-5572,CommandeErronée,"J'ai commandé sushi, mais j'ai reçu boisson.",6/20/2025 15:16,,faible,Escaladé,,,REF-689893
a63335b1-a494-46eb-a350-bddd5ce86690,COM-91575,USR-4583,MauvaiseQualité,"frites était moisi, totalement dégoûtant !",8/30/2024 15:16,image_3353.jpg,élevé,Ouvert,,,REF-141588
32e52eea-6ada-4071-be52-f57e1e33e35c,COM-35264,USR-3238,CommandeErronée,"Commande erronée livrée, j'ai eu sushi et non burger.",6/13/2025 15:16,,faible,Ouvert,,,REF-398996
d9df33fa-855b-4b5e-acde-850c390310d7,COM-13067,USR-4359,CommandeErronée,"Petite erreur, j'ai reçu salade au lieu de sandwich.",1/5/2025 15:16,image_8436.jpg,faible,Ouvert,,,REF-572427
3c947b3d-2f4c-4283-8d5a-ca92c7b0627d,COM-94809,USR-8839,ArticleManquant,"Commande incomplète, pizza non livré.",3/28/2025 15:16,,faible,Ouvert,,,REF-575558
07e2e3fd-31ca-498c-aff2-820fe88a0262,COM-32841,USR-7061,MauvaiseQualité,"Le goût de pâtes était un peu froid, mais acceptable.",11/14/2024 15:16,,faible,Résolu,11/15/2024 21:16,MOD-5,REF-450299
d9b85057-c7e0-4b54-a5f6-5d9ca6eed596,COM-14530,USR-1895,ServiceClient,"Réponse lente du service client, qualité médiocre.",1/21/2025 15:16,image_6258.jpg,moyen,Ouvert,,,REF-225925
ed84e7a9-f074-4b4c-ae63-e61d15d4377c,COM-30029,USR-5957,ServiceClient,"Le service client n'a pas résolu mon problème, frustrant.",8/17/2024 15:16,image_3647.jpg,élevé,Ouvert,,,REF-935132
9a11ea13-d5f5-416a-a3ac-b855d7bf5a91,COM-66891,USR-1884,NourritureEndommagée,"sauce était un peu brûlé, mais mangeable.",4/24/2025 15:16,,faible,Escaladé,,,REF-741636
cd517eac-2d0d-49a6-b457-dd9586a4db82,COM-26966,USR-1219,MauvaiseQualité,"La nourriture était écrasé, pas à la hauteur.",9/15/2024 15:16,"image_7475.jpg,image_8858.jpg",faible,Escaladé,,,REF-494445
f826236f-f874-4f92-b61e-6cc2d674f3ed,COM-52816,USR-5350,ServiceClient,"Le service client n'a pas résolu mon problème, frustrant.",11/29/2024 15:16,"image_7627.jpg,image_7346.jpg",élevé,Escaladé,,,REF-634180
180fed02-9d77-4b1d-b886-c2522916fcfb,COM-32460,USR-1889,ArticleManquant,"Il manque pâtes dans ma commande, très décevant.",6/12/2025 15:16,,moyen,Ouvert,,,REF-652215
b6969e48-7ba2-4f6e-9a6e-8d3a891825f4,COM-14084,USR-2046,NourritureEndommagée,"sushi est arrivé sans goût, besoin d'un remplacement.",10/16/2024 15:16,,faible,Résolu,10/18/2024 8:16,MOD-18,REF-122142
691dca39-1f09-4151-adc9-658f3210aaa5,COM-76971,USR-4495,MauvaiseQualité,"pizza était mal emballé, je ne commanderai plus.",10/16/2024 15:16,,faible,Résolu,10/17/2024 5:16,MOD-17,REF-967893
47f62e8c-7ec2-4424-ac91-d569fbd21c8d,COM-45241,USR-9382,MauvaiseQualité,"Très mauvaise qualité de sauce, immangeable.",6/12/2025 15:16,,élevé,Ouvert,,,REF-898524
622ecf55-938d-41d6-bba4-113d1b286633,COM-94729,USR-1802,NourritureEndommagée,"La commande était écrasé, très déçu.",9/14/2024 15:16,"image_6943.jpg,image_4448.jpg",faible,Résolu,9/16/2024 7:16,MOD-10,REF-398988
f60c1b22-4aa7-4a5d-8199-a6f787a74137,COM-23539,USR-5287,CommandeErronée,J'ai reçu salade au lieu de burger.,2/5/2025 15:16,image_6443.jpg,faible,Ouvert,,,REF-756300
9556c71c-b3ad-444e-9a86-6a84b13de20f,COM-25148,USR-8675,NourritureEndommagée,"dessert était moisi, qualité inacceptable.",7/17/2024 15:16,,élevé,Ouvert,,,REF-748020
18ddd303-75b7-494e-b61e-a69f04da4b0a,COM-25691,USR-4650,ProblèmePaiement,"J'ai été facturé deux fois pour ma commande, c'est inacceptable !",6/17/2025 15:16,"image_5533.jpg,image_3068.jpg",élevé,Escaladé,,,REF-330651
40d7517d-d459-409c-a930-503245a52440,COM-43282,USR-2728,ServiceClient,"Petit souci avec le support, mais acceptable.",11/10/2024 15:16,,faible,Escaladé,,,REF-670950
ee7c3a05-a14f-4aea-bc7b-cbe050ebb22a,COM-75595,USR-7928,CommandeErronée,"Commande erronée livrée, j'ai eu salade et non pâtes.",3/12/2025 15:16,,faible,Résolu,3/14/2025 13:16,MOD-6,REF-412313
899d0dab-77bd-4a09-a793-9fb786641c5f,COM-91892,USR-2175,LivraisonRetard,"La commande a été livrée avec 1 heure de retard, la nourriture était froide.",4/11/2025 15:16,image_2697.jpg,élevé,Escaladé,,,REF-415862
d7161208-b253-4ee9-bf67-4a0157b8817a,COM-41637,USR-2705,NourritureEndommagée,"sauce était moisi, qualité inacceptable.",12/16/2024 15:16,,élevé,Escaladé,,,REF-257161
bd7fb1dc-1a27-4590-b83b-e19a20f730a3,COM-31233,USR-7090,LivraisonRetard,"La nourriture est arrivée avec 90 minutes de retard, service décevant.",12/20/2024 15:16,,moyen,Ouvert,,,REF-636619
ab8788d2-1906-4aa5-891b-d5bf26e70bb4,COM-11773,USR-5720,CommandeErronée,"Petite erreur, j'ai reçu sandwich au lieu de salade.",8/24/2024 15:16,,faible,Escaladé,,,REF-617084
b916f3d0-3d6b-410c-a271-ae378aaa5271,COM-95350,USR-1492,NourritureEndommagée,"salade est arrivé gâté, besoin d'un remplacement.",8/12/2024 15:16,image_1621.jpg,élevé,Ouvert,,,REF-858381
c9e6d6d6-795a-402d-bbf2-20cee54adba2,COM-12208,USR-1453,LivraisonRetard,"Livraison en retard de 90 minutes, c'est gênant mais acceptable.",3/28/2025 15:16,"image_3437.jpg,image_7389.jpg",élevé,Escaladé,,,REF-850059
ba61dad6-a154-4ea0-b686-6e4c3bb82ea0,COM-90546,USR-6576,NourritureEndommagée,"burger était brûlé, qualité inacceptable.",3/4/2025 15:16,image_7713.jpg,élevé,Résolu,3/6/2025 2:16,MOD-4,REF-535579
41449a88-271d-4aa0-88c2-2a0a9633ed45,COM-52053,USR-5804,CommandeErronée,"J'ai commandé burger, mais j'ai reçu salade.",4/6/2025 15:16,,faible,Résolu,4/7/2025 5:16,MOD-19,REF-434878
4f118216-8a42-46d5-99b9-184dda98b387,COM-15271,USR-2369,ArticleManquant,Pourriez-vous vérifier pourquoi sauce n'était pas inclus ?,8/12/2024 15:16,"image_4481.jpg,image_4051.jpg",faible,Escaladé,,,REF-896430
10afffd2-ba5e-4b32-893a-e574d08a3e1e,COM-27806,USR-3790,ArticleManquant,Pourriez-vous vérifier pourquoi salade n'était pas inclus ?,9/7/2024 15:16,,faible,Escaladé,,,REF-529163
97ee1001-b1d8-4f7d-91dc-c500f8227f85,COM-27612,USR-4741,LivraisonRetard,"La nourriture est arrivée avec 3 heures de retard, service décevant.",3/11/2025 15:16,,élevé,Résolu,3/12/2025 7:16,MOD-13,REF-899289
dc09129c-c927-4b52-bc79-ad489c8f0dd1,COM-67259,USR-5317,CommandeErronée,J'ai reçu sandwich au lieu de pizza.,7/7/2024 15:16,,faible,Ouvert,,,REF-472375
7897e693-a0e7-48a3-9885-ee78b1db2b9e,COM-81459,USR-1293,ServiceClient,"Le service client n'a pas résolu mon problème, frustrant.",8/21/2024 15:16,image_1989.jpg,élevé,Résolu,8/23/2024 7:16,MOD-19,REF-756808
44bcb77f-ed75-406d-8122-10ede72b5ce4,COM-64808,USR-9955,NourritureEndommagée,"La commande était sans goût, très déçu.",8/8/2024 15:16,,faible,Escaladé,,,REF-523106
c1d42bb3-6f51-490f-adf1-01f766c18ebc,COM-17167,USR-5077,ArticleManquant,"Pas de boisson, c'est inacceptable et frustrant !",11/5/2024 15:16,image_5655.jpg,élevé,Résolu,11/7/2024 3:16,MOD-15,REF-470691
007c3048-b67a-4a38-b313-2b76fe0c0950,COM-47156,USR-6116,LivraisonRetard,"Livraison retardée de 3 heures, totalement inacceptable !",10/28/2024 15:16,,élevé,Résolu,10/28/2024 22:16,MOD-4,REF-836947
9cc91e41-fa99-4dde-8b6e-5ec7fb3cd3a3,COM-31015,USR-6009,ServiceClient,"Service client correct, mais pourrait être plus rapide.",4/19/2025 15:16,,faible,Escaladé,,,REF-908687
e0c5a6a0-f386-43a5-bfa1-161d3b47b599,COM-77284,USR-3760,LivraisonRetard,"J'ai attendu 1 heure pour ma commande, très frustrant.",2/6/2025 15:16,,moyen,Escaladé,,,REF-711702
3f97def9-bb08-4426-ab8d-6c578f4ded30,COM-88300,USR-6221,CommandeErronée,"Erreur sur ma commande : boisson au lieu de dessert, très agaçant.",10/6/2024 15:16,image_8889.jpg,élevé,Ouvert,,,REF-657429
87cdf726-c32e-4c78-b388-445e90d48674,COM-17512,USR-6535,ProblèmePaiement,"Problème mineur avec le paiement, veuillez vérifier.",1/2/2025 15:16,,moyen,Ouvert,,,REF-685401
2ad18aaa-02e7-4225-8850-7066f849e95a,COM-66580,USR-7925,LivraisonRetard,"Livraison retardée de 2 heures, totalement inacceptable !",3/7/2025 15:16,image_2794.jpg,élevé,Escaladé,,,REF-690162
f51a4fdc-9897-4b53-bf79-d923d147a019,COM-22171,USR-1354,ArticleManquant,"Petit souci, il manquait sushi dans la commande.",8/21/2024 15:16,"image_9087.jpg,image_8295.jpg",faible,Résolu,8/21/2024 17:16,MOD-4,REF-156921
694b39f4-12a0-4626-a3bb-5dfe37f738b8,COM-73143,USR-7064,ProblèmePaiement,"J'ai été facturé deux fois pour ma commande, c'est inacceptable !",4/1/2025 15:16,,élevé,Escaladé,,,REF-859632
e38473e7-2e29-440b-93fb-54d6ff0236ef,COM-32189,USR-7080,LivraisonRetard,"La commande a été livrée avec 3 heures de retard, la nourriture était froide.",3/25/2025 15:16,,élevé,Ouvert,,,REF-161601
285dd970-8fcd-4012-b7d9-b7cfb1ccf760,COM-48782,USR-5725,ServiceClient,"Petit souci avec le support, mais acceptable.",6/25/2025 15:16,,faible,Résolu,6/25/2025 23:16,MOD-15,REF-813716
62b9187d-97e3-46b5-897b-922d77d0a9bc,COM-74677,USR-3123,ServiceClient,"Service client injoignable, c'est insupportable !",7/18/2024 15:16,,élevé,Escaladé,,,REF-227748
c91cbc0a-2ad4-436e-880d-7a83e65087d3,COM-74093,USR-7592,ServiceClient,"Service client injoignable, c'est insupportable !",2/5/2025 15:16,image_2563.jpg,élevé,Escaladé,,,REF-535764
f04248e3-b136-4f78-8e5f-f05943274f2c,COM-78167,USR-5811,NourritureEndommagée,"boisson livré gâté, c'est scandaleux et dangereux !",1/5/2025 15:16,image_4746.jpg,élevé,Ouvert,,,REF-642252
54d29115-bce0-45c7-a602-7cd73d038e84,COM-16682,USR-6516,ProblèmePaiement,"Surfacturation de la commande, service client désastreux.",6/11/2025 15:16,,élevé,Ouvert,,,REF-241378
9581ab9f-24b0-4d6c-a5f5-5a3109ce2451,COM-14956,USR-1212,NourritureEndommagée,"pâtes était gâté, qualité inacceptable.",7/26/2024 15:16,,élevé,Escaladé,,,REF-805784
f111d1d6-faf8-4499-b1fe-99e78d0ea3fc,COM-43276,USR-9741,ServiceClient,"Service client correct, mais pourrait être plus rapide.",2/3/2025 15:16,image_3319.jpg,moyen,Résolu,2/5/2025 10:16,MOD-5,REF-187778
0905271e-c794-498f-97c4-61fe0e0e29ae,COM-40058,USR-2987,ServiceClient,"Réponse lente du service client, qualité médiocre.",10/7/2024 15:16,image_5434.jpg,moyen,Escaladé,,,REF-752649
623d9f25-04b6-4d16-b9a3-4215fd414373,COM-24765,USR-7035,ProblèmePaiement,"Surfacturation de la commande, service client désastreux.",8/8/2024 15:16,image_8518.jpg,élevé,Résolu,8/8/2024 19:16,MOD-8,REF-742488
b255cc9d-23b0-4409-9736-d0614fa6e18a,COM-23779,USR-1412,ArticleManquant,"Il manque dessert dans ma commande, très décevant.",12/2/2024 15:16,image_6314.jpg,élevé,Escaladé,,,REF-152814
e8d54e93-3062-4b64-9aa8-c1799cf238be,COM-25940,USR-6564,ServiceClient,"Réponse lente du service client, qualité médiocre.",7/7/2024 15:16,,faible,Ouvert,,,REF-357866
cdfbb27d-d17f-445b-af07-5dfe99d198e0,COM-72804,USR-4395,ProblèmePaiement,"J'ai été facturé deux fois pour ma commande, c'est inacceptable !",1/24/2025 15:16,,élevé,Résolu,1/25/2025 7:16,MOD-7,REF-947638
f842d022-c26e-4a25-aebe-4a646614e552,COM-11396,USR-1346,CommandeErronée,"Commande erronée livrée, j'ai eu burger et non salade.",1/26/2025 15:16,,faible,Ouvert,,,REF-710413
7346ed1d-bef6-413a-8e7a-44c4ea9f1724,COM-61076,USR-9847,ArticleManquant,"Manque salade, service médiocre.",5/20/2025 15:16,"image_9903.jpg,image_2295.jpg",moyen,Escaladé,,,REF-795232
52360447-4558-4e6a-b2ae-d13daa1c95e8,COM-73492,USR-7843,CommandeErronée,"J'ai commandé sushi, mais j'ai reçu sandwich.",9/22/2024 15:16,,faible,Escaladé,,,REF-922072
47a8fe98-f698-45d0-987d-d46b3ec09611,COM-50278,USR-1753,ArticleManquant,"Je n'ai pas reçu salade, besoin d'un remboursement.",8/16/2024 15:16,,faible,Résolu,8/16/2024 21:16,MOD-18,REF-639571
4cec9088-9133-4d77-a201-b1803ea7743c,COM-11918,USR-9153,LivraisonRetard,"La commande a été livrée avec 30 minutes de retard, la nourriture était froide.",7/23/2024 15:16,,faible,Ouvert,,,REF-932929
f4716bb4-c7ab-47d7-b330-2889e39858e8,COM-71963,USR-7699,MauvaiseQualité,"Le goût de boisson était un peu gâté, mais acceptable.",7/8/2024 15:16,,élevé,Résolu,7/8/2024 21:16,MOD-11,REF-562928
754b936e-b61e-438b-aa6b-1da156d33519,COM-87885,USR-5761,ProblèmePaiement,"J'ai été facturé deux fois pour ma commande, c'est inacceptable !",11/18/2024 15:16,,élevé,Ouvert,,,REF-990119
0e77d6c2-e0b0-427f-bd12-4ca8fca2b2fc,COM-12554,USR-9216,NourritureEndommagée,"Commande endommagée, frites était légèrement brûlé.",2/18/2025 15:16,,faible,Ouvert,,,REF-474550
cf848b81-0b40-455e-a989-ad33d705e7d3,COM-17647,USR-3945,MauvaiseQualité,"dessert était écrasé, je ne commanderai plus.",10/20/2024 15:16,,faible,Résolu,10/22/2024 15:16,MOD-17,REF-324960
fbd84943-4666-440c-be23-9863193682c9,COM-35663,USR-5594,ArticleManquant,Pourriez-vous vérifier pourquoi burger n'était pas inclus ?,9/23/2024 15:16,image_8413.jpg,faible,Escaladé,,,REF-355324
8ce395f2-7b0e-46f7-82e8-f0e2b1921555,COM-73751,USR-1577,ArticleManquant,"Petit souci, il manquait pâtes dans la commande.",8/11/2024 15:16,,faible,Résolu,8/11/2024 18:16,MOD-15,REF-759405
27ad9df9-85d8-4dc6-bfd0-cdbcd3d02806,COM-32112,USR-6226,CommandeErronée,"Mauvais article livré, sushi à la place de dessert.",1/22/2025 15:16,,faible,Escaladé,,,REF-800479
52de6875-c101-4695-925b-764776495c46,COM-69998,USR-5567,ProblèmePaiement,"Erreur de facturation pour pâtes, très frustrant.",12/4/2024 15:16,"image_7113.jpg,image_9610.jpg",élevé,Ouvert,,,REF-840304
84030b6e-8b9a-441b-b4e5-368bc50587f6,COM-80642,USR-8467,ArticleManquant,"Je n'ai pas reçu sauce, besoin d'un remboursement.",8/11/2024 15:16,image_6391.jpg,faible,Ouvert,,,REF-892574
5a4bfb86-e2f4-4c7b-9f2f-4ea4e617cc53,COM-22479,USR-7693,ProblèmePaiement,"Petite erreur de facturation, mais gênante.",2/16/2025 15:16,image_1487.jpg,élevé,Ouvert,,,REF-519566
1a0a1ddb-6c8d-4cfe-83e2-dd6a7584aef3,COM-10797,USR-8969,ProblèmePaiement,"Surfacturation de la commande, service client désastreux.",8/5/2024 15:16,,élevé,Résolu,8/6/2024 4:16,MOD-2,REF-158822
2d1379ff-5ef4-4fc1-bb31-b33443a6b422,COM-52440,USR-2961,LivraisonRetard,"La nourriture est arrivée avec 2 heures de retard, service décevant.",4/25/2025 15:16,,élevé,Ouvert,,,REF-612463
c13502b1-778b-49d5-aba9-34a342efc471,COM-19189,USR-3938,NourritureEndommagée,"salade était un peu écrasé, mais mangeable.",5/28/2025 15:16,,faible,Résolu,5/29/2025 1:16,MOD-19,REF-744045
ceffce31-dee4-4fca-99ea-614330f84b75,COM-72720,USR-3935,LivraisonRetard,"Livraison en retard de 30 minutes, c'est gênant mais acceptable.",10/30/2024 15:16,,moyen,Résolu,10/31/2024 9:16,MOD-4,REF-416257
15ef26b8-9782-435e-97ef-0f846c346c55,COM-61005,USR-6834,LivraisonRetard,"La commande a été livrée avec 2 heures de retard, la nourriture était froide.",7/9/2024 15:16,,élevé,Résolu,7/9/2024 19:16,MOD-4,REF-977523
7c281363-47a3-49f3-a098-98b23e56c721,COM-10632,USR-8824,ServiceClient,"Service client injoignable, c'est insupportable !",8/17/2024 15:16,image_3280.jpg,élevé,Résolu,8/19/2024 15:16,MOD-1,REF-966311
b2625a73-40b5-4f2e-881c-5678a62a6edc,COM-86611,USR-6850,ServiceClient,"Mauvaise expérience avec le support, très décevant.",5/8/2025 15:16,"image_5781.jpg,image_8409.jpg",élevé,Escaladé,,,REF-360711
d7a8f5b8-0286-47c4-b8cd-f9d4517f5664,COM-59015,USR-3723,ArticleManquant,"Petit souci, il manquait pizza dans la commande.",6/6/2025 15:16,image_5858.jpg,faible,Ouvert,,,REF-444292
b2cf23c4-30ca-4867-b67f-0717be4fcf10,COM-26831,USR-3425,CommandeErronée,"J'ai commandé burger, mais j'ai reçu sandwich.",5/21/2025 15:16,image_8961.jpg,moyen,Ouvert,,,REF-881136
7c1cc4a5-5996-4d30-b860-37edf9f93875,COM-81618,USR-2780,ServiceClient,"Petit souci avec le support, mais acceptable.",9/13/2024 15:16,,faible,Escaladé,,,REF-689692
35432a45-3d13-46f6-a854-87f99291d2bc,COM-31350,USR-4704,CommandeErronée,"J'ai commandé pâtes, mais j'ai reçu frites.",10/28/2024 15:16,image_1676.jpg,faible,Escaladé,,,REF-488385
8484a989-1d18-498b-ac72-0fb059611ef0,COM-19909,USR-4012,NourritureEndommagée,"Tout était froid, expérience catastrophique.",10/5/2024 15:16,,élevé,Résolu,10/7/2024 11:16,MOD-14,REF-101662
ce946331-4d02-48a8-b816-de8906d612a7,COM-44938,USR-6892,MauvaiseQualité,"Qualité médiocre de salade, très frustrant.",1/25/2025 15:16,,moyen,Ouvert,,,REF-197302
2f6d1fd3-198d-4259-88c3-a95ede75747c,COM-84616,USR-6091,NourritureEndommagée,"sushi est arrivé mal emballé, besoin d'un remplacement.",5/18/2025 15:16,image_9236.jpg,faible,Résolu,5/19/2025 6:16,MOD-8,REF-149425
ba6da9fc-e13f-43c4-82bf-8a5bd2c6a7ca,COM-68754,USR-4337,CommandeErronée,"Petite erreur, j'ai reçu salade au lieu de frites.",8/31/2024 15:16,,faible,Ouvert,,,REF-511848
889e2821-b94d-48f7-bb63-b5ba83a2509d,COM-42775,USR-5547,ProblèmePaiement,"Petite erreur de facturation, mais gênante.",10/26/2024 15:16,,moyen,Ouvert,,,REF-137688
a094bd59-6925-4c95-81e2-dbbad09f9889,COM-57663,USR-4871,MauvaiseQualité,"Le goût de sandwich était un peu moisi, mais acceptable.",4/10/2025 15:16,,élevé,Résolu,4/11/2025 19:16,MOD-10,REF-778329
5b143d34-e5bc-4002-90fa-2915620e0223,COM-38220,USR-2410,ArticleManquant,"Manque pizza, service médiocre.",2/18/2025 15:16,,faible,Escaladé,,,REF-742058
d1d155db-fa2c-421e-9a29-11f2a8aa5e0a,COM-96875,USR-6183,ProblèmePaiement,"J'ai été facturé deux fois pour ma commande, c'est inacceptable !",4/25/2025 15:16,,élevé,Ouvert,,,REF-963260
2e98c441-a272-40ed-88b9-692e41582228,COM-76115,USR-8437,NourritureEndommagée,"La commande était mal emballé, très déçu.",2/1/2025 15:16,,faible,Résolu,2/3/2025 13:16,MOD-18,REF-800871
04687590-11c9-4d30-8e1b-cbbb14e1a5a5,COM-36760,USR-7921,NourritureEndommagée,"salade était mal emballé, qualité inacceptable.",1/31/2025 15:16,,élevé,Résolu,2/2/2025 3:16,MOD-12,REF-961177
3af40a73-eee3-4c22-a61c-83f799429580,COM-17463,USR-9886,ArticleManquant,"Commande incomplète, dessert non livré.",7/23/2024 15:16,image_1360.jpg,faible,Escaladé,,,REF-705933
3ddfbe96-3904-455d-89cf-fea0fb971f5b,COM-54121,USR-9690,ServiceClient,"Le service client n'a pas résolu mon problème, frustrant.",10/23/2024 15:16,,moyen,Escaladé,,,REF-863128
80a8ff6a-e8b6-48f0-9543-289a3936b0fb,COM-58706,USR-4498,ArticleManquant,"Je n'ai pas reçu sushi, besoin d'un remboursement.",11/27/2024 15:16,,faible,Résolu,11/29/2024 7:16,MOD-17,REF-330924
f2580e26-07fc-4f6d-bd74-4fa6551566e0,COM-12044,USR-2807,LivraisonRetard,"J'ai attendu 1 heure pour ma commande, très frustrant.",7/23/2024 15:16,image_8603.jpg,élevé,Résolu,7/25/2024 4:16,MOD-4,REF-356308
dbacdae7-c69c-471e-b681-52af6284f583,COM-78391,USR-5877,ArticleManquant,"sauce manquant, veuillez résoudre immédiatement.",7/7/2024 15:16,,moyen,Ouvert,,,REF-602799
b3497879-8cc6-4766-bd16-029b6ea117b9,COM-47066,USR-3427,ServiceClient,"Réponse lente du service client, qualité médiocre.",8/13/2024 15:16,,faible,Résolu,8/14/2024 14:16,MOD-18,REF-467622
760bd216-40c2-421b-83cd-0ce986b9c757,COM-98202,USR-7091,ServiceClient,"Service client correct, mais pourrait être plus rapide.",1/12/2025 15:16,,faible,Résolu,1/14/2025 7:16,MOD-8,REF-609672
6ae954b1-5b5a-4bbc-99b1-0b4805f169d3,COM-25443,USR-8142,ArticleManquant,"Je n'ai pas reçu dessert, besoin d'un remboursement.",5/12/2025 15:16,,faible,Résolu,5/13/2025 6:16,MOD-9,REF-273895
93346e95-aeac-40fa-87c2-555bd454decf,COM-36190,USR-3858,CommandeErronée,"J'ai commandé dessert, mais j'ai reçu boisson.",2/2/2025 15:16,,faible,Résolu,2/2/2025 16:16,MOD-18,REF-939711
b2a68348-2976-432b-99e6-d67737ef917d,COM-90362,USR-7732,NourritureEndommagée,"Commande endommagée, sushi était légèrement écrasé.",6/14/2025 15:16,image_4691.jpg,faible,Résolu,6/15/2025 14:16,MOD-17,REF-794852
68bebcbf-47ed-4c45-9c47-00d86d6d7d05,COM-40550,USR-3551,ProblèmePaiement,"Petite erreur de facturation, mais gênante.",2/8/2025 15:16,,moyen,Ouvert,,,REF-244991
1bdfafe1-94ef-4c5d-a3c1-6a886abe3d43,COM-76900,USR-9221,NourritureEndommagée,"La nourriture était sans goût, totalement immangeable.",10/10/2024 15:16,,élevé,Ouvert,,,REF-311774
c705ca26-1e84-4eaa-a4cb-f737e8c3d8c0,COM-39789,USR-8401,ArticleManquant,"Manque sushi, service médiocre.",2/22/2025 15:16,,faible,Ouvert,,,REF-873628
fe41d57d-186b-4122-b703-fcdef1d22d44,COM-98158,USR-5184,CommandeErronée,"Commande incorrecte, mais le goût de sauce était acceptable.",4/30/2025 15:16,"image_8962.jpg,image_6468.jpg",moyen,Résolu,5/2/2025 3:16,MOD-20,REF-337637
35fd590d-2f65-41b1-bead-791bdb912fb4,COM-40842,USR-6100,LivraisonRetard,"J'ai attendu 90 minutes pour ma commande, très frustrant.",11/8/2024 15:16,,moyen,Escaladé,,,REF-831587
2bd0e02f-3b5f-4f67-b116-b0e1cf677765,COM-81255,USR-6313,NourritureEndommagée,"frites était un peu moisi, mais mangeable.",2/15/2025 15:16,"image_7703.jpg,image_4719.jpg",élevé,Escaladé,,,REF-534295
ae569775-7f78-4f94-85bb-dd993bcb5a79,COM-79147,USR-2988,MauvaiseQualité,"sandwich n'était pas terrible, qualité moyenne.",4/29/2025 15:16,,faible,Ouvert,,,REF-739064
7020eae4-eb71-448e-9e96-e78788c31419,COM-65941,USR-8199,ProblèmePaiement,"J'ai été facturé deux fois pour ma commande, c'est inacceptable !",1/13/2025 15:16,"image_8667.jpg,image_9228.jpg",élevé,Résolu,1/14/2025 10:16,MOD-12,REF-131896
7649baa6-4d7e-4ec6-a487-1beae59348b7,COM-87104,USR-8344,MauvaiseQualité,"sauce n'était pas terrible, qualité moyenne.",11/10/2024 15:16,,faible,Ouvert,,,REF-903277
20877a82-cffb-4430-964d-30fc4247f0b1,COM-91511,USR-2056,ProblèmePaiement,"Problème de paiement, remboursement requis immédiatement.",10/28/2024 15:16,image_4391.jpg,élevé,Ouvert,,,REF-399902
84033262-f0cc-4c83-93ea-303e89650cc2,COM-43326,USR-1540,ServiceClient,"Réponse lente du service client, qualité médiocre.",1/30/2025 15:16,,faible,Ouvert,,,REF-282240
8bc73223-d889-4f34-bd46-0711c9509003,COM-23432,USR-5372,MauvaiseQualité,"frites avait un goût gâté, expérience horrible.",3/18/2025 15:16,,élevé,Résolu,3/20/2025 1:16,MOD-8,REF-319423
6704df39-8bc6-4116-8a97-c7741a214e7b,COM-77834,USR-1350,ServiceClient,"Réponse lente du service client, qualité médiocre.",10/3/2024 15:16,,faible,Ouvert,,,REF-402836
3acb662a-a534-42a3-8786-f5cc9109e000,COM-89710,USR-6454,LivraisonRetard,"Livraison en retard de 1 heure, c'est gênant mais acceptable.",1/1/2025 15:16,,moyen,Escaladé,,,REF-433223
6b3a1314-9008-4d16-8861-c144976d503a,COM-34747,USR-1489,LivraisonRetard,"Retard de 90 minutes, c'est scandaleux et dérangeant !",10/16/2024 15:16,image_9850.jpg,élevé,Ouvert,,,REF-354789
7a146f88-3108-47ae-8482-d6035e772ef1,COM-29282,USR-1910,ServiceClient,"Réponse lente du service client, qualité médiocre.",4/3/2025 15:16,"image_1853.jpg,image_3613.jpg",moyen,Résolu,4/4/2025 15:16,MOD-3,REF-469788
fc9be707-b811-4245-bfee-e5c66b7fb797,COM-32107,USR-5405,ArticleManquant,"boisson manquant, veuillez résoudre immédiatement.",10/28/2024 15:16,,moyen,Ouvert,,,REF-393986
c03eae72-4082-408a-9862-4a97a6a6d716,COM-74793,USR-5309,ServiceClient,"Le service client n'a pas résolu mon problème, frustrant.",4/22/2025 15:16,,moyen,Ouvert,,,REF-522164
ad9de08c-bf0a-4756-b2cb-a0860a32996f,COM-17065,USR-2451,NourritureEndommagée,"sauce était mal emballé, qualité inacceptable.",9/14/2024 15:16,,élevé,Ouvert,,,REF-314588
e16a3ecc-5ad1-4642-8e1a-f52e108c5871,COM-15178,USR-2490,NourritureEndommagée,"La nourriture était sans goût, totalement immangeable.",8/12/2024 15:16,"image_4293.jpg,image_6445.jpg",élevé,Résolu,8/14/2024 4:16,MOD-11,REF-833813
32051289-094d-4eed-919e-dd75228cc672,COM-72487,USR-8363,ArticleManquant,"Il manque frites dans ma commande, très décevant.",10/22/2024 15:16,image_9342.jpg,élevé,Résolu,10/23/2024 14:16,MOD-2,REF-180527
08f202cd-7ac9-450c-99b3-e90b69733c53,COM-32791,USR-2270,LivraisonRetard,"La commande a été livrée avec 3 heures de retard, la nourriture était froide.",1/10/2025 15:16,,élevé,Ouvert,,,REF-143591
a98adb3f-4040-4ae0-9aac-1c0592a2977c,COM-67648,USR-1769,LivraisonRetard,"Commande arrivée après 90 minutes, vraiment pas satisfait.",12/3/2024 15:16,,moyen,Escaladé,,,REF-386804
1cd52906-bc44-4deb-9dc4-5571a0afe874,COM-69439,USR-6777,ArticleManquant,"Petit souci, il manquait salade dans la commande.",6/15/2025 15:16,,faible,Résolu,6/15/2025 16:16,MOD-4,REF-566755
20f1f4bd-015f-4c52-8730-3b9edabb7a90,COM-85962,USR-7653,ServiceClient,"Mauvaise expérience avec le support, très décevant.",6/24/2025 15:16,,moyen,Résolu,6/26/2025 5:16,MOD-9,REF-317901
47556d61-6483-44e7-809d-4a5aa9a960be,COM-22278,USR-5408,ProblèmePaiement,"J'ai été facturé deux fois pour ma commande, c'est inacceptable !",12/25/2024 15:16,,élevé,Résolu,12/27/2024 2:16,MOD-18,REF-966214
dcf89068-658a-4dca-a56f-123bf5916f44,COM-49492,USR-6697,ServiceClient,"Petit souci avec le support, mais acceptable.",5/14/2025 15:16,"image_7971.jpg,image_1349.jpg",moyen,Résolu,5/14/2025 22:16,MOD-11,REF-870399
b8056ee7-eed1-4e51-a10d-101193345c5f,COM-29565,USR-4247,CommandeErronée,"Erreur sur ma commande : boisson au lieu de dessert, très agaçant.",7/5/2024 15:16,,moyen,Résolu,7/7/2024 14:16,MOD-4,REF-186920
4e6be796-26f9-452d-bfc9-5c4e4e3ec010,COM-34076,USR-5438,NourritureEndommagée,"sandwich livré écrasé, c'est scandaleux et dangereux !",9/29/2024 15:16,image_4600.jpg,élevé,Résolu,10/1/2024 7:16,MOD-14,REF-475529
eae8ac8d-2d8b-4829-b0d4-2c7b547f3271,COM-72750,USR-8364,MauvaiseQualité,"dessert avait un goût trempé, expérience horrible.",11/20/2024 15:16,image_7226.jpg,élevé,Escaladé,,,REF-468859
2c689567-6b2b-4d00-8e23-558f973b672f,COM-74602,USR-3208,NourritureEndommagée,"La nourriture était froid, totalement immangeable.",7/28/2024 15:16,,élevé,Ouvert,,,REF-370263
8b120ee8-1dd5-4a30-b52c-fae2533d3ac1,COM-66993,USR-7236,LivraisonRetard,"La nourriture est arrivée avec 3 heures de retard, service décevant.",7/23/2024 15:16,,élevé,Ouvert,,,REF-739863
bc8d7971-8528-4155-be55-f36e1f0c8ec9,COM-36736,USR-5767,LivraisonRetard,"Livraison retardée de 3 heures, totalement inacceptable !",2/20/2025 15:16,,élevé,Ouvert,,,REF-258850
0689c9b3-5cd0-4c2e-8a8f-2573ef91f3f6,COM-79197,USR-6927,CommandeErronée,"Livré sushi, mais je voulais sushi, c'est inacceptable.",6/8/2025 15:16,,faible,Résolu,6/9/2025 2:16,MOD-18,REF-681447
74d627fa-bfc7-4533-af9a-9b1152c310d3,COM-93703,USR-7894,CommandeErronée,"J'ai commandé sauce, mais j'ai reçu burger.",11/13/2024 15:16,image_7761.jpg,faible,Escaladé,,,REF-346625
405dbc49-eaf3-428a-81e9-6f529856698c,COM-88813,USR-3694,NourritureEndommagée,"Commande endommagée, pâtes était légèrement moisi.",5/13/2025 15:16,image_6735.jpg,élevé,Ouvert,,,REF-548796
483dafed-226b-43a5-abfb-eb9ed0785471,COM-91857,USR-9754,LivraisonRetard,"Commande arrivée après 3 heures, vraiment pas satisfait.",4/16/2025 15:16,"image_4484.jpg,image_3939.jpg",élevé,Ouvert,,,REF-340736
a6e4de65-d644-4a12-b32e-bcd608dad0e5,COM-43018,USR-1431,MauvaiseQualité,"sauce était froid, je ne commanderai plus.",6/20/2025 15:16,image_3503.jpg,moyen,Résolu,6/21/2025 4:16,MOD-6,REF-550903
4cd44bb3-9c2d-48fb-9232-5e7fbc39cfe3,COM-72252,USR-1514,ServiceClient,"Service client injoignable, c'est insupportable !",8/15/2024 15:16,,élevé,Escaladé,,,REF-891102
75a569f5-4850-4240-8db7-446d832ede6a,COM-45620,USR-2315,ProblèmePaiement,"Petite erreur de facturation, mais gênante.",5/28/2025 15:16,,moyen,Ouvert,,,REF-275032
d5d97c73-55f9-44a1-8999-ab90264195b7,COM-44015,USR-9916,LivraisonRetard,"Livraison retardée de 90 minutes, totalement inacceptable !",10/1/2024 15:16,"image_2914.jpg,image_8391.jpg",élevé,Escaladé,,,REF-777924
8478c667-d5f2-4cc7-ba23-9b543901865f,COM-68215,USR-1204,MauvaiseQualité,"sauce avait un goût mal emballé, expérience horrible.",7/24/2024 15:16,,élevé,Ouvert,,,REF-665023
7da008e9-9b31-46f9-9702-c551ee754b2b,COM-29118,USR-9700,NourritureEndommagée,"La nourriture était sans goût, totalement immangeable.",8/9/2024 15:16,image_7647.jpg,élevé,Escaladé,,,REF-608999
94fc1ba1-ae25-4c65-b7e6-df70337b4bc9,COM-59956,USR-8937,CommandeErronée,"J'ai commandé dessert, mais j'ai reçu pâtes.",8/15/2024 15:16,image_4830.jpg,faible,Ouvert,,,REF-490039
e6e24de7-e06d-4465-b8c2-a5cbaa69bfcf,COM-84311,USR-5141,MauvaiseQualité,"La nourriture était écrasé, pas à la hauteur.",4/4/2025 15:16,,faible,Escaladé,,,REF-696164
3757e5c8-059f-4f6a-97c7-9312786356ed,COM-70447,USR-1206,NourritureEndommagée,"Tout était froid, expérience catastrophique.",5/12/2025 15:16,,élevé,Résolu,5/14/2025 2:16,MOD-15,REF-564919
3ea75c65-25e8-4ef3-8bf4-2eca967e9050,COM-50132,USR-8365,MauvaiseQualité,"sandwich était trempé, totalement dégoûtant !",1/13/2025 15:16,,élevé,Résolu,1/14/2025 8:16,MOD-11,REF-952885
be809f02-eb30-4b9e-9e82-e904fef1ec8e,COM-63430,USR-1717,LivraisonRetard,"Retard de 90 minutes, c'est scandaleux et dérangeant !",11/24/2024 15:16,,moyen,Escaladé,,,REF-935300
d3877d2f-a13a-4177-9f0d-77fbfef9e47d,COM-74991,USR-2432,CommandeErronée,"Mauvais article livré, sushi à la place de sauce.",7/15/2024 15:16,,faible,Résolu,7/17/2024 8:16,MOD-11,REF-731448
b88c472a-7873-402c-a4b1-3a6f96e1db3d,COM-37815,USR-6952,ServiceClient,"Service client injoignable, c'est insupportable !",2/16/2025 15:16,,élevé,Escaladé,,,REF-788615
f67026d2-a91c-4409-8622-e3de17e29fd2,COM-33030,USR-2804,MauvaiseQualité,"Très mauvaise qualité de sushi, immangeable.",9/14/2024 15:16,"image_2628.jpg,image_5775.jpg",élevé,Escaladé,,,REF-935146
e04dda39-c4d1-4843-baab-7269e94aec88,COM-23150,USR-8327,ServiceClient,"Réponse lente du service client, qualité médiocre.",7/3/2024 15:16,image_1599.jpg,moyen,Escaladé,,,REF-751581
07c02af2-2a09-4971-ae86-196771c85214,COM-74633,USR-7859,NourritureEndommagée,"La nourriture était brûlé, totalement immangeable.",10/14/2024 15:16,,élevé,Résolu,10/14/2024 17:16,MOD-1,REF-723988
1ee70ce6-99a0-40df-b8a4-4fce900dd429,COM-52366,USR-4154,ArticleManquant,"Je n'ai pas reçu sandwich, besoin d'un remboursement.",1/7/2025 15:16,image_4510.jpg,faible,Escaladé,,,REF-319226
29d5ea09-2f80-481b-a834-876ad673a157,COM-94762,USR-8492,MauvaiseQualité,"Qualité médiocre de sauce, très frustrant.",9/12/2024 15:16,image_2049.jpg,élevé,Ouvert,,,REF-114783
ae4b9c6c-b605-441f-a153-99ad586846af,COM-94559,USR-6337,ArticleManquant,"Je n'ai pas reçu sushi, besoin d'un remboursement.",11/14/2024 15:16,image_8363.jpg,faible,Résolu,11/16/2024 6:16,MOD-5,REF-320416
0f72f882-f655-45f7-873f-9e08856100ec,COM-79059,USR-2530,NourritureEndommagée,"La nourriture était gâté, totalement immangeable.",4/12/2025 15:16,,élevé,Résolu,4/13/2025 16:16,MOD-5,REF-228068
4ae97609-8e20-493a-9b1c-f167644276ee,COM-54455,USR-1823,ProblèmePaiement,"Petite erreur de facturation, mais gênante.",7/12/2024 15:16,,moyen,Résolu,7/12/2024 18:16,MOD-6,REF-159369
b0e47177-2384-4253-8df5-0277a4154038,COM-71728,USR-1370,ArticleManquant,"Commande incomplète, dessert non livré.",7/20/2024 15:16,,faible,Escaladé,,,REF-387508
25574c04-171e-4980-8cd6-7acc265f630e,COM-12745,USR-2805,MauvaiseQualité,"pizza n'était pas terrible, qualité moyenne.",5/30/2025 15:16,image_6150.jpg,élevé,Escaladé,,,REF-613620
7b15d4e6-7bad-44e1-95dc-e70609c51bac,COM-90593,USR-3607,MauvaiseQualité,"boisson n'était pas terrible, qualité moyenne.",4/11/2025 15:16,,faible,Résolu,4/12/2025 16:16,MOD-19,REF-430427
870db157-1b73-4b78-938e-089db86d047a,COM-95362,USR-7477,NourritureEndommagée,"sandwich était sans goût, qualité inacceptable.",6/29/2025 15:16,,élevé,Ouvert,,,REF-897090
46848188-ef09-4525-a693-3a6ac9170efc,COM-54704,USR-3463,ArticleManquant,"boisson manquant, veuillez résoudre immédiatement.",7/19/2024 15:16,,moyen,Ouvert,,,REF-966358
5548c313-14f2-4b16-bf86-76c92bc76141,COM-89509,USR-4503,LivraisonRetard,"Livraison en retard de 30 minutes, c'est gênant mais acceptable.",9/9/2024 15:16,,moyen,Ouvert,,,REF-322932
37eb7371-b107-40d5-905f-09c27c907434,COM-97654,USR-3560,ProblèmePaiement,"Petite erreur de facturation, mais gênante.",4/21/2025 15:16,"image_8429.jpg,image_8961.jpg",élevé,Escaladé,,,REF-797219
acc25fa9-595a-441b-b522-a15cf81797b8,COM-59682,USR-1129,CommandeErronée,"Erreur sur ma commande : burger au lieu de pizza, très agaçant.",9/27/2024 15:16,,moyen,Résolu,9/28/2024 14:16,MOD-4,REF-528545
4ba51312-f0fa-4463-86fe-004bccd30129,COM-23683,USR-2589,ProblèmePaiement,"Erreur de facturation pour sauce, très frustrant.",7/1/2025 15:16,,moyen,Résolu,7/2/2025 10:16,MOD-6,REF-541942
d2d51993-d8d0-4b4a-b3eb-ab63fc3eff82,COM-48961,USR-5564,CommandeErronée,"Erreur sur ma commande : burger au lieu de boisson, très agaçant.",2/25/2025 15:16,,moyen,Résolu,2/26/2025 10:16,MOD-15,REF-872600
cf78b5d7-09ad-434e-a6d1-0f4ca64a7298,COM-40534,USR-4646,ArticleManquant,"Manque boisson, service médiocre.",10/29/2024 15:16,,faible,Ouvert,,,REF-318215
49fba56b-1fbc-4473-ab36-bff1a9e651ea,COM-65461,USR-7802,ServiceClient,"Service client correct, mais pourrait être plus rapide.",5/23/2025 15:16,,faible,Ouvert,,,REF-427054
54131424-ba81-4f72-9582-bf48baf3ea54,COM-21525,USR-1466,LivraisonRetard,"Commande arrivée après 1 heure, vraiment pas satisfait.",11/13/2024 15:16,"image_7752.jpg,image_9527.jpg",élevé,Résolu,11/15/2024 10:16,MOD-3,REF-119981
26ad2c72-b87e-4e93-b0dd-3c6a5872373b,COM-17892,USR-8832,ProblèmePaiement,"Surfacturation de la commande, service client désastreux.",4/15/2025 15:16,image_6128.jpg,élevé,Ouvert,,,REF-309443
f5b74ac8-e8ad-4c85-930e-b9f0928fccc6,COM-58424,USR-6079,MauvaiseQualité,"sushi avait un goût moisi, expérience horrible.",2/4/2025 15:16,,élevé,Escaladé,,,REF-626281
c7b511a0-eaa6-4753-a74e-55c4955ce719,COM-91402,USR-1772,LivraisonRetard,"Petit retard de 2 heures, mais la nourriture était correcte.",2/13/2025 15:16,,élevé,Ouvert,,,REF-738890
2412ff08-e1c3-4707-81d4-f81674e9e4c9,COM-69295,USR-1404,ProblèmePaiement,"Problème de paiement, remboursement requis immédiatement.",8/31/2024 15:16,image_3457.jpg,élevé,Résolu,9/2/2024 11:16,MOD-11,REF-201322
0a5b24c9-2b2b-437a-8f4b-17080b5fbe6c,COM-96797,USR-2815,ProblèmePaiement,"Problème de paiement, remboursement requis immédiatement.",6/30/2025 15:16,,élevé,Escaladé,,,REF-548647
6b74388f-8540-4b47-b95f-35fad2a4885a,COM-88510,USR-1846,MauvaiseQualité,"Qualité médiocre de dessert, très frustrant.",12/9/2024 15:16,image_5753.jpg,élevé,Ouvert,,,REF-667214
5fc658bc-67e7-4087-88a4-34785bae4d3f,COM-28024,USR-8328,ProblèmePaiement,"Surfacturation de la commande, service client désastreux.",6/25/2025 15:16,,élevé,Résolu,6/27/2025 12:16,MOD-11,REF-801995
48fc6bae-0f26-4626-805c-86954d086800,COM-28090,USR-6342,ProblèmePaiement,"Problème mineur avec le paiement, veuillez vérifier.",8/19/2024 15:16,,moyen,Résolu,8/19/2024 17:16,MOD-5,REF-440878
1051da93-ef27-441c-a9a4-cd0b39310822,COM-99833,USR-6852,ProblèmePaiement,"Erreur de facturation pour sauce, très frustrant.",2/8/2025 15:16,,moyen,Ouvert,,,REF-958340
5e6d2663-cc8b-433a-9f34-b597a1e46f97,COM-16084,USR-2568,ArticleManquant,"Commande incomplète, pâtes non livré.",8/21/2024 15:16,image_4703.jpg,faible,Résolu,8/21/2024 22:16,MOD-5,REF-757896
bae9002e-0006-4e5d-b448-9f5dc8f274be,COM-56752,USR-5526,ArticleManquant,"Commande incomplète, frites non livré.",2/24/2025 15:16,,faible,Résolu,2/25/2025 7:16,MOD-19,REF-112486
982ce710-ac75-474b-a727-ca114786f2cb,COM-34706,USR-3968,NourritureEndommagée,"Commande endommagée, frites était légèrement moisi.",8/11/2024 15:16,,élevé,Ouvert,,,REF-442200
2228199f-937d-4ade-8e08-22f48e0ec8ce,COM-16367,USR-6067,ServiceClient,"Service client correct, mais pourrait être plus rapide.",2/7/2025 15:16,image_7600.jpg,moyen,Ouvert,,,REF-156384
93adf421-77a9-4ff4-868e-20055957df62,COM-24150,USR-3302,ServiceClient,"Réponse lente du service client, qualité médiocre.",7/1/2024 15:16,image_6048.jpg,moyen,Ouvert,,,REF-765988
e6b04652-ef17-4a27-bae4-ac0384580aee,COM-94675,USR-6057,NourritureEndommagée,"boisson était écrasé, qualité inacceptable.",3/11/2025 15:16,image_3135.jpg,élevé,Escaladé,,,REF-864535
7be8157d-e061-4528-91dd-60e6aa425122,COM-42048,USR-1480,ServiceClient,"Service client correct, mais pourrait être plus rapide.",4/1/2025 15:16,"image_5800.jpg,image_8005.jpg",moyen,Résolu,4/3/2025 0:16,MOD-12,REF-647196
a70789ec-18f3-4160-8c59-b60816c2c4b4,COM-73631,USR-2784,LivraisonRetard,"Commande arrivée après 2 heures, vraiment pas satisfait.",4/30/2025 15:16,"image_2302.jpg,image_1449.jpg",élevé,Résolu,5/2/2025 9:16,MOD-6,REF-732877
7fa30d00-9cfc-4ca7-b63c-d5dc5ff78fab,COM-94566,USR-1407,NourritureEndommagée,"La nourriture était froid, totalement immangeable.",10/7/2024 15:16,,élevé,Ouvert,,,REF-201998
6515c5d0-0084-4867-b524-9fcf49b40330,COM-74922,USR-6213,ProblèmePaiement,"Erreur de facturation pour pizza, très frustrant.",5/16/2025 15:16,,moyen,Escaladé,,,REF-509012
763d31d9-ff78-4501-8db0-cec4b183cfc3,COM-52974,USR-1270,ProblèmePaiement,"Surfacturation de la commande, service client désastreux.",12/27/2024 15:16,"image_5914.jpg,image_6336.jpg",élevé,Escaladé,,,REF-417002
994f1cb2-609b-4656-922a-169715d1c6e4,COM-63253,USR-5671,NourritureEndommagée,"La commande était moisi, très déçu.",3/24/2025 15:16,,élevé,Escaladé,,,REF-760029
29248b28-35b3-4391-8826-28f3499d0524,COM-85370,USR-2861,CommandeErronée,"Commande incorrecte, mais le goût de salade était acceptable.",8/27/2024 15:16,image_6414.jpg,moyen,Escaladé,,,REF-351398
37d73ea5-59ca-4a00-b110-27ac1387c663,COM-85631,USR-8682,ProblèmePaiement,"Problème de paiement, remboursement requis immédiatement.",6/23/2025 15:16,,élevé,Ouvert,,,REF-186450
99a598d3-2985-4ef2-9556-f82b18f3a9f3,COM-67058,USR-9131,ProblèmePaiement,"Problème de paiement, remboursement requis immédiatement.",8/26/2024 15:16,image_8992.jpg,élevé,Résolu,8/28/2024 3:16,MOD-4,REF-392731
26dbc1eb-40e2-48e6-aa75-c82298363243,COM-71258,USR-3793,CommandeErronée,"Commande erronée livrée, j'ai eu sandwich et non burger.",6/2/2025 15:16,,faible,Résolu,6/3/2025 5:16,MOD-9,REF-133001
1afc7234-3eab-4539-8766-b129ac19a525,COM-83588,USR-3041,ServiceClient,"Le service client n'a pas résolu mon problème, frustrant.",10/4/2024 15:16,"image_4470.jpg,image_1127.jpg",élevé,Escaladé,,,REF-120653
75dda218-e9d3-40b2-a3a9-729f53ceb88b,COM-76969,USR-6903,LivraisonRetard,"Petit retard de 1 heure, mais la nourriture était correcte.",5/10/2025 15:16,,moyen,Escaladé,,,REF-799007
638da071-cae4-490e-81ee-1906b329fd83,COM-74758,USR-7012,LivraisonRetard,"Livraison en retard de 3 heures, c'est gênant mais acceptable.",10/9/2024 15:16,,élevé,Ouvert,,,REF-946535
e599474f-049f-4027-b272-c60a66cc9cdb,COM-33303,USR-3569,ServiceClient,"Service client correct, mais pourrait être plus rapide.",9/15/2024 15:16,image_1767.jpg,moyen,Escaladé,,,REF-632971
60182bdc-3a1c-41d7-9213-243890a31417,COM-39808,USR-5281,ProblèmePaiement,"J'ai été facturé deux fois pour ma commande, c'est inacceptable !",4/16/2025 15:16,,élevé,Résolu,4/17/2025 21:16,MOD-18,REF-670517
d0a7c191-0a78-4e80-b3a4-d767cb1386e5,COM-51525,USR-4634,LivraisonRetard,"La commande a été livrée avec 2 heures de retard, la nourriture était froide.",3/21/2025 15:16,,élevé,Résolu,3/22/2025 14:16,MOD-20,REF-667073
66079f92-4bb2-4bb4-b4ae-8cf63bb79104,COM-97053,USR-8411,ArticleManquant,"Il manque dessert dans ma commande, très décevant.",8/1/2024 15:16,,moyen,Ouvert,,,REF-542464
0682460b-5f87-414a-8808-985eef832963,COM-86456,USR-1212,MauvaiseQualité,"burger était mal emballé, totalement dégoûtant !",3/12/2025 15:16,,élevé,Ouvert,,,REF-800447
ea45aef8-4a19-438e-8128-aed5d74d203f,COM-68517,USR-5255,LivraisonRetard,"Livraison retardée de 1 heure, totalement inacceptable !",2/18/2025 15:16,,moyen,Escaladé,,,REF-121143
262fa5eb-919e-4e8c-97bc-d31ae4ca2091,COM-14141,USR-1987,ArticleManquant,"Il manque sandwich dans ma commande, très décevant.",2/5/2025 15:16,,moyen,Résolu,2/6/2025 20:16,MOD-18,REF-121925
aa8c10ff-d59c-4620-b83f-754128bfde5d,COM-36950,USR-4166,ServiceClient,"Service client correct, mais pourrait être plus rapide.",9/8/2024 15:16,,moyen,Ouvert,,,REF-117390
0311680e-ac94-460b-88de-846f25d93521,COM-88318,USR-2465,NourritureEndommagée,"salade est arrivé sans goût, besoin d'un remplacement.",5/26/2025 15:16,,faible,Ouvert,,,REF-123667
10ffc6f3-0205-4fc0-8b28-e93f27e80cea,COM-43091,USR-6760,ServiceClient,"Mauvaise expérience avec le support, très décevant.",6/29/2025 15:16,,moyen,Escaladé,,,REF-398846
4e5367bb-12de-4459-8861-388364770a57,COM-99077,USR-9948,ServiceClient,"Petit souci avec le support, mais acceptable.",2/23/2025 15:16,image_1414.jpg,moyen,Ouvert,,,REF-977432
a788eb30-5c40-4bdd-ac95-f7f3ec9817c3,COM-99168,USR-4177,LivraisonRetard,"Petit retard de 1 heure, mais la nourriture était correcte.",6/9/2025 15:16,image_3627.jpg,élevé,Ouvert,,,REF-639898
33706298-a63e-4aa1-bb0c-f68c6aef8322,COM-27092,USR-9111,ProblèmePaiement,"J'ai été facturé deux fois pour ma commande, c'est inacceptable !",2/18/2025 15:16,image_3242.jpg,élevé,Résolu,2/20/2025 5:16,MOD-9,REF-479044
d4518a74-df40-45d5-b00c-27c1c716f242,COM-11954,USR-9443,ArticleManquant,"Pas de sushi, c'est inacceptable et frustrant !",4/19/2025 15:16,,moyen,Escaladé,,,REF-707471
c5fa4301-3660-4f30-8a40-25a84a1f9c6d,COM-31973,USR-9074,CommandeErronée,"Commande incorrecte, mais le goût de salade était acceptable.",7/6/2024 15:16,,faible,Ouvert,,,REF-837450
58d87343-69ce-4305-ad3f-ed4f956f1894,COM-29094,USR-6977,ProblèmePaiement,"Petite erreur de facturation, mais gênante.",12/20/2024 15:16,,moyen,Escaladé,,,REF-442880
27b024f4-bbb7-4ffe-b000-d06b1b0f4874,COM-86292,USR-1544,ArticleManquant,"Je n'ai pas reçu frites, besoin d'un remboursement.",12/21/2024 15:16,,faible,Ouvert,,,REF-122671
58469469-a8ef-4a8a-945a-691bfe89c401,COM-45848,USR-4835,ServiceClient,"Mauvaise expérience avec le support, très décevant.",11/21/2024 15:16,,moyen,Ouvert,,,REF-148516
f69adbc1-b038-46a6-b181-a757c96ae01d,COM-38851,USR-8851,ServiceClient,"Le service client n'a pas résolu mon problème, frustrant.",8/6/2024 15:16,"image_7951.jpg,image_5767.jpg",élevé,Résolu,8/8/2024 0:16,MOD-3,REF-618921
17125967-386b-401b-b6a0-b6e8ab0b1b62,COM-22136,USR-4780,ServiceClient,"Le service client n'a pas résolu mon problème, frustrant.",5/30/2025 15:16,,moyen,Escaladé,,,REF-828371
5cbfa858-af0c-410e-9dda-1094a4a9b341,COM-88695,USR-9486,NourritureEndommagée,"Tout était gâté, expérience catastrophique.",3/20/2025 15:16,image_5092.jpg,élevé,Résolu,3/22/2025 4:16,MOD-11,REF-492462
3e22b937-7853-4264-8f4b-a2b7d03d0cfe,COM-22356,USR-3104,NourritureEndommagée,"La commande était mal emballé, très déçu.",8/25/2024 15:16,,faible,Résolu,8/27/2024 7:16,MOD-9,REF-634408
30165d95-d1e7-4ea7-b27f-609a6f9b9fd6,COM-52754,USR-3463,CommandeErronée,"Petite erreur, j'ai reçu pizza au lieu de burger.",8/5/2024 15:16,,faible,Escaladé,,,REF-605737
69fd8873-fa3c-44cd-b333-7b75fee6d934,COM-70113,USR-9246,CommandeErronée,"Erreur sur ma commande : salade au lieu de burger, très agaçant.",10/16/2024 15:16,,moyen,Escaladé,,,REF-492355
67a5f53d-c7bb-4411-a7ef-cdedfefa23b2,COM-85756,USR-5519,CommandeErronée,"Commande erronée livrée, j'ai eu boisson et non boisson.",5/19/2025 15:16,"image_8048.jpg,image_8473.jpg",faible,Escaladé,,,REF-784952
930b7d8e-fb20-44fe-a946-a84c88fb219a,COM-31702,USR-6283,ProblèmePaiement,"Surfacturation de la commande, service client désastreux.",11/9/2024 15:16,image_4874.jpg,élevé,Résolu,11/11/2024 10:16,MOD-11,REF-134990
9a73584e-a135-408c-b70c-af29e95b6446,COM-49265,USR-3756,MauvaiseQualité,"sushi était mal emballé, totalement dégoûtant !",10/28/2024 15:16,,élevé,Escaladé,,,REF-918726
6ec4342f-a0cd-4912-bf79-bbce422a97d1,COM-27870,USR-2848,ArticleManquant,"Il manque sandwich dans ma commande, très décevant.",11/22/2024 15:16,"image_4747.jpg,image_8059.jpg",élevé,Ouvert,,,REF-533669
1ca30138-0e72-423d-8abd-602a6cbeba75,COM-19394,USR-9660,MauvaiseQualité,"Qualité médiocre de burger, très frustrant.",11/10/2024 15:16,,moyen,Ouvert,,,REF-331371
f9c7eaee-3308-4fda-b0bd-d1558cd6867d,COM-90382,USR-7658,ArticleManquant,"boisson manquant, veuillez résoudre immédiatement.",2/2/2025 15:16,,moyen,Escaladé,,,REF-844658
5ed3f516-e970-4d91-a488-1cae48b4b2b6,COM-61335,USR-5327,ArticleManquant,"Petit souci, il manquait sauce dans la commande.",4/4/2025 15:16,,faible,Résolu,4/6/2025 0:16,MOD-10,REF-740622
b75087af-2a88-465a-8e7b-f4547e3b76e8,COM-39007,USR-9463,LivraisonRetard,"J'ai attendu 2 heures pour ma commande, très frustrant.",10/15/2024 15:16,image_2474.jpg,élevé,Résolu,10/16/2024 5:16,MOD-6,REF-138208
a69118a8-9a7a-4fb5-a1e7-ba38e8761083,COM-84097,USR-2165,CommandeErronée,"Mauvais article livré, dessert à la place de pizza.",1/4/2025 15:16,image_2212.jpg,faible,Escaladé,,,REF-575898
eb7fe102-adea-48e8-a3be-b2d33e32ceb3,COM-27445,USR-7742,ServiceClient,"Mauvaise expérience avec le support, très décevant.",8/1/2024 15:16,,moyen,Escaladé,,,REF-699766
9f460f21-7fd7-4091-aef7-8a857a7718fc,COM-16705,USR-6798,ProblèmePaiement,"Surfacturation de la commande, service client désastreux.",9/9/2024 15:16,image_3844.jpg,élevé,Résolu,9/10/2024 15:16,MOD-17,REF-808656
6387f42b-cafa-4a68-ae13-0758df810e66,COM-51972,USR-5245,NourritureEndommagée,"La commande était gâté, très déçu.",1/24/2025 15:16,image_4086.jpg,élevé,Ouvert,,,REF-337536
b85e3081-f1ed-4d08-8fbf-62463829a456,COM-25394,USR-7497,ProblèmePaiement,"J'ai été facturé deux fois pour ma commande, c'est inacceptable !",4/8/2025 15:16,,élevé,Escaladé,,,REF-208197
6203c5eb-ce5b-4219-890c-cf040bf18f12,COM-94487,USR-8295,ServiceClient,"Service client correct, mais pourrait être plus rapide.",3/31/2025 15:16,"image_3333.jpg,image_6522.jpg",moyen,Résolu,4/1/2025 21:16,MOD-6,REF-145122
4eb40859-20d7-4c4d-b952-17465b3f7ad4,COM-56184,USR-7392,NourritureEndommagée,"frites est arrivé gâté, besoin d'un remplacement.",6/25/2025 15:16,,élevé,Ouvert,,,REF-629948
ba9678b9-200a-4f4a-9aec-49e40a9dd944,COM-38819,USR-1776,ArticleManquant,"Pas de frites, c'est inacceptable et frustrant !",5/22/2025 15:16,"image_2889.jpg,image_8645.jpg",élevé,Escaladé,,,REF-883681
67269354-a381-44b3-930c-890dc065e3da,COM-67378,USR-4957,ServiceClient,"Petit souci avec le support, mais acceptable.",2/23/2025 15:16,,faible,Ouvert,,,REF-361915
40404412-835e-40b4-b81d-82be82b6a67c,COM-89113,USR-5394,ProblèmePaiement,"Problème mineur avec le paiement, veuillez vérifier.",11/5/2024 15:16,,moyen,Résolu,11/7/2024 15:16,MOD-17,REF-242410
ca650238-25de-4761-ac1c-2e329ea1dacf,COM-54343,USR-8669,ServiceClient,"Mauvaise expérience avec le support, très décevant.",10/23/2024 15:16,image_2983.jpg,élevé,Ouvert,,,REF-931883
2b740c5b-b088-4b12-8da3-052dc13d4e00,COM-66293,USR-7202,ServiceClient,"Service client correct, mais pourrait être plus rapide.",10/17/2024 15:16,,faible,Résolu,10/19/2024 5:16,MOD-19,REF-750037
dd90b48c-69aa-4d90-8b39-b1ec72bfceff,COM-39985,USR-7387,CommandeErronée,J'ai reçu dessert au lieu de burger.,6/6/2025 15:16,,faible,Escaladé,,,REF-953894
a78a07c7-5c64-4cdb-9b4e-daaaeb3da064,COM-79191,USR-8013,NourritureEndommagée,"Tout était mal emballé, expérience catastrophique.",11/11/2024 15:16,image_6180.jpg,élevé,Résolu,11/12/2024 4:16,MOD-6,REF-291431
7de3d8e3-709b-4b25-bdba-b7b9ca8deb42,COM-74522,USR-1009,ServiceClient,"Le service client n'a pas résolu mon problème, frustrant.",8/22/2024 15:16,image_6492.jpg,élevé,Résolu,8/22/2024 23:16,MOD-3,REF-540435
6a7757fd-27d4-462b-a3df-875a856583d1,COM-32208,USR-6745,MauvaiseQualité,"La nourriture était mal emballé, pas à la hauteur.",6/5/2025 15:16,image_3814.jpg,faible,Résolu,6/6/2025 23:16,MOD-18,REF-147309
08cdcf2a-7d61-4896-8ae4-ce8760c7e1cc,COM-40670,USR-5365,NourritureEndommagée,"Commande endommagée, burger était légèrement écrasé.",4/22/2025 15:16,,faible,Résolu,4/23/2025 14:16,MOD-20,REF-671011
003f114f-9060-4b77-8996-4377299e819c,COM-54802,USR-9932,ProblèmePaiement,"Erreur de facturation pour pâtes, très frustrant.",4/27/2025 15:16,,moyen,Escaladé,,,REF-598048
b2350c93-5624-425e-bf06-12162987324d,COM-28611,USR-9939,MauvaiseQualité,"boisson n'était pas terrible, qualité moyenne.",7/16/2024 15:16,image_3160.jpg,moyen,Ouvert,,,REF-789414
c68ab874-1a35-4c4f-b59a-69aabd3c6fbb,COM-35681,USR-6838,ArticleManquant,"Petit souci, il manquait boisson dans la commande.",8/15/2024 15:16,image_7877.jpg,faible,Ouvert,,,REF-966391
cd2ceedf-2f30-47ff-bae0-68c811465d89,COM-33438,USR-3540,LivraisonRetard,"Commande arrivée après 2 heures, vraiment pas satisfait.",1/3/2025 15:16,image_4794.jpg,élevé,Ouvert,,,REF-302761
c7ed4816-a748-40dc-8e83-2adccb00acbf,COM-43265,USR-9039,ArticleManquant,"Il manque frites dans ma commande, très décevant.",6/24/2025 15:16,,moyen,Ouvert,,,REF-920761
dc6e6875-6a13-488a-bfc1-3f287cb90b15,COM-77285,USR-7606,CommandeErronée,"Commande erronée livrée, j'ai eu boisson et non salade.",4/3/2025 15:16,,faible,Ouvert,,,REF-417232
36b7ed38-d58c-41d3-be83-50af5dab7d45,COM-68286,USR-2962,LivraisonRetard,"J'ai attendu 2 heures pour ma commande, très frustrant.",12/24/2024 15:16,,élevé,Ouvert,,,REF-114650
473c6118-7627-4369-bb17-ec47f6df8aa0,COM-75690,USR-7621,MauvaiseQualité,"dessert avait un goût mal emballé, expérience horrible.",11/26/2024 15:16,,élevé,Résolu,11/27/2024 6:16,MOD-7,REF-216065
3f8904ec-88e3-4aec-b303-ebaa7e988a9d,COM-98640,USR-9174,MauvaiseQualité,"sauce avait un goût trempé, expérience horrible.",3/16/2025 15:16,,élevé,Résolu,3/18/2025 10:16,MOD-13,REF-689379
3f61f211-ce54-4bb1-9d45-79a9655aa231,COM-76231,USR-4600,ArticleManquant,"Manque frites, service médiocre.",1/18/2025 15:16,"image_7565.jpg,image_3260.jpg",moyen,Escaladé,,,REF-602054
3240508d-e248-4ef0-9f8f-85e085110757,COM-51456,USR-6505,ArticleManquant,"Petit souci, il manquait burger dans la commande.",10/15/2024 15:16,image_7253.jpg,faible,Résolu,10/16/2024 7:16,MOD-17,REF-386711
c8c3cd43-1a66-48a7-b8f3-17a32835dbf5,COM-48336,USR-8390,ServiceClient,"Réponse lente du service client, qualité médiocre.",9/29/2024 15:16,,faible,Résolu,9/29/2024 20:16,MOD-3,REF-415137
4e429fb9-7105-461b-9105-815d8b05f7b4,COM-76157,USR-8368,MauvaiseQualité,"pizza était froid, je ne commanderai plus.",10/1/2024 15:16,,faible,Escaladé,,,REF-408959
62ce66e9-e9ad-469e-9276-faebdfda9542,COM-90457,USR-2197,MauvaiseQualité,"frites était mal emballé, totalement dégoûtant !",9/30/2024 15:16,,élevé,Ouvert,,,REF-164182
2ce6bcb5-59bb-4fa7-bbb7-8c944d0ee44c,COM-71285,USR-7058,CommandeErronée,J'ai reçu salade au lieu de burger.,6/3/2025 15:16,image_1199.jpg,faible,Escaladé,,,REF-526838
c7dae675-fcce-47f9-9ce6-d927cac4bfed,COM-47008,USR-5484,MauvaiseQualité,"frites était trempé, totalement dégoûtant !",3/5/2025 15:16,,élevé,Ouvert,,,REF-231901
f9e1e1e3-aae3-423e-a011-72d3d35d60ee,COM-82521,USR-8668,ServiceClient,"Le service client n'a pas résolu mon problème, frustrant.",10/21/2024 15:16,,moyen,Ouvert,,,REF-242824
d3d6bd1f-09bd-44d8-a87e-cf1ee2bb6002,COM-28276,USR-3381,NourritureEndommagée,"pizza était écrasé, qualité inacceptable.",2/28/2025 15:16,"image_4191.jpg,image_6044.jpg",élevé,Ouvert,,,REF-757873
9d1bc665-19a7-4ef1-bd97-4aeb17efd2a3,COM-48181,USR-8180,ServiceClient,"Le service client n'a pas résolu mon problème, frustrant.",1/3/2025 15:16,,moyen,Résolu,1/4/2025 23:16,MOD-11,REF-307997
944f3c52-a401-4687-8e0e-5c041977607a,COM-43899,USR-7014,NourritureEndommagée,"salade était mal emballé, qualité inacceptable.",8/23/2024 15:16,,élevé,Ouvert,,,REF-952502
481d32ac-4138-4325-b3ae-6290d0430813,COM-30448,USR-1566,ServiceClient,"Petit souci avec le support, mais acceptable.",7/6/2024 15:16,"image_1995.jpg,image_8232.jpg",moyen,Ouvert,,,REF-296547
ec2eec18-47e8-4839-99c1-7483f84d6df9,COM-36131,USR-4727,ProblèmePaiement,"Erreur de facturation pour salade, très frustrant.",2/11/2025 15:16,image_2800.jpg,élevé,Ouvert,,,REF-288864
a18ae472-563d-457e-bf2e-7fa71f938590,COM-20441,USR-7424,LivraisonRetard,"Commande arrivée après 30 minutes, vraiment pas satisfait.",10/14/2024 15:16,,moyen,Ouvert,,,REF-551876
ef3dca52-a792-41bc-a82d-e486d1e0d2c8,COM-99415,USR-9425,ArticleManquant,"Manque pâtes, service médiocre.",7/16/2024 15:16,image_5340.jpg,moyen,Ouvert,,,REF-637920
fbf23f9f-4ae5-4bf6-8aa3-268b7bad96cf,COM-93972,USR-5511,ServiceClient,"Réponse lente du service client, qualité médiocre.",12/19/2024 15:16,,faible,Escaladé,,,REF-703152
1c5904fd-aaed-4524-a149-b85e6b10609a,COM-83730,USR-7540,LivraisonRetard,"Petit retard de 1 heure, mais la nourriture était correcte.",8/14/2024 15:16,image_1509.jpg,élevé,Escaladé,,,REF-765004
5a64f851-9107-45f7-9b19-09d0232b0f14,COM-51872,USR-5451,ProblèmePaiement,"Surfacturation de la commande, service client désastreux.",6/10/2025 15:16,,élevé,Résolu,6/11/2025 9:16,MOD-16,REF-980813
153a4166-08a9-4360-bcbb-76940a4407c1,COM-22349,USR-2319,ArticleManquant,"Petit souci, il manquait frites dans la commande.",6/3/2025 15:16,image_9333.jpg,faible,Résolu,6/4/2025 8:16,MOD-15,REF-777404
bd8cac2d-7985-4d8f-8574-5ebcf7d55662,COM-76381,USR-9907,ServiceClient,"Service client correct, mais pourrait être plus rapide.",8/14/2024 15:16,,faible,Ouvert,,,REF-528746
f03931d7-d25b-432b-870a-d3a93824ac89,COM-15301,USR-7721,LivraisonRetard,"La commande a été livrée avec 2 heures de retard, la nourriture était froide.",12/3/2024 15:16,,élevé,Escaladé,,,REF-146967
ff90178d-ed28-4fa0-b4c2-089229179800,COM-95602,USR-5048,ProblèmePaiement,"Problème de paiement, remboursement requis immédiatement.",10/7/2024 15:16,image_5269.jpg,élevé,Escaladé,,,REF-162357
3c1de739-ed88-4fb8-b6c7-9e7c2a4b6b4b,COM-90842,USR-9995,ProblèmePaiement,"Petite erreur de facturation, mais gênante.",5/21/2025 15:16,image_3607.jpg,élevé,Ouvert,,,REF-908372
5e18f2ad-c582-4ee1-98c8-5ab4ff913154,COM-30491,USR-7635,ProblèmePaiement,"Erreur de facturation pour frites, très frustrant.",1/31/2025 15:16,image_4676.jpg,élevé,Ouvert,,,REF-228735
6c466ac9-bb85-4d8c-86fb-52fcf9dda7cc,COM-99567,USR-5876,LivraisonRetard,"J'ai attendu 1 heure pour ma commande, très frustrant.",8/22/2024 15:16,image_1544.jpg,élevé,Ouvert,,,REF-103307
6ccbba8c-09cc-43f7-b8b4-ba1f09abf4f6,COM-17654,USR-2546,NourritureEndommagée,"Tout était gâté, expérience catastrophique.",5/13/2025 15:16,"image_9886.jpg,image_3088.jpg",élevé,Escaladé,,,REF-412462
4b7ba499-a4ad-4868-8b67-0a1ab34b7597,COM-97372,USR-5378,CommandeErronée,"Commande incorrecte, mais le goût de boisson était acceptable.",8/28/2024 15:16,,faible,Résolu,8/28/2024 21:16,MOD-13,REF-927698
08f7e9da-fc88-4d79-af49-4cb06a99464d,COM-17666,USR-2802,LivraisonRetard,"La nourriture est arrivée avec 3 heures de retard, service décevant.",6/12/2025 15:16,image_9779.jpg,élevé,Escaladé,,,REF-232205
9f6274a4-d6ba-4c3d-85d0-8725ebbba8e3,COM-23725,USR-7507,LivraisonRetard,"Livraison retardée de 2 heures, totalement inacceptable !",4/21/2025 15:16,,élevé,Escaladé,,,REF-335915
ba5e3422-bf8a-4cee-9f63-fb20814df1a8,COM-76509,USR-8787,ProblèmePaiement,"Problème de paiement, remboursement requis immédiatement.",2/26/2025 15:16,image_8858.jpg,élevé,Résolu,2/27/2025 21:16,MOD-15,REF-655463
b74baf9d-6958-40e0-a284-0cd720124050,COM-51679,USR-5059,LivraisonRetard,"La nourriture est arrivée avec 2 heures de retard, service décevant.",6/19/2025 15:16,,élevé,Escaladé,,,REF-426593
edca162a-2296-440f-8106-f777cea65531,COM-92468,USR-2814,MauvaiseQualité,"dessert avait un goût écrasé, expérience horrible.",9/28/2024 15:16,,élevé,Ouvert,,,REF-434455
92a68ee9-a48b-41fd-bd96-1944a1be8447,COM-22694,USR-3790,MauvaiseQualité,"pâtes était écrasé, totalement dégoûtant !",11/12/2024 15:16,,élevé,Résolu,11/14/2024 3:16,MOD-20,REF-970435
9e502ed8-7771-405a-9f94-f0a3e5680150,COM-80143,USR-3706,MauvaiseQualité,"sauce avait un goût froid, expérience horrible.",11/7/2024 15:16,,élevé,Escaladé,,,REF-326665
32259393-657c-442c-a710-eec2bcb4f2c4,COM-91441,USR-8044,ProblèmePaiement,"Problème de paiement, remboursement requis immédiatement.",4/4/2025 15:16,"image_7826.jpg,image_3281.jpg",élevé,Ouvert,,,REF-854580
1428d628-dda9-4c0b-b1c4-cf43174148e3,COM-85847,USR-5163,NourritureEndommagée,"frites était un peu écrasé, mais mangeable.",4/3/2025 15:16,"image_9205.jpg,image_5563.jpg",faible,Résolu,4/3/2025 16:16,MOD-1,REF-501947
423ee12e-dca9-4524-9603-74ffd5f944b2,COM-63649,USR-7981,ServiceClient,"Service client correct, mais pourrait être plus rapide.",8/1/2024 15:16,,faible,Ouvert,,,REF-460953
f5287565-7bfd-400c-aa21-dd11ca1709a8,COM-23662,USR-5268,LivraisonRetard,"Commande arrivée après 90 minutes, vraiment pas satisfait.",4/3/2025 15:16,,moyen,Ouvert,,,REF-909674
ba6d5401-aa09-43ec-a41e-abe755e6b219,COM-29879,USR-1955,ArticleManquant,Pourriez-vous vérifier pourquoi dessert n'était pas inclus ?,4/8/2025 15:16,,faible,Résolu,4/9/2025 8:16,MOD-9,REF-634213
7c1e9469-e210-4072-985e-6117efba5658,COM-56988,USR-9899,ProblèmePaiement,"Surfacturation de la commande, service client désastreux.",12/2/2024 15:16,,élevé,Escaladé,,,REF-801058
29370705-7a86-4014-a08e-7b5c0534d9b1,COM-24490,USR-8260,LivraisonRetard,"La commande a été livrée avec 2 heures de retard, la nourriture était froide.",7/7/2024 15:16,,élevé,Résolu,7/9/2024 7:16,MOD-6,REF-612377
a6feb0d3-7fc3-495d-a616-ee12f7210c4d,COM-49460,USR-6931,CommandeErronée,"Mauvais article livré, dessert à la place de sandwich.",6/23/2025 15:16,image_6747.jpg,faible,Escaladé,,,REF-134720
d68ade9b-aa99-4804-a687-46faae7dfc04,COM-24124,USR-5740,ServiceClient,"Petit souci avec le support, mais acceptable.",5/25/2025 15:16,,faible,Ouvert,,,REF-800003
48ca7852-12b9-454b-93d6-c2cb5cfc3e00,COM-72211,USR-9319,MauvaiseQualité,"Très mauvaise qualité de sandwich, immangeable.",8/15/2024 15:16,image_4188.jpg,élevé,Résolu,8/16/2024 2:16,MOD-14,REF-417552
66319d25-703f-464a-91ad-987cbc29216d,COM-89579,USR-6614,LivraisonRetard,"La nourriture est arrivée avec 30 minutes de retard, service décevant.",12/21/2024 15:16,,moyen,Résolu,12/21/2024 21:16,MOD-5,REF-489310
c828f27c-c075-480c-9e2f-81c766fccada,COM-92002,USR-4700,ServiceClient,"Service client correct, mais pourrait être plus rapide.",2/5/2025 15:16,,faible,Résolu,2/7/2025 14:16,MOD-17,REF-212773
8753845b-5748-4ed3-b91c-fd26a1f20384,COM-44223,USR-4714,ProblèmePaiement,"Erreur de facturation pour sandwich, très frustrant.",6/2/2025 15:16,"image_6255.jpg,image_2602.jpg",élevé,Escaladé,,,REF-268357
66dcd7d3-46ee-43ab-b758-34aeeef307d9,COM-10574,USR-8997,MauvaiseQualité,"La nourriture était sans goût, pas à la hauteur.",9/4/2024 15:16,,faible,Ouvert,,,REF-743778
61f9774a-761c-45e6-b5fd-2542ebe37033,COM-17794,USR-2038,CommandeErronée,"Livré boisson, mais je voulais pâtes, c'est inacceptable.",6/16/2025 15:16,,faible,Escaladé,,,REF-127265
ac57b321-b49c-420c-894f-323fd28efa7e,COM-99070,USR-7496,NourritureEndommagée,"Tout était écrasé, expérience catastrophique.",4/24/2025 15:16,,élevé,Escaladé,,,REF-788065
6667e4a2-1d35-40e7-85ae-38455eec2029,COM-98723,USR-9783,LivraisonRetard,"J'ai attendu 30 minutes pour ma commande, très frustrant.",6/17/2025 15:16,image_8219.jpg,élevé,Ouvert,,,REF-562098
423380b3-1fa9-47b0-87c4-7ba98981c1d5,COM-66206,USR-4586,ServiceClient,"Réponse lente du service client, qualité médiocre.",11/21/2024 15:16,,faible,Résolu,11/22/2024 18:16,MOD-13,REF-465272
8955ad2a-0af8-46f2-9eb9-4e9566aa4669,COM-49052,USR-4506,CommandeErronée,"J'ai commandé burger, mais j'ai reçu dessert.",10/5/2024 15:16,image_9882.jpg,faible,Résolu,10/6/2024 19:16,MOD-6,REF-715044
ecf99684-08e3-4ff3-90b6-e8173f18b52b,COM-55145,USR-8255,CommandeErronée,"Erreur sur ma commande : salade au lieu de pizza, très agaçant.",8/18/2024 15:16,,moyen,Escaladé,,,REF-160571
a06ad456-df4c-405e-8c05-f6f149cce37e,COM-36387,USR-6764,ProblèmePaiement,"J'ai été facturé deux fois pour ma commande, c'est inacceptable !",4/18/2025 15:16,,élevé,Résolu,4/20/2025 1:16,MOD-6,REF-931707
c021a943-8833-4375-a1f0-f970f15ec8b4,COM-84976,USR-8478,MauvaiseQualité,"burger n'était pas terrible, qualité moyenne.",2/1/2025 15:16,image_8991.jpg,moyen,Ouvert,,,REF-533960
7a70dbd7-f6fa-42f3-a403-15d0c6117a95,COM-14397,USR-4541,ProblèmePaiement,"Problème de paiement, remboursement requis immédiatement.",10/11/2024 15:16,,élevé,Ouvert,,,REF-526687
cdf72f8d-d25a-4782-abbb-b802011462e4,COM-22632,USR-7738,NourritureEndommagée,"La commande était mal emballé, très déçu.",11/17/2024 15:16,,faible,Résolu,11/19/2024 12:16,MOD-17,REF-842298
7751e4f6-09e6-4899-816f-050ea0fa2fec,COM-17766,USR-7881,CommandeErronée,"Petite erreur, j'ai reçu dessert au lieu de dessert.",9/18/2024 15:16,,faible,Escaladé,,,REF-496415
8c8ad0c7-9077-4f36-bfa3-5fa34c2f0966,COM-87330,USR-7144,CommandeErronée,"Livré salade, mais je voulais boisson, c'est inacceptable.",4/17/2025 15:16,image_5366.jpg,moyen,Escaladé,,,REF-710704
8cb2c799-d383-4327-a36b-0aabc645f211,COM-49061,USR-6774,ProblèmePaiement,"Problème de paiement, remboursement requis immédiatement.",6/17/2025 15:16,,élevé,Résolu,6/19/2025 6:16,MOD-19,REF-788998
7f204da6-a7e7-4554-8ece-05f57457e9f6,COM-53187,USR-9388,NourritureEndommagée,"burger est arrivé brûlé, besoin d'un remplacement.",2/22/2025 15:16,image_4086.jpg,faible,Escaladé,,,REF-289318
5519f4e2-a311-409a-b14a-cf9df2d3db09,COM-91706,USR-5447,ProblèmePaiement,"Problème mineur avec le paiement, veuillez vérifier.",11/5/2024 15:16,,moyen,Escaladé,,,REF-862938
889e4dea-7960-4359-ad0e-b4ef9cbb2d9c,COM-56192,USR-6349,CommandeErronée,"Petite erreur, j'ai reçu frites au lieu de sandwich.",5/14/2025 15:16,,faible,Ouvert,,,REF-581010
899558da-5673-4398-bb18-5d8abac1924e,COM-79981,USR-2687,ServiceClient,"Le service client n'a pas résolu mon problème, frustrant.",7/8/2024 15:16,,moyen,Escaladé,,,REF-764773
96ccd5ef-84dc-40f3-a109-b7300cb5b855,COM-18567,USR-8177,ArticleManquant,"Il manque sandwich dans ma commande, très décevant.",4/2/2025 15:16,image_7889.jpg,élevé,Escaladé,,,REF-695576
bb9f4364-ba78-46c7-a9a3-a9a1850f1160,COM-78967,USR-5785,LivraisonRetard,"Commande arrivée après 2 heures, vraiment pas satisfait.",2/19/2025 15:16,,élevé,Résolu,2/20/2025 22:16,MOD-5,REF-159876
d321a4be-c18d-4795-ae39-7aefb4b32338,COM-19462,USR-4917,LivraisonRetard,"La nourriture est arrivée avec 30 minutes de retard, service décevant.",11/29/2024 15:16,,moyen,Escaladé,,,REF-321332
fd97674e-97f5-45d3-b1ab-46583005222d,COM-97366,USR-8277,ProblèmePaiement,"Surfacturation de la commande, service client désastreux.",2/21/2025 15:16,,élevé,Résolu,2/22/2025 0:16,MOD-17,REF-459726
0597c0b4-d994-45db-bbfa-0f35ae567486,COM-27608,USR-4167,ProblèmePaiement,"Erreur de facturation pour burger, très frustrant.",4/15/2025 15:16,,moyen,Escaladé,,,REF-981897
1ac4aa3e-3085-424b-a4fa-3a29c60a3bbf,COM-80208,USR-6475,CommandeErronée,"Petite erreur, j'ai reçu burger au lieu de pizza.",5/27/2025 15:16,,faible,Ouvert,,,REF-887864
2c5e01cc-6062-4d54-8613-911dda6a3a86,COM-63983,USR-1965,NourritureEndommagée,"sushi était un peu mal emballé, mais mangeable.",12/24/2024 15:16,,faible,Ouvert,,,REF-734490
dc1b8d31-5ead-42c4-9f44-dd65cd37ea30,COM-31103,USR-9831,MauvaiseQualité,"Très mauvaise qualité de sushi, immangeable.",3/25/2025 15:16,image_8421.jpg,élevé,Résolu,3/26/2025 5:16,MOD-17,REF-441694
9b189a79-01bc-4809-9fe8-45cac9bbde07,COM-58897,USR-9048,CommandeErronée,"Livré frites, mais je voulais sushi, c'est inacceptable.",5/14/2025 15:16,image_7300.jpg,moyen,Ouvert,,,REF-276593
83df6098-a661-402f-b8f6-4fb7ae358fb6,COM-45614,USR-3166,NourritureEndommagée,"Tout était sans goût, expérience catastrophique.",2/3/2025 15:16,image_2391.jpg,élevé,Résolu,2/4/2025 12:16,MOD-14,REF-910206
beff575d-bb6e-41ec-b953-21c9d4b93783,COM-49032,USR-6856,ArticleManquant,Pourriez-vous vérifier pourquoi pâtes n'était pas inclus ?,1/7/2025 15:16,,faible,Résolu,1/9/2025 15:16,MOD-6,REF-757631
50e8f286-661c-410e-9a08-5d7e2e05d525,COM-97346,USR-3818,LivraisonRetard,"La commande a été livrée avec 1 heure de retard, la nourriture était froide.",7/22/2024 15:16,image_2650.jpg,élevé,Ouvert,,,REF-587617
ea870cad-1d80-43c9-9ca1-64a038e542c8,COM-74993,USR-2880,NourritureEndommagée,"pizza est arrivé mal emballé, besoin d'un remplacement.",1/22/2025 15:16,,faible,Résolu,1/22/2025 18:16,MOD-18,REF-167719
7a4a4fa0-aa38-46e5-b75a-c455af6e9c37,COM-16244,USR-1513,LivraisonRetard,"Petit retard de 30 minutes, mais la nourriture était correcte.",10/19/2024 15:16,,faible,Ouvert,,,REF-802783
913b61b5-fbbb-4622-9372-3bed96b4ee80,COM-52807,USR-4724,ProblèmePaiement,"Erreur de facturation pour sandwich, très frustrant.",7/26/2024 15:16,,moyen,Ouvert,,,REF-259188
31a97485-2a78-4be1-9b6b-59ca4f9558d8,COM-47118,USR-8157,NourritureEndommagée,"sushi livré trempé, c'est scandaleux et dangereux !",11/12/2024 15:16,,élevé,Escaladé,,,REF-147547
aaa76830-04b5-44a9-ac44-5538aec105c9,COM-76097,USR-4356,CommandeErronée,"Petite erreur, j'ai reçu salade au lieu de boisson.",2/14/2025 15:16,image_6937.jpg,faible,Résolu,2/14/2025 22:16,MOD-7,REF-737147
d538e30e-eac8-4924-92f1-a63cd428958f,COM-51691,USR-1559,ServiceClient,"Le service client n'a pas résolu mon problème, frustrant.",5/12/2025 15:16,image_6973.jpg,élevé,Escaladé,,,REF-850092
1eb2d08f-aef5-47ed-b2cb-ef71a5eef6fb,COM-11533,USR-6688,ProblèmePaiement,"Erreur de facturation pour pizza, très frustrant.",3/11/2025 15:16,,moyen,Ouvert,,,REF-553596
16a0576d-9501-45ce-8169-b255fdb04749,COM-55795,USR-9797,MauvaiseQualité,"boisson était froid, je ne commanderai plus.",12/26/2024 15:16,,faible,Escaladé,,,REF-986142
67a18816-090a-43a6-9cae-592216ea0557,COM-96394,USR-3347,ArticleManquant,"Je n'ai pas reçu pâtes, besoin d'un remboursement.",6/30/2025 15:16,,faible,Résolu,7/1/2025 20:16,MOD-20,REF-662446
928a5e8d-7739-4d4f-b89c-3d0bdd01d12c,COM-77561,USR-6997,ArticleManquant,"Je n'ai pas reçu boisson, besoin d'un remboursement.",12/20/2024 15:16,,faible,Résolu,12/21/2024 0:16,MOD-1,REF-952005
51df5cd4-ea7b-49d7-97d7-9450e8eea830,COM-34107,USR-9230,ServiceClient,"Réponse lente du service client, qualité médiocre.",8/9/2024 15:16,image_4599.jpg,moyen,Ouvert,,,REF-235219
8058159e-6df4-46f3-acab-a9e18603574c,COM-79785,USR-4721,MauvaiseQualité,"Le goût de dessert était un peu trempé, mais acceptable.",7/10/2024 15:16,,faible,Escaladé,,,REF-384761
7d0b184a-042b-45ee-9db7-f8bea375f93d,COM-87488,USR-6340,ServiceClient,"Le service client n'a pas résolu mon problème, frustrant.",1/10/2025 15:16,,moyen,Escaladé,,,REF-804252
89279f87-2321-482e-b04d-2f2488c1ecd2,COM-58304,USR-1642,NourritureEndommagée,"Commande endommagée, pâtes était légèrement brûlé.",6/21/2025 15:16,,faible,Escaladé,,,REF-260777
af8c2920-b73a-40bb-8d69-45f0824ded48,COM-86116,USR-2079,ServiceClient,"Service client injoignable, c'est insupportable !",12/26/2024 15:16,,élevé,Escaladé,,,REF-729202
b194fdbc-9ff4-43ce-b8c3-a67c7d8abfd4,COM-95249,USR-8991,CommandeErronée,"Commande incorrecte, mais le goût de boisson était acceptable.",1/3/2025 15:16,,faible,Résolu,1/4/2025 18:16,MOD-14,REF-787733
2c52747b-6a46-4655-bbe9-adf94fa7e688,COM-40192,USR-8049,LivraisonRetard,"Retard de 90 minutes, c'est scandaleux et dérangeant !",6/16/2025 15:16,image_3891.jpg,élevé,Résolu,6/18/2025 9:16,MOD-15,REF-323541
3aff8ce6-911d-41fe-b8df-8409a6f2d1f9,COM-33934,USR-9609,ServiceClient,"Mauvaise expérience avec le support, très décevant.",4/13/2025 15:16,,moyen,Ouvert,,,REF-339522
4a6ff41f-d024-4762-bdd8-d53adaa13851,COM-55432,USR-5453,NourritureEndommagée,"sandwich était un peu moisi, mais mangeable.",9/8/2024 15:16,,élevé,Ouvert,,,REF-995808
f225dd08-85b0-498c-8b45-87882c0b05b3,COM-43334,USR-2990,NourritureEndommagée,"La commande était brûlé, très déçu.",10/4/2024 15:16,,faible,Ouvert,,,REF-229274
9f3a6709-27d4-41de-8aae-e771b5941119,COM-83485,USR-8446,NourritureEndommagée,"La commande était mal emballé, très déçu.",11/29/2024 15:16,,faible,Escaladé,,,REF-844947
05e8af1e-6ee1-4a17-837e-596a0df0ebfa,COM-18370,USR-7733,MauvaiseQualité,"dessert n'était pas terrible, qualité moyenne.",11/24/2024 15:16,image_8587.jpg,moyen,Ouvert,,,REF-582867
6bcb20f0-4f9d-484a-852d-cbff48250a60,COM-56303,USR-3057,NourritureEndommagée,"Commande endommagée, frites était légèrement moisi.",7/17/2024 15:16,image_1450.jpg,élevé,Escaladé,,,REF-107895
7800e6e0-defd-4bb1-bfbb-dc28916043e3,COM-79351,USR-5844,ProblèmePaiement,"Problème de paiement, remboursement requis immédiatement.",12/3/2024 15:16,,élevé,Résolu,12/5/2024 5:16,MOD-13,REF-885094
74d42d26-7577-4f37-b780-dcbe0eeb8d0e,COM-41434,USR-4778,ArticleManquant,"Il manque boisson dans ma commande, très décevant.",3/23/2025 15:16,,moyen,Escaladé,,,REF-413368
c20d8393-f5d0-4651-880c-756c39eb8eeb,COM-13374,USR-5893,CommandeErronée,"Mauvais article livré, salade à la place de sandwich.",11/14/2024 15:16,,faible,Escaladé,,,REF-570720
ad52b8e7-2637-4945-8354-b31c7b3c9ce6,COM-10202,USR-9205,CommandeErronée,"Erreur sur ma commande : pizza au lieu de boisson, très agaçant.",2/20/2025 15:16,,moyen,Ouvert,,,REF-380472
e96ccc53-84f4-4912-b505-7638bb35cdc2,COM-18219,USR-2735,NourritureEndommagée,"dessert livré froid, c'est scandaleux et dangereux !",11/4/2024 15:16,"image_4716.jpg,image_6631.jpg",élevé,Ouvert,,,REF-290492
76971d12-b48e-46f9-88bc-08555ca03507,COM-58749,USR-8939,ArticleManquant,"Petit souci, il manquait burger dans la commande.",9/29/2024 15:16,,faible,Ouvert,,,REF-972543
d6b5da48-6d1e-4d02-95e7-e920238659d0,COM-57543,USR-9077,LivraisonRetard,"Livraison en retard de 30 minutes, c'est gênant mais acceptable.",6/10/2025 15:16,"image_1984.jpg,image_4840.jpg",élevé,Escaladé,,,REF-125646
6a7b43e6-06f5-4f92-8020-25fa184704dd,COM-44527,USR-2273,NourritureEndommagée,"La commande était froid, très déçu.",6/3/2025 15:16,,faible,Ouvert,,,REF-252639
d53c4eea-0df0-407d-b658-0bdc93ac7d44,COM-66341,USR-2070,ServiceClient,"Réponse lente du service client, qualité médiocre.",9/28/2024 15:16,,faible,Ouvert,,,REF-634430
d8d14f31-64c9-4209-82b5-4c250c866ea5,COM-89098,USR-9320,LivraisonRetard,"Retard de 1 heure, c'est scandaleux et dérangeant !",12/22/2024 15:16,,moyen,Résolu,12/22/2024 18:16,MOD-19,REF-270663
03770806-fb89-47a3-9adc-1e357f1f836e,COM-17153,USR-3341,MauvaiseQualité,"sushi était écrasé, totalement dégoûtant !",6/1/2025 15:16,,élevé,Ouvert,,,REF-576722
8681f5cd-ea1c-436a-ab40-b1c46bc50d1e,COM-80342,USR-1934,ServiceClient,"Service client correct, mais pourrait être plus rapide.",11/9/2024 15:16,,faible,Résolu,11/10/2024 12:16,MOD-2,REF-435167
46cfc1d8-dea5-4ba1-adea-d13ace5c2f08,COM-84142,USR-7222,ProblèmePaiement,"Petite erreur de facturation, mais gênante.",11/2/2024 15:16,,moyen,Ouvert,,,REF-186273
e79a4f1d-d819-4940-8238-58dc31f4c225,COM-85186,USR-6897,NourritureEndommagée,"La commande était trempé, très déçu.",5/19/2025 15:16,,faible,Résolu,5/21/2025 0:16,MOD-11,REF-430005
6163fe99-3d58-4ad6-9bce-82c74aa6e0f8,COM-18914,USR-4984,ProblèmePaiement,"Surfacturation de la commande, service client désastreux.",2/21/2025 15:16,,élevé,Escaladé,,,REF-555948
2ad8856f-21e8-4985-bd64-7b89cd35e419,COM-25789,USR-5651,ServiceClient,"Mauvaise expérience avec le support, très décevant.",7/19/2024 15:16,image_6076.jpg,élevé,Ouvert,,,REF-426110
5798c356-f168-4ae3-b589-18fefc9d5317,COM-32100,USR-4980,NourritureEndommagée,"La nourriture était moisi, totalement immangeable.",8/10/2024 15:16,,élevé,Résolu,8/10/2024 17:16,MOD-12,REF-862652
9fc8749b-f385-4b40-b246-6e444d0c92bb,COM-82184,USR-7868,ServiceClient,"Mauvaise expérience avec le support, très décevant.",4/18/2025 15:16,"image_1042.jpg,image_4291.jpg",élevé,Résolu,4/18/2025 23:16,MOD-6,REF-375303
afdee5a9-5dcd-47dc-9a34-044b0ae311de,COM-63016,USR-1093,MauvaiseQualité,"salade avait un goût moisi, expérience horrible.",6/8/2025 15:16,,élevé,Escaladé,,,REF-755553
c342fe02-8123-45f4-ac09-11b9a1f16b3f,COM-91805,USR-4301,CommandeErronée,"Mauvais article livré, burger à la place de salade.",7/23/2024 15:16,image_1062.jpg,faible,Escaladé,,,REF-640512
6e04f7c7-29f3-456b-9f25-49e482376e20,COM-65160,USR-7760,ArticleManquant,"Manque pâtes, service médiocre.",5/6/2025 15:16,"image_2067.jpg,image_8434.jpg",moyen,Ouvert,,,REF-975105
d221edc1-7cc3-41c8-9213-c8752ce77a7d,COM-85473,USR-8302,ServiceClient,"Mauvaise expérience avec le support, très décevant.",9/1/2024 15:16,,moyen,Résolu,9/2/2024 5:16,MOD-16,REF-250454
5ae053e8-7967-43ee-9f76-5cd82b9dcfe4,COM-92712,USR-4166,MauvaiseQualité,"salade n'était pas terrible, qualité moyenne.",5/8/2025 15:16,,moyen,Résolu,5/9/2025 9:16,MOD-10,REF-721105
4852eb76-854c-4bea-a582-fd20a5e7fe33,COM-78376,USR-7759,LivraisonRetard,"La commande a été livrée avec 1 heure de retard, la nourriture était froide.",8/29/2024 15:16,,moyen,Ouvert,,,REF-335844
935417e5-d9e3-40b5-b690-07602626fff3,COM-37229,USR-3629,LivraisonRetard,"Retard de 90 minutes, c'est scandaleux et dérangeant !",3/20/2025 15:16,,moyen,Escaladé,,,REF-940391
063ebbff-6828-46d0-b01c-3a759af59a32,COM-22576,USR-2034,ArticleManquant,"Pas de frites, c'est inacceptable et frustrant !",7/2/2024 15:16,image_2513.jpg,élevé,Résolu,7/2/2024 16:16,MOD-7,REF-161864
e4234640-975f-4366-9ab9-e17593f87dc5,COM-24283,USR-8450,ArticleManquant,"Pas de salade, c'est inacceptable et frustrant !",10/6/2024 15:16,,moyen,Résolu,10/8/2024 9:16,MOD-10,REF-263239
f83bc70f-8996-4f5e-a352-01d7450a3281,COM-95384,USR-8775,LivraisonRetard,"Livraison retardée de 1 heure, totalement inacceptable !",7/4/2024 15:16,,moyen,Résolu,7/6/2024 11:16,MOD-12,REF-612389
79d89f05-45f3-4df3-9fd0-02b943dbf491,COM-42872,USR-4588,MauvaiseQualité,"salade avait un goût gâté, expérience horrible.",12/10/2024 15:16,image_4311.jpg,élevé,Résolu,12/11/2024 20:16,MOD-19,REF-382995
ee6ff619-c749-4b9e-8919-7486b6ee44b6,COM-78856,USR-6380,ArticleManquant,"Il manque sauce dans ma commande, très décevant.",8/9/2024 15:16,,moyen,Escaladé,,,REF-356924
cb4f835d-cfda-4f06-9b0b-aaeecd79e0a0,COM-28922,USR-9958,MauvaiseQualité,"La nourriture était moisi, pas à la hauteur.",4/2/2025 15:16,"image_4760.jpg,image_9000.jpg",élevé,Escaladé,,,REF-598106
98fa54ba-cfb3-439d-8d69-975b3b47b190,COM-21849,USR-1787,ArticleManquant,"Il manque burger dans ma commande, très décevant.",8/14/2024 15:16,,moyen,Escaladé,,,REF-734459
4aad6480-e20b-49a9-8bce-5ce9884f8ab2,COM-52113,USR-5593,ServiceClient,"Service client injoignable, c'est insupportable !",1/2/2025 15:16,image_4171.jpg,élevé,Résolu,1/2/2025 18:16,MOD-6,REF-905281
efc2baac-02c5-4f89-9ea2-f77adef8a100,COM-93996,USR-8688,MauvaiseQualité,"La nourriture était brûlé, pas à la hauteur.",6/3/2025 15:16,image_1889.jpg,faible,Ouvert,,,REF-192181
2fc49e31-db00-45cf-91f2-c22b062c703f,COM-91296,USR-8726,NourritureEndommagée,"La nourriture était trempé, totalement immangeable.",11/26/2024 15:16,image_4818.jpg,élevé,Escaladé,,,REF-955160
60f622fb-7161-4391-b4c7-deb66394b94b,COM-67116,USR-2957,MauvaiseQualité,"sandwich n'était pas terrible, qualité moyenne.",1/18/2025 15:16,,faible,Résolu,1/19/2025 11:16,MOD-1,REF-462063
66e88855-d479-4853-abbe-7f5e24562b0b,COM-50529,USR-4150,MauvaiseQualité,"frites avait un goût brûlé, expérience horrible.",11/2/2024 15:16,,élevé,Ouvert,,,REF-148370
8a1021a9-3fd9-4ac5-95b2-a2dfb962d219,COM-95644,USR-1348,CommandeErronée,"Erreur sur ma commande : sauce au lieu de dessert, très agaçant.",5/31/2025 15:16,"image_6222.jpg,image_6114.jpg",élevé,Escaladé,,,REF-470791
ffad9da1-229d-4a20-903e-fa9a07eafe5d,COM-47794,USR-6370,ArticleManquant,"Pas de pizza, c'est inacceptable et frustrant !",1/13/2025 15:16,image_5642.jpg,élevé,Ouvert,,,REF-524986
458076c8-22c3-42c8-8dba-01d3d9814992,COM-24613,USR-5302,MauvaiseQualité,"La nourriture était mal emballé, pas à la hauteur.",3/14/2025 15:16,,faible,Ouvert,,,REF-550645
24e90866-10a1-449d-bfee-42b3c096d537,COM-29587,USR-8272,ProblèmePaiement,"J'ai été facturé deux fois pour ma commande, c'est inacceptable !",10/28/2024 15:16,,élevé,Ouvert,,,REF-948333
9d1f8bd9-9fe2-4890-9e04-dde9df91550f,COM-95590,USR-3077,ProblèmePaiement,"Problème mineur avec le paiement, veuillez vérifier.",1/16/2025 15:16,"image_1331.jpg,image_5513.jpg",élevé,Résolu,1/18/2025 6:16,MOD-16,REF-324930
13ec3892-be5e-48df-82b9-f72650395860,COM-92767,USR-2459,ServiceClient,"Réponse lente du service client, qualité médiocre.",7/30/2024 15:16,,faible,Escaladé,,,REF-662092
41576ad7-9a66-4fe3-b0f9-d7a7740f2a82,COM-57676,USR-7280,LivraisonRetard,"Livraison retardée de 3 heures, totalement inacceptable !",3/11/2025 15:16,image_1333.jpg,élevé,Ouvert,,,REF-875163
069dbe76-cfcf-48fa-883f-afe38bfc04a3,COM-20032,USR-5800,LivraisonRetard,"La commande a été livrée avec 2 heures de retard, la nourriture était froide.",4/2/2025 15:16,,élevé,Escaladé,,,REF-668244
15160f54-3eb4-450a-b030-bf89e29568fd,COM-33528,USR-6375,ProblèmePaiement,"Petite erreur de facturation, mais gênante.",1/5/2025 15:16,image_2090.jpg,élevé,Ouvert,,,REF-168539
d0f40e29-7dbe-4486-97b3-a7704780940d,COM-58415,USR-2323,MauvaiseQualité,"sushi n'était pas terrible, qualité moyenne.",5/26/2025 15:16,,faible,Résolu,5/27/2025 2:16,MOD-6,REF-765489
cd74eb3b-f038-4ca2-8708-94fa96d5894d,COM-46057,USR-3948,MauvaiseQualité,"sauce était brûlé, totalement dégoûtant !",10/24/2024 15:16,,élevé,Ouvert,,,REF-362227
0786be74-4ebb-4a5b-affc-cac23e2d1df5,COM-65863,USR-1611,ServiceClient,"Le service client n'a pas résolu mon problème, frustrant.",7/6/2024 15:16,,moyen,Résolu,7/7/2024 13:16,MOD-4,REF-459087
ccd6bb7a-17c4-4a4b-9864-729eda9903cd,COM-41801,USR-6154,ServiceClient,"Mauvaise expérience avec le support, très décevant.",11/23/2024 15:16,,moyen,Ouvert,,,REF-845692
08636e55-bb8b-4e26-a58e-039fccf682b9,COM-83158,USR-3354,ArticleManquant,"Petit souci, il manquait dessert dans la commande.",12/24/2024 15:16,image_4453.jpg,faible,Escaladé,,,REF-195449
1de9b6d2-8018-44cd-a2ad-b024bb206c83,COM-51027,USR-6693,ServiceClient,"Le service client n'a pas résolu mon problème, frustrant.",3/24/2025 15:16,,moyen,Ouvert,,,REF-401385
61771081-5c90-4b07-8c73-5d96afc8d140,COM-75661,USR-3859,CommandeErronée,"Livré pâtes, mais je voulais dessert, c'est inacceptable.",2/5/2025 15:16,,faible,Ouvert,,,REF-157243
3e9b2d6e-b4bd-4a7b-9138-97b9af6f942d,COM-87723,USR-8798,LivraisonRetard,"Retard de 1 heure, c'est scandaleux et dérangeant !",12/29/2024 15:16,,moyen,Escaladé,,,REF-139548
3c3a2a69-91dd-4f0e-ac94-9a9545de62ac,COM-77566,USR-8544,ServiceClient,"Petit souci avec le support, mais acceptable.",9/23/2024 15:16,,faible,Résolu,9/24/2024 21:16,MOD-18,REF-153876
937d0e40-dbe1-4d2d-af00-ba0c844543a8,COM-39711,USR-9532,CommandeErronée,"Livré pâtes, mais je voulais sauce, c'est inacceptable.",5/17/2025 15:16,,faible,Escaladé,,,REF-260563
c9433f6c-b635-43e3-b739-0eb08c16b232,COM-29854,USR-3466,MauvaiseQualité,"La nourriture était froid, pas à la hauteur.",1/13/2025 15:16,image_5569.jpg,moyen,Résolu,1/15/2025 7:16,MOD-14,REF-115163
22c1945b-39a2-4229-9d2e-a548014f0a64,COM-47136,USR-9488,ArticleManquant,"burger manquant, veuillez résoudre immédiatement.",1/25/2025 15:16,,élevé,Ouvert,,,REF-292722
13fd3762-c97b-4f2b-958a-b17c48ffdb9b,COM-30615,USR-4062,NourritureEndommagée,"sandwich est arrivé brûlé, besoin d'un remplacement.",10/25/2024 15:16,,faible,Escaladé,,,REF-158959
5f087896-f9e4-4716-a0f3-7f877545be00,COM-25001,USR-5642,CommandeErronée,"Commande incorrecte, mais le goût de dessert était acceptable.",1/2/2025 15:16,image_8238.jpg,moyen,Ouvert,,,REF-644919
39c4d6b0-acd2-4888-806c-95a9405f0654,COM-75250,USR-6709,ProblèmePaiement,"J'ai été facturé deux fois pour ma commande, c'est inacceptable !",9/22/2024 15:16,image_2086.jpg,élevé,Résolu,9/24/2024 13:16,MOD-20,REF-105713
c59d7374-6885-4b76-b115-972971b0730b,COM-10085,USR-2224,ArticleManquant,"Manque burger, service médiocre.",1/14/2025 15:16,"image_6379.jpg,image_5534.jpg",moyen,Escaladé,,,REF-774328
48ee6a43-6a77-4206-a2c7-e9093a765873,COM-81017,USR-7164,MauvaiseQualité,"Le goût de frites était un peu écrasé, mais acceptable.",6/27/2025 15:16,,faible,Ouvert,,,REF-115135
dc7898d9-e345-4fef-b0b6-1f74dbcb2573,COM-16221,USR-7956,MauvaiseQualité,"Le goût de dessert était un peu sans goût, mais acceptable.",9/1/2024 15:16,,faible,Escaladé,,,REF-305165
8dc6cc1c-5aa2-4b9e-9e7a-5253daa44b47,COM-45580,USR-2106,NourritureEndommagée,"pizza était un peu mal emballé, mais mangeable.",12/16/2024 15:16,image_3877.jpg,faible,Ouvert,,,REF-503847
3f692abe-6cba-415b-bb61-693e81951d0e,COM-67286,USR-8112,CommandeErronée,"Mauvais article livré, sauce à la place de pâtes.",10/2/2024 15:16,image_5751.jpg,faible,Escaladé,,,REF-870128
899ae762-d7b6-4474-b67b-3a726e048bbe,COM-49891,USR-7380,LivraisonRetard,"Livraison en retard de 2 heures, c'est gênant mais acceptable.",4/2/2025 15:16,image_9783.jpg,élevé,Escaladé,,,REF-305894
ce37b70c-df08-492c-86f5-344eea1e8f6e,COM-77602,USR-1431,ProblèmePaiement,"Erreur de facturation pour sauce, très frustrant.",2/10/2025 15:16,,moyen,Résolu,2/10/2025 17:16,MOD-19,REF-839986
83c4d5bc-1f53-4ae7-b0ae-99b50cfbce55,COM-15326,USR-2980,LivraisonRetard,"Petit retard de 30 minutes, mais la nourriture était correcte.",3/18/2025 15:16,,faible,Ouvert,,,REF-385519
5fcf738d-9047-41fd-b2d2-1738960f9fec,COM-90999,USR-5803,ProblèmePaiement,"Erreur de facturation pour boisson, très frustrant.",6/25/2025 15:16,,moyen,Escaladé,,,REF-912764
17c31b38-4283-4ada-be68-646210c3ab92,COM-60521,USR-6088,MauvaiseQualité,"Très mauvaise qualité de sushi, immangeable.",12/24/2024 15:16,,élevé,Résolu,12/24/2024 21:16,MOD-10,REF-104069
6a5b8eb2-82c8-4eb1-afb3-f396f070a148,COM-73265,USR-2147,NourritureEndommagée,"La commande était brûlé, très déçu.",4/2/2025 15:16,,faible,Escaladé,,,REF-492823
a6bee1bc-4811-4dd6-b8e1-b6e4fc878296,COM-20551,USR-4488,LivraisonRetard,"Livraison en retard de 90 minutes, c'est gênant mais acceptable.",3/3/2025 15:16,image_7372.jpg,élevé,Escaladé,,,REF-640916
26826a73-50ab-4fbb-a18b-142ccecddcb3,COM-39468,USR-9801,ProblèmePaiement,"Surfacturation de la commande, service client désastreux.",12/17/2024 15:16,image_1012.jpg,élevé,Escaladé,,,REF-576835
4a8b15ef-3739-4d46-950b-45282cecc525,COM-41971,USR-1986,MauvaiseQualité,"pizza n'était pas terrible, qualité moyenne.",12/18/2024 15:16,image_4336.jpg,moyen,Escaladé,,,REF-926192
d986a03f-aa05-4cf4-b38c-625e6c28b135,COM-72991,USR-4834,CommandeErronée,"J'ai commandé frites, mais j'ai reçu salade.",7/19/2024 15:16,"image_4958.jpg,image_6871.jpg",faible,Ouvert,,,REF-130442
ce19bc14-bccb-44a2-972c-931e1602d9f0,COM-37743,USR-4670,CommandeErronée,"J'ai commandé pizza, mais j'ai reçu sandwich.",12/28/2024 15:16,"image_3199.jpg,image_5694.jpg",faible,Résolu,12/29/2024 13:16,MOD-14,REF-521852
081c28d5-644f-4d48-9591-38a128894f6e,COM-66779,USR-7439,ProblèmePaiement,"Surfacturation de la commande, service client désastreux.",12/7/2024 15:16,,élevé,Ouvert,,,REF-548208
32706ae7-421d-444a-8b61-0074409e441b,COM-10400,USR-9264,MauvaiseQualité,"dessert était écrasé, totalement dégoûtant !",4/26/2025 15:16,,élevé,Escaladé,,,REF-358610
59076c96-ba4e-4b4a-ab59-2361fd3f3d15,COM-97039,USR-1415,ProblèmePaiement,"Petite erreur de facturation, mais gênante.",12/2/2024 15:16,,moyen,Escaladé,,,REF-319958
eb2ca820-38ae-4e81-a782-f2edf55c0511,COM-91085,USR-3233,NourritureEndommagée,"sauce est arrivé trempé, besoin d'un remplacement.",9/25/2024 15:16,image_4454.jpg,faible,Résolu,9/26/2024 11:16,MOD-12,REF-985805
01cffc5b-253c-4f92-a3b1-afc143f8426b,COM-59471,USR-4736,ServiceClient,"Service client injoignable, c'est insupportable !",10/22/2024 15:16,image_9342.jpg,élevé,Ouvert,,,REF-474341
4a413534-7b28-4bd6-aa41-c8644f35707b,COM-13351,USR-2347,ServiceClient,"Le service client n'a pas résolu mon problème, frustrant.",12/20/2024 15:16,,moyen,Résolu,12/21/2024 2:16,MOD-10,REF-471110
3e7aa728-2319-4cc8-9ae5-703cddf2715b,COM-36212,USR-6309,ServiceClient,"Mauvaise expérience avec le support, très décevant.",11/27/2024 15:16,,moyen,Résolu,11/27/2024 20:16,MOD-3,REF-466632
32baaf05-4eb7-4639-87a1-076df711129f,COM-58776,USR-9021,ServiceClient,"Mauvaise expérience avec le support, très décevant.",1/21/2025 15:16,,moyen,Escaladé,,,REF-511803
021f9850-89ff-4a21-8dce-b972acdd9904,COM-33155,USR-2608,ProblèmePaiement,"Erreur de facturation pour dessert, très frustrant.",12/27/2024 15:16,image_5600.jpg,élevé,Ouvert,,,REF-275240
734c08e1-1719-4717-977f-f1d6b9cf0663,COM-11176,USR-6691,LivraisonRetard,"La nourriture est arrivée avec 3 heures de retard, service décevant.",1/24/2025 15:16,,élevé,Ouvert,,,REF-728062
d108c419-b523-42f5-a660-468c4e6fb4e4,COM-22738,USR-3672,LivraisonRetard,"Petit retard de 90 minutes, mais la nourriture était correcte.",12/29/2024 15:16,,moyen,Résolu,12/30/2024 5:16,MOD-18,REF-559458
ec2a1f89-ea9c-4751-a354-d7524ac60553,COM-83318,USR-3673,MauvaiseQualité,"pizza n'était pas terrible, qualité moyenne.",1/14/2025 15:16,,faible,Ouvert,,,REF-280540
bbf19140-24ce-458e-99a3-8022e50228e2,COM-87090,USR-7078,ArticleManquant,"Commande incomplète, sauce non livré.",8/18/2024 15:16,,faible,Escaladé,,,REF-376244
b54d3dc8-ff99-40f6-824a-8feb5aa38108,COM-98169,USR-3785,ServiceClient,"Petit souci avec le support, mais acceptable.",11/4/2024 15:16,,faible,Escaladé,,,REF-623516
58eacfc7-7d88-440a-adc1-9dcc3f46e819,COM-71810,USR-3327,CommandeErronée,"Erreur sur ma commande : frites au lieu de pâtes, très agaçant.",10/7/2024 15:16,image_1600.jpg,élevé,Escaladé,,,REF-563041
d9bb5e81-e1a2-4a39-8c26-b26faf76d75a,COM-12697,USR-4474,NourritureEndommagée,"La commande était trempé, très déçu.",1/7/2025 15:16,,faible,Résolu,1/9/2025 12:16,MOD-2,REF-893815
0534e438-21ae-41dd-acf2-d6844169e18c,COM-74679,USR-3152,CommandeErronée,"Commande incorrecte, mais le goût de frites était acceptable.",5/16/2025 15:16,,faible,Résolu,5/17/2025 11:16,MOD-10,REF-207891
fd4b9a7c-749a-4e92-9127-0df4838f1b7c,COM-81574,USR-5877,CommandeErronée,"Mauvais article livré, sushi à la place de sushi.",11/14/2024 15:16,,faible,Ouvert,,,REF-202244
4a91cd24-e40f-4e2e-bc07-ca9946ceac90,COM-25699,USR-5939,ProblèmePaiement,"Problème de paiement, remboursement requis immédiatement.",6/1/2025 15:16,,élevé,Escaladé,,,REF-680105
7270cc56-2b47-4d80-ba2d-57c22237278e,COM-67315,USR-2189,ProblèmePaiement,"Problème de paiement, remboursement requis immédiatement.",12/9/2024 15:16,,élevé,Escaladé,,,REF-801484
d21e184e-9da2-4de8-b41e-31a3629e3d9a,COM-12862,USR-1562,CommandeErronée,"Livré sandwich, mais je voulais sauce, c'est inacceptable.",12/17/2024 15:16,image_3834.jpg,moyen,Résolu,12/17/2024 21:16,MOD-12,REF-740977
33625a5e-ea3b-4858-8d42-0df22842e555,COM-49537,USR-5850,ServiceClient,"Mauvaise expérience avec le support, très décevant.",9/24/2024 15:16,,moyen,Ouvert,,,REF-177109
052bbcc1-8b99-446d-ae19-b556444291ec,COM-88795,USR-6556,NourritureEndommagée,"frites est arrivé moisi, besoin d'un remplacement.",7/1/2025 15:16,,élevé,Escaladé,,,REF-272892
92cbd6b1-03df-4314-941b-dc699f32cf5e,COM-48772,USR-5664,MauvaiseQualité,"pâtes était mal emballé, totalement dégoûtant !",12/22/2024 15:16,,élevé,Ouvert,,,REF-597274
a58541ab-4d5a-4fa1-9d9c-74552f5942a9,COM-20095,USR-2439,ProblèmePaiement,"Problème de paiement, remboursement requis immédiatement.",5/12/2025 15:16,"image_8297.jpg,image_6611.jpg",élevé,Résolu,5/13/2025 20:16,MOD-3,REF-294694
2554e263-5947-4372-b64d-219954f14acc,COM-61382,USR-1392,LivraisonRetard,"La commande a été livrée avec 30 minutes de retard, la nourriture était froide.",11/3/2024 15:16,"image_8439.jpg,image_4494.jpg",moyen,Résolu,11/4/2024 5:16,MOD-18,REF-353839
4532d41c-c166-486a-a36f-abb1eca4f2ee,COM-55198,USR-7310,ArticleManquant,"Je n'ai pas reçu pizza, besoin d'un remboursement.",11/4/2024 15:16,"image_2743.jpg,image_9176.jpg",faible,Ouvert,,,REF-430397
78bdb729-1fc0-4dee-9b71-c1f7b3ef6bb3,COM-95742,USR-1624,LivraisonRetard,"Livraison retardée de 90 minutes, totalement inacceptable !",7/5/2024 15:16,image_9118.jpg,élevé,Ouvert,,,REF-670661
1b660511-e854-40aa-87f5-e5da6f033392,COM-56584,USR-2727,CommandeErronée,"Livré burger, mais je voulais burger, c'est inacceptable.",5/3/2025 15:16,,faible,Résolu,5/4/2025 13:16,MOD-14,REF-206091
99bccd02-62e4-4734-bf13-c701e982795b,COM-40427,USR-7791,LivraisonRetard,"Commande arrivée après 2 heures, vraiment pas satisfait.",2/4/2025 15:16,,élevé,Ouvert,,,REF-815075
ba1b0cbc-4675-47bb-9ad6-e610baad5045,COM-19561,USR-4109,ProblèmePaiement,"Problème de paiement, remboursement requis immédiatement.",1/30/2025 15:16,,élevé,Résolu,1/31/2025 11:16,MOD-5,REF-315460
ad089577-f7aa-4b55-9e55-d948bae3cba9,COM-38818,USR-4221,LivraisonRetard,"Retard de 2 heures, c'est scandaleux et dérangeant !",4/6/2025 15:16,,élevé,Résolu,4/8/2025 10:16,MOD-2,REF-836036
209d7940-ee7d-48b1-af99-46a37d24efb7,COM-59587,USR-8496,CommandeErronée,"Commande incorrecte, mais le goût de pizza était acceptable.",3/4/2025 15:16,,faible,Résolu,3/6/2025 14:16,MOD-12,REF-130783
598399b2-c277-4a43-9d1c-95e704a38595,COM-81555,USR-5635,ArticleManquant,Pourriez-vous vérifier pourquoi frites n'était pas inclus ?,7/28/2024 15:16,"image_2642.jpg,image_9031.jpg",faible,Escaladé,,,REF-294096
60a22f69-31f3-4a21-be58-f33109ce1a32,COM-28284,USR-4062,LivraisonRetard,"La commande a été livrée avec 1 heure de retard, la nourriture était froide.",8/10/2024 15:16,,moyen,Ouvert,,,REF-524968
3873b606-6f7c-4952-aee2-6c417ebe8117,COM-36856,USR-5172,ProblèmePaiement,"Surfacturation de la commande, service client désastreux.",10/23/2024 15:16,,élevé,Ouvert,,,REF-272534
98a6cd28-22cf-4323-9e58-486e98a10c59,COM-15849,USR-2627,MauvaiseQualité,"pâtes était sans goût, je ne commanderai plus.",12/18/2024 15:16,,faible,Escaladé,,,REF-404549
b9124750-5130-4f1a-8b4b-b92096b573fc,COM-57519,USR-1566,ServiceClient,"Petit souci avec le support, mais acceptable.",9/25/2024 15:16,image_6055.jpg,moyen,Ouvert,,,REF-668273
c9e5b7c7-45ee-4618-b8bf-1bb70dca2db8,COM-42305,USR-4706,ProblèmePaiement,"Problème de paiement, remboursement requis immédiatement.",12/13/2024 15:16,,élevé,Résolu,12/14/2024 2:16,MOD-12,REF-669595
ad9b7f34-e07a-48cd-9a46-2268b899afe6,COM-80093,USR-1239,MauvaiseQualité,"Qualité médiocre de salade, très frustrant.",1/23/2025 15:16,,moyen,Escaladé,,,REF-942674
a0b3cbb1-5748-42f7-a431-a3fad3632814,COM-86861,USR-2535,ServiceClient,"Service client correct, mais pourrait être plus rapide.",5/17/2025 15:16,,faible,Escaladé,,,REF-307046
ca2e376f-05ed-4665-b881-bf3a2227b04b,COM-38373,USR-7994,ProblèmePaiement,"Problème mineur avec le paiement, veuillez vérifier.",5/1/2025 15:16,,moyen,Ouvert,,,REF-517810
9293b35e-840a-4015-bc4e-4e8fc2c7a628,COM-20181,USR-5996,ProblèmePaiement,"J'ai été facturé deux fois pour ma commande, c'est inacceptable !",6/6/2025 15:16,,élevé,Escaladé,,,REF-384625
6d3f9d39-cdb8-4bf5-862b-b0c4f06a5f0b,COM-82314,USR-9626,ArticleManquant,"Petit souci, il manquait sandwich dans la commande.",12/7/2024 15:16,image_1192.jpg,faible,Résolu,12/9/2024 14:16,MOD-15,REF-169831
47ad2d2b-104b-4984-8ebf-587c3d8332c6,COM-21695,USR-5557,ArticleManquant,"Pas de pâtes, c'est inacceptable et frustrant !",12/30/2024 15:16,image_7211.jpg,élevé,Résolu,1/1/2025 12:16,MOD-14,REF-865659
b4ffb275-2142-4648-a38d-619035ebe0d3,COM-97873,USR-8830,NourritureEndommagée,"sauce était mal emballé, qualité inacceptable.",9/6/2024 15:16,image_6531.jpg,élevé,Escaladé,,,REF-988605
aff1e49b-3df9-4fe6-a4fc-9e9d95b850eb,COM-80413,USR-7050,ProblèmePaiement,"Surfacturation de la commande, service client désastreux.",6/17/2025 15:16,,élevé,Ouvert,,,REF-977813
be5bfe6c-512d-4149-8f9a-4fe1ebf590e5,COM-69793,USR-8503,MauvaiseQualité,"La nourriture était brûlé, pas à la hauteur.",4/25/2025 15:16,image_4103.jpg,faible,Ouvert,,,REF-722686
3d920214-f703-4f64-9653-750035641a71,COM-91150,USR-7193,ProblèmePaiement,"Erreur de facturation pour sandwich, très frustrant.",8/3/2024 15:16,image_5427.jpg,élevé,Escaladé,,,REF-476257
1b691e80-39f6-44d0-b89f-9b529b8bdb02,COM-90430,USR-6350,NourritureEndommagée,"sandwich est arrivé mal emballé, besoin d'un remplacement.",1/15/2025 15:16,,faible,Ouvert,,,REF-617413
e9432d9f-e210-45bf-9a53-6d146582f860,COM-24566,USR-1375,CommandeErronée,J'ai reçu pizza au lieu de pâtes.,6/24/2025 15:16,,faible,Ouvert,,,REF-211960
38eeab2b-23a1-40f0-8f47-d6f74aa23eb0,COM-46657,USR-3102,ProblèmePaiement,"Erreur de facturation pour sandwich, très frustrant.",6/5/2025 15:16,image_1043.jpg,élevé,Ouvert,,,REF-763989
c161fe63-4f81-4077-a051-bfd484763fe5,COM-14600,USR-6548,ProblèmePaiement,"Petite erreur de facturation, mais gênante.",6/25/2025 15:16,image_5851.jpg,élevé,Résolu,6/26/2025 9:16,MOD-19,REF-551068
fc25f293-8331-4c01-a19e-9f6bc3fbd41c,COM-96513,USR-8407,LivraisonRetard,"Livraison en retard de 2 heures, c'est gênant mais acceptable.",4/20/2025 15:16,,élevé,Résolu,4/21/2025 2:16,MOD-15,REF-578185
68b4e31a-7723-4c9a-99f5-98613adf43df,COM-20445,USR-4836,CommandeErronée,"Commande incorrecte, mais le goût de dessert était acceptable.",5/10/2025 15:16,,faible,Résolu,5/12/2025 15:16,MOD-16,REF-436279
bef9be20-eb4d-476f-98c5-d083d2406254,COM-54722,USR-1846,ProblèmePaiement,"Erreur de facturation pour sauce, très frustrant.",12/15/2024 15:16,image_4526.jpg,élevé,Ouvert,,,REF-888296
bfed7a66-7679-4b18-bbfd-7e5d2085985b,COM-63840,USR-3982,NourritureEndommagée,"Tout était froid, expérience catastrophique.",9/21/2024 15:16,,élevé,Escaladé,,,REF-168592
04b8e046-707e-46ad-8f6b-4d489a3de0fd,COM-31158,USR-2427,MauvaiseQualité,"Qualité médiocre de sushi, très frustrant.",5/19/2025 15:16,,moyen,Résolu,5/21/2025 9:16,MOD-13,REF-651138
ad01e173-c347-4034-bcdc-c6a935a03977,COM-32907,USR-5145,LivraisonRetard,"Livraison en retard de 3 heures, c'est gênant mais acceptable.",3/30/2025 15:16,image_3096.jpg,élevé,Ouvert,,,REF-552154
b7046b5b-02d9-4648-a8e3-54f2ab73a4e2,COM-78510,USR-8068,NourritureEndommagée,"La nourriture était froid, totalement immangeable.",11/29/2024 15:16,,élevé,Escaladé,,,REF-169364
66587db3-b477-435c-9b23-dc1a1ad95052,COM-38225,USR-6881,ServiceClient,"Mauvaise expérience avec le support, très décevant.",8/23/2024 15:16,,moyen,Escaladé,,,REF-183423
6ad1b182-60ba-48e4-993c-52fda6ce6a28,COM-10301,USR-6223,ServiceClient,"Service client injoignable, c'est insupportable !",6/13/2025 15:16,image_7512.jpg,élevé,Escaladé,,,REF-788206
496adbad-b4b4-4642-902e-dcc9bb204da1,COM-19101,USR-8161,NourritureEndommagée,"Tout était écrasé, expérience catastrophique.",7/30/2024 15:16,,élevé,Escaladé,,,REF-911157
95671484-6d81-4d13-9068-64280857ed1c,COM-56620,USR-4581,CommandeErronée,J'ai reçu sandwich au lieu de pizza.,11/9/2024 15:16,,faible,Ouvert,,,REF-706611
ccbed058-9d56-4981-b406-84024558649c,COM-94193,USR-9460,ServiceClient,"Le service client n'a pas résolu mon problème, frustrant.",7/14/2024 15:16,,moyen,Ouvert,,,REF-223034
fed11643-a410-4552-9f04-8e3d37692a60,COM-82731,USR-4777,MauvaiseQualité,"Très mauvaise qualité de salade, immangeable.",7/14/2024 15:16,,élevé,Ouvert,,,REF-835689
5bc1c64c-ccbe-45d7-87ba-ec201ce9483a,COM-43944,USR-3388,ArticleManquant,"Il manque sushi dans ma commande, très décevant.",4/30/2025 15:16,image_3509.jpg,élevé,Ouvert,,,REF-555496
4c55300f-5739-438b-90d6-5beda0d5908d,COM-57363,USR-5428,CommandeErronée,"Petite erreur, j'ai reçu sauce au lieu de sushi.",4/6/2025 15:16,,faible,Résolu,4/7/2025 15:16,MOD-7,REF-259338
63d80430-0c67-42f2-a881-87510f9bc7cc,COM-99043,USR-5064,ServiceClient,"Petit souci avec le support, mais acceptable.",8/1/2024 15:16,"image_8032.jpg,image_1051.jpg",moyen,Escaladé,,,REF-600860
5097992b-1434-41a3-ae6a-d330fbef6c2b,COM-83783,USR-7157,NourritureEndommagée,"salade est arrivé moisi, besoin d'un remplacement.",12/12/2024 15:16,image_2512.jpg,élevé,Ouvert,,,REF-412801
853ec20e-acd9-4ff9-964e-68844e0ce6e5,COM-46603,USR-1834,ServiceClient,"Service client correct, mais pourrait être plus rapide.",11/4/2024 15:16,image_3228.jpg,moyen,Résolu,11/5/2024 5:16,MOD-6,REF-102980
2a797375-0726-4c97-99b1-f99f6c2af92d,COM-13892,USR-1252,LivraisonRetard,"Livraison en retard de 2 heures, c'est gênant mais acceptable.",10/17/2024 15:16,,élevé,Escaladé,,,REF-579951
695c3440-c25f-4352-8cf3-25ccd87a2c81,COM-88574,USR-1774,ArticleManquant,"Commande incomplète, salade non livré.",4/27/2025 15:16,image_6067.jpg,faible,Escaladé,,,REF-149281
cea7a6c0-1df6-4e8a-8c91-a31c4f645d2b,COM-46745,USR-3627,LivraisonRetard,"Commande arrivée après 3 heures, vraiment pas satisfait.",9/10/2024 15:16,image_7045.jpg,élevé,Résolu,9/11/2024 8:16,MOD-11,REF-202266
659f3dfa-01cc-4186-b1d2-df8a5b78d491,COM-88395,USR-6852,MauvaiseQualité,"dessert était sans goût, totalement dégoûtant !",2/12/2025 15:16,,élevé,Ouvert,,,REF-153111
229f246f-3f7f-4f26-98a6-df8e4df5e782,COM-63885,USR-6701,MauvaiseQualité,"Le goût de salade était un peu froid, mais acceptable.",9/30/2024 15:16,,faible,Ouvert,,,REF-795682
3082e92e-329a-46b9-9cfd-4f140c6c9f39,COM-20683,USR-2149,NourritureEndommagée,"Tout était sans goût, expérience catastrophique.",10/6/2024 15:16,,élevé,Résolu,10/6/2024 19:16,MOD-19,REF-797918
0fe01065-f869-44c2-83dd-1fc1eaf217bd,COM-11169,USR-4348,MauvaiseQualité,"La nourriture était sans goût, pas à la hauteur.",10/22/2024 15:16,,faible,Résolu,10/23/2024 15:16,MOD-9,REF-591908
fbacff7d-d7b3-4516-8740-e389a9d8e0fa,COM-41472,USR-6626,CommandeErronée,"Commande erronée livrée, j'ai eu salade et non pâtes.",12/31/2024 15:16,image_8664.jpg,faible,Escaladé,,,REF-762266
2f49deff-788f-4cf2-a4b9-ac4481622342,COM-64583,USR-5112,LivraisonRetard,"Commande arrivée après 2 heures, vraiment pas satisfait.",3/29/2025 15:16,,élevé,Résolu,3/30/2025 4:16,MOD-16,REF-802576
ea656c27-b9cb-4487-9150-c3ea93e78c0f,COM-27906,USR-8346,NourritureEndommagée,"La commande était trempé, très déçu.",3/19/2025 15:16,image_7758.jpg,faible,Ouvert,,,REF-915226
a5633300-9f0a-4e79-a232-dbd18e131839,COM-36364,USR-1528,LivraisonRetard,"Livraison en retard de 90 minutes, c'est gênant mais acceptable.",4/11/2025 15:16,image_2167.jpg,élevé,Ouvert,,,REF-163478
6e406328-c9a7-45d2-8564-5a27d9a398d1,COM-77424,USR-8718,ArticleManquant,"Manque salade, service médiocre.",2/17/2025 15:16,,faible,Ouvert,,,REF-113266
998e9eb8-f891-44a2-b7fa-1db8c68391da,COM-50863,USR-1250,LivraisonRetard,"Livraison retardée de 1 heure, totalement inacceptable !",10/21/2024 15:16,,moyen,Résolu,10/22/2024 21:16,MOD-18,REF-144690
957d3c60-c11c-4686-93a9-02238c984b54,COM-76970,USR-5336,MauvaiseQualité,"boisson n'était pas terrible, qualité moyenne.",5/24/2025 15:16,,faible,Escaladé,,,REF-888200
c115e848-ac22-4f18-a40a-ab1da40aa3cc,COM-20221,USR-8454,MauvaiseQualité,"Qualité médiocre de burger, très frustrant.",7/12/2024 15:16,,moyen,Résolu,7/13/2024 6:16,MOD-19,REF-693092
f8681061-17ee-45a2-9961-2878fb18c650,COM-13229,USR-1074,ProblèmePaiement,"J'ai été facturé deux fois pour ma commande, c'est inacceptable !",10/15/2024 15:16,,élevé,Ouvert,,,REF-189770
8b3c6679-3730-43ff-81d0-5c9eea547c9c,COM-38479,USR-5169,LivraisonRetard,"Livraison retardée de 30 minutes, totalement inacceptable !",7/25/2024 15:16,,faible,Ouvert,,,REF-353278
ffcf1898-1957-4008-900d-cef7854c31ff,COM-22144,USR-7272,CommandeErronée,"Petite erreur, j'ai reçu burger au lieu de burger.",11/7/2024 15:16,,faible,Ouvert,,,REF-379146
a2e146f8-9a69-47b7-85ed-8c9043fd18d6,COM-97695,USR-6455,MauvaiseQualité,"La nourriture était gâté, pas à la hauteur.",11/28/2024 15:16,,élevé,Ouvert,,,REF-155547
3c259a1f-e492-465c-a389-aeb7cf2f017e,COM-17666,USR-9599,MauvaiseQualité,"Le goût de sauce était un peu moisi, mais acceptable.",6/23/2025 15:16,,élevé,Ouvert,,,REF-325970
29821a92-3db4-4278-840b-9e44e9ade24e,COM-33084,USR-3129,LivraisonRetard,"Petit retard de 30 minutes, mais la nourriture était correcte.",3/22/2025 15:16,image_9794.jpg,moyen,Ouvert,,,REF-454471
f745b362-6765-449a-95dd-7bffda401975,COM-54167,USR-4561,CommandeErronée,"Commande erronée livrée, j'ai eu dessert et non frites.",4/29/2025 15:16,image_3509.jpg,moyen,Résolu,5/1/2025 15:16,MOD-12,REF-730423
0c0bcf53-9d25-480a-a89d-66d88323538b,COM-53628,USR-7702,ProblèmePaiement,"Problème mineur avec le paiement, veuillez vérifier.",10/16/2024 15:16,,moyen,Ouvert,,,REF-550383
0091a04c-6cb0-4c82-94c8-a25cf2c8ef34,COM-90506,USR-1202,ArticleManquant,"Pas de salade, c'est inacceptable et frustrant !",6/10/2025 15:16,image_3217.jpg,élevé,Ouvert,,,REF-398388
c1de23ae-48e8-44a8-b8d6-ecd770723776,COM-78889,USR-7413,ServiceClient,"Service client injoignable, c'est insupportable !",8/31/2024 15:16,,élevé,Résolu,9/2/2024 13:16,MOD-15,REF-429046
46d2f260-6dba-48ec-a99f-feed8142fafe,COM-29730,USR-4038,LivraisonRetard,"J'ai attendu 2 heures pour ma commande, très frustrant.",12/21/2024 15:16,,élevé,Résolu,12/23/2024 15:16,MOD-20,REF-138180
ffa86e4c-66c6-41f9-958d-7df12f66cbdd,COM-56624,USR-5925,ProblèmePaiement,"J'ai été facturé deux fois pour ma commande, c'est inacceptable !",9/18/2024 15:16,,élevé,Ouvert,,,REF-881344
3c6373b6-334c-4442-82ac-fcae5d9433e0,COM-96872,USR-4650,CommandeErronée,"J'ai commandé pâtes, mais j'ai reçu sushi.",12/15/2024 15:16,image_9645.jpg,faible,Escaladé,,,REF-549937
6ee12060-3596-405e-91ec-91d98cb567bf,COM-45752,USR-9858,MauvaiseQualité,"salade était gâté, totalement dégoûtant !",11/28/2024 15:16,,élevé,Ouvert,,,REF-790359
d940c65f-133e-44cc-b498-9629ae521ff1,COM-97503,USR-3328,ProblèmePaiement,"Problème de paiement, remboursement requis immédiatement.",12/2/2024 15:16,,élevé,Ouvert,,,REF-214918
2fedfce4-9077-448a-a426-7ff56f9888e9,COM-97856,USR-5660,CommandeErronée,"Petite erreur, j'ai reçu boisson au lieu de dessert.",8/10/2024 15:16,image_2002.jpg,faible,Ouvert,,,REF-382232
e16f87ac-f221-4713-9cda-cd8d126da0a6,COM-14647,USR-6594,NourritureEndommagée,"Tout était brûlé, expérience catastrophique.",8/20/2024 15:16,,élevé,Escaladé,,,REF-563384
7b9dd78a-12b6-4768-85ba-1c73dae6a1e2,COM-93628,USR-2733,ArticleManquant,Pourriez-vous vérifier pourquoi sushi n'était pas inclus ?,6/22/2025 15:16,"image_1623.jpg,image_6628.jpg",faible,Ouvert,,,REF-924850
0fc85371-ea53-49a7-b46d-4896aa3a78e8,COM-71929,USR-4020,ArticleManquant,"Commande incomplète, sushi non livré.",2/26/2025 15:16,"image_2280.jpg,image_2490.jpg",faible,Résolu,2/27/2025 6:16,MOD-15,REF-688003
a4d0cb4a-2c31-41ee-ba30-14f154f10867,COM-49323,USR-7890,LivraisonRetard,"Retard de 2 heures, c'est scandaleux et dérangeant !",11/30/2024 15:16,,élevé,Ouvert,,,REF-447354
60d9b407-3d36-4b50-aa5f-eb448164467f,COM-98747,USR-7628,ArticleManquant,"Commande incomplète, sauce non livré.",1/23/2025 15:16,,faible,Ouvert,,,REF-451102
f9bac78a-041f-49ad-96ef-7e720cd81427,COM-16631,USR-5252,NourritureEndommagée,"Tout était moisi, expérience catastrophique.",10/9/2024 15:16,,élevé,Résolu,10/11/2024 4:16,MOD-18,REF-735359
7cbc273d-09b1-4ad1-9de8-7ab4440665cf,COM-13100,USR-8799,MauvaiseQualité,"Le goût de pizza était un peu moisi, mais acceptable.",1/6/2025 15:16,,élevé,Escaladé,,,REF-425704
36f2a076-354f-4abe-a5a3-36d4772dcf17,COM-35140,USR-4204,ProblèmePaiement,"Surfacturation de la commande, service client désastreux.",2/19/2025 15:16,"image_9858.jpg,image_5131.jpg",élevé,Résolu,2/20/2025 16:16,MOD-20,REF-574557
f1852e67-b226-4086-a38d-e4c5efb394af,COM-15220,USR-4625,ServiceClient,"Service client correct, mais pourrait être plus rapide.",11/12/2024 15:16,,moyen,Escaladé,,,REF-654670
d367939d-f9d7-47c2-b614-cf16de45ff21,COM-63994,USR-7843,NourritureEndommagée,"Commande endommagée, sandwich était légèrement gâté.",10/10/2024 15:16,image_4535.jpg,élevé,Résolu,10/10/2024 19:16,MOD-11,REF-416009
d96db729-6603-4ed0-b0e6-ebc2f5831c34,COM-68147,USR-4931,CommandeErronée,"Erreur sur ma commande : frites au lieu de frites, très agaçant.",3/9/2025 15:16,,moyen,Ouvert,,,REF-741389
b4dd69d7-b2cf-4088-8409-b21c8b8337b2,COM-82182,USR-8032,CommandeErronée,"J'ai commandé burger, mais j'ai reçu frites.",3/4/2025 15:16,image_1249.jpg,faible,Ouvert,,,REF-325500
b216d85c-6355-410a-aa20-ab7bacf42fcb,COM-35954,USR-5201,ServiceClient,"Service client correct, mais pourrait être plus rapide.",9/22/2024 15:16,,faible,Escaladé,,,REF-446346
4ae364cb-081f-4e12-87b8-938acc6814cd,COM-49322,USR-6456,NourritureEndommagée,"pâtes était un peu mal emballé, mais mangeable.",8/6/2024 15:16,,faible,Ouvert,,,REF-278929
21004aa3-2360-457c-a8ce-50a030a848b0,COM-85105,USR-4728,ServiceClient,"Service client injoignable, c'est insupportable !",12/12/2024 15:16,,élevé,Ouvert,,,REF-927223
f84cce8c-4610-40e5-95f5-d7913a5bd478,COM-18252,USR-2430,LivraisonRetard,"Petit retard de 30 minutes, mais la nourriture était correcte.",10/28/2024 15:16,,faible,Résolu,10/30/2024 8:16,MOD-12,REF-277384
c9ea7dbc-3aeb-4202-a0ec-3cc196fc5feb,COM-85004,USR-7506,LivraisonRetard,"Petit retard de 30 minutes, mais la nourriture était correcte.",7/5/2024 15:16,,faible,Escaladé,,,REF-182695
3c90d22e-a82b-407a-85a2-529abca0356c,COM-69556,USR-1404,NourritureEndommagée,"frites était un peu froid, mais mangeable.",2/22/2025 15:16,,faible,Escaladé,,,REF-352530
98147537-5a5d-42f6-860e-daf8734c47e9,COM-40859,USR-4940,CommandeErronée,"Petite erreur, j'ai reçu sandwich au lieu de frites.",1/10/2025 15:16,image_1626.jpg,faible,Escaladé,,,REF-903466
64b1bd36-3d11-4dcb-85cd-cc693e895deb,COM-36081,USR-1373,ProblèmePaiement,"Problème de paiement, remboursement requis immédiatement.",11/23/2024 15:16,image_3385.jpg,élevé,Escaladé,,,REF-499267
81760753-4d3d-450e-b4f1-6fde5b51ba7a,COM-26006,USR-5387,ProblèmePaiement,"Surfacturation de la commande, service client désastreux.",11/16/2024 15:16,"image_4179.jpg,image_7827.jpg",élevé,Ouvert,,,REF-270262
393a3b8b-a50e-4f9f-a857-b597f4aa25d8,COM-66694,USR-3104,ProblèmePaiement,"Surfacturation de la commande, service client désastreux.",6/13/2025 15:16,image_4469.jpg,élevé,Escaladé,,,REF-411481
8bc23e93-d33f-4b38-9700-df811a5b27df,COM-88819,USR-1126,ArticleManquant,Pourriez-vous vérifier pourquoi frites n'était pas inclus ?,3/27/2025 15:16,,faible,Escaladé,,,REF-180957
7b4d7416-6463-4105-b657-53fcf433ebc5,COM-10118,USR-4240,NourritureEndommagée,"frites est arrivé sans goût, besoin d'un remplacement.",10/27/2024 15:16,image_4754.jpg,faible,Escaladé,,,REF-820391
6a304e60-8259-46fb-81d2-adee7ffae84e,COM-57942,USR-4535,ArticleManquant,Pourriez-vous vérifier pourquoi dessert n'était pas inclus ?,6/14/2025 15:16,,faible,Ouvert,,,REF-793340
612a85a6-6d7c-4c0d-8fdf-fbf8735639bc,COM-93931,USR-2306,ServiceClient,"Mauvaise expérience avec le support, très décevant.",10/1/2024 15:16,,moyen,Ouvert,,,REF-722626
09e281d5-b148-4b70-a409-6011128f189d,COM-97833,USR-8895,ArticleManquant,"Manque pâtes, service médiocre.",10/24/2024 15:16,,faible,Ouvert,,,REF-671942
54142cb9-099b-4983-a687-a0a581026414,COM-62604,USR-9269,MauvaiseQualité,"Le goût de sandwich était un peu écrasé, mais acceptable.",6/30/2025 15:16,image_2806.jpg,moyen,Résolu,7/2/2025 15:16,MOD-5,REF-540081
540ed0cc-9274-4d27-ac5f-f4bbb9ae9bd9,COM-72809,USR-5273,ProblèmePaiement,"Petite erreur de facturation, mais gênante.",1/27/2025 15:16,,moyen,Ouvert,,,REF-961180
457ff0ab-a96d-4869-ba30-a80966d7ba63,COM-73176,USR-3414,MauvaiseQualité,"Le goût de frites était un peu gâté, mais acceptable.",5/5/2025 15:16,"image_8741.jpg,image_7865.jpg",élevé,Ouvert,,,REF-688701
d9ae278b-b78a-4bed-9817-dfa2afdb7056,COM-79440,USR-6782,ServiceClient,"Le service client n'a pas résolu mon problème, frustrant.",12/30/2024 15:16,,moyen,Escaladé,,,REF-720400
454f78f7-c699-4192-9397-7025ab8951b3,COM-96039,USR-7108,CommandeErronée,"J'ai commandé salade, mais j'ai reçu sandwich.",4/19/2025 15:16,,faible,Escaladé,,,REF-953418
959c1bd6-b436-45dc-9c60-ff72a10f4bfc,COM-75856,USR-7290,MauvaiseQualité,"Très mauvaise qualité de dessert, immangeable.",7/21/2024 15:16,image_9852.jpg,élevé,Résolu,7/21/2024 22:16,MOD-6,REF-164648
e49a2144-1723-409c-8d2f-dccd71088ac0,COM-91777,USR-9582,ProblèmePaiement,"Surfacturation de la commande, service client désastreux.",11/22/2024 15:16,image_8540.jpg,élevé,Escaladé,,,REF-610800
f42e379a-9212-4c91-bc72-515190b688ad,COM-60026,USR-1817,MauvaiseQualité,"frites était brûlé, totalement dégoûtant !",12/21/2024 15:16,"image_3601.jpg,image_8354.jpg",élevé,Résolu,12/21/2024 18:16,MOD-9,REF-699307
84f4f24b-27a3-4f29-9c37-e55ede216ca2,COM-71342,USR-2955,ProblèmePaiement,"Problème de paiement, remboursement requis immédiatement.",10/9/2024 15:16,image_8924.jpg,élevé,Escaladé,,,REF-404381
5db305dd-accb-43ee-8fd3-115ca3482434,COM-10031,USR-9664,NourritureEndommagée,"boisson était un peu mal emballé, mais mangeable.",11/4/2024 15:16,,faible,Escaladé,,,REF-860960
aa9e098f-a24c-47a3-992f-8c37fc3d7fbd,COM-77634,USR-8355,LivraisonRetard,"La commande a été livrée avec 1 heure de retard, la nourriture était froide.",2/9/2025 15:16,image_8393.jpg,élevé,Escaladé,,,REF-118661
e19c2548-dbc9-46ca-933e-72831a7fcbf0,COM-28435,USR-1793,ProblèmePaiement,"Erreur de facturation pour sauce, très frustrant.",11/8/2024 15:16,,moyen,Résolu,11/9/2024 11:16,MOD-8,REF-357681
bb6c2898-4308-46bc-91c1-fbf3b9ee99a4,COM-56854,USR-9503,ServiceClient,"Réponse lente du service client, qualité médiocre.",7/21/2024 15:16,,faible,Escaladé,,,REF-249819
642a3ecc-a5f1-428e-a71f-d988c62d04d8,COM-49822,USR-2966,LivraisonRetard,"Livraison en retard de 90 minutes, c'est gênant mais acceptable.",12/20/2024 15:16,image_8941.jpg,élevé,Escaladé,,,REF-539876
1e8365bc-5858-4241-8829-f4754757f046,COM-43017,USR-9414,ArticleManquant,"Je n'ai pas reçu pâtes, besoin d'un remboursement.",10/17/2024 15:16,"image_2736.jpg,image_1689.jpg",faible,Ouvert,,,REF-911184
dec4a307-91c2-43c7-900d-2d597547f71a,COM-21210,USR-3020,NourritureEndommagée,"frites était froid, qualité inacceptable.",1/15/2025 15:16,,élevé,Résolu,1/15/2025 23:16,MOD-9,REF-158964
3ad2d6f4-c7d3-4cea-8d24-3dc580ebabb8,COM-50638,USR-5100,ProblèmePaiement,"J'ai été facturé deux fois pour ma commande, c'est inacceptable !",1/16/2025 15:16,,élevé,Escaladé,,,REF-944805
840d2db7-3e03-455c-867e-9657d7cc4b04,COM-87229,USR-8365,ProblèmePaiement,"Surfacturation de la commande, service client désastreux.",10/25/2024 15:16,image_5492.jpg,élevé,Résolu,10/27/2024 6:16,MOD-4,REF-902229
19fb931b-0f36-4e4f-9b0e-8af3f85ec3e1,COM-35858,USR-9697,CommandeErronée,"Petite erreur, j'ai reçu frites au lieu de sauce.",2/18/2025 15:16,,faible,Résolu,2/20/2025 15:16,MOD-1,REF-700489
e07acc5d-7a57-4c22-9093-5e69c3453dab,COM-32564,USR-3143,ServiceClient,"Réponse lente du service client, qualité médiocre.",12/10/2024 15:16,image_4876.jpg,moyen,Résolu,12/11/2024 3:16,MOD-17,REF-593981
36c03fae-59c4-497c-8a8d-f75beef16700,COM-31991,USR-9629,ArticleManquant,"Il manque sandwich dans ma commande, très décevant.",3/9/2025 15:16,,moyen,Résolu,3/10/2025 5:16,MOD-4,REF-506674
eaefe19d-e022-4791-b185-efd12d81deb4,COM-24339,USR-1176,MauvaiseQualité,"Qualité médiocre de frites, très frustrant.",2/17/2025 15:16,,moyen,Résolu,2/18/2025 13:16,MOD-12,REF-926787
5c545bc5-1464-4a43-89db-30e0e2911e3c,COM-64248,USR-6700,MauvaiseQualité,"Le goût de sushi était un peu écrasé, mais acceptable.",4/12/2025 15:16,,faible,Ouvert,,,REF-802481
f293141e-091a-4c27-99f5-1ec2c3d94f6b,COM-26723,USR-9496,ServiceClient,"Réponse lente du service client, qualité médiocre.",12/2/2024 15:16,,faible,Escaladé,,,REF-484875
31124096-61f5-463d-9d01-97c8f4cffe4c,COM-26426,USR-2621,ServiceClient,"Mauvaise expérience avec le support, très décevant.",2/5/2025 15:16,,moyen,Résolu,2/7/2025 7:16,MOD-11,REF-484184
805848fc-09ee-4de7-aa5c-c3519691fd4e,COM-71160,USR-8777,MauvaiseQualité,"Très mauvaise qualité de salade, immangeable.",3/29/2025 15:16,image_8274.jpg,élevé,Résolu,3/30/2025 22:16,MOD-4,REF-482965
497c15e1-86db-43ed-b8ff-b020b1c9f938,COM-71977,USR-5684,ProblèmePaiement,"Problème de paiement, remboursement requis immédiatement.",1/30/2025 15:16,,élevé,Escaladé,,,REF-848273
50845c58-cc60-4539-ab4d-05560ab4ab0c,COM-86093,USR-2160,ServiceClient,"Réponse lente du service client, qualité médiocre.",9/25/2024 15:16,,faible,Ouvert,,,REF-828603
67a68637-11c5-43f0-815c-85ff42e7b944,COM-13169,USR-5334,ArticleManquant,"Petit souci, il manquait frites dans la commande.",8/29/2024 15:16,,faible,Ouvert,,,REF-655560
2914dcaa-bc86-435e-ba58-2a884fb5bc96,COM-56226,USR-1014,ServiceClient,"Service client injoignable, c'est insupportable !",8/16/2024 15:16,image_5872.jpg,élevé,Ouvert,,,REF-445689
56549726-adae-4f1e-87d1-29c294b17be2,COM-94367,USR-8479,NourritureEndommagée,"La commande était froid, très déçu.",1/30/2025 15:16,image_5711.jpg,moyen,Résolu,1/31/2025 5:16,MOD-5,REF-319500
300df3c6-dfb6-4e2f-805a-f1f543b5df83,COM-84632,USR-1070,ArticleManquant,"Manque burger, service médiocre.",2/10/2025 15:16,"image_5070.jpg,image_9417.jpg",moyen,Résolu,2/11/2025 12:16,MOD-13,REF-144000
553a0995-1c40-422e-88b4-2f5ad78b50db,COM-72151,USR-5051,ProblèmePaiement,"Erreur de facturation pour burger, très frustrant.",9/29/2024 15:16,image_2719.jpg,élevé,Ouvert,,,REF-688065
2d54aeba-57b6-4562-bf7a-0a31fd898830,COM-38213,USR-8840,ServiceClient,"Service client injoignable, c'est insupportable !",1/1/2025 15:16,,élevé,Ouvert,,,REF-654438
fd2f8391-2649-4fb8-a4ad-9f820157a0d5,COM-44825,USR-5001,MauvaiseQualité,"dessert n'était pas terrible, qualité moyenne.",9/3/2024 15:16,,faible,Ouvert,,,REF-414397
74707201-834c-4fdc-b562-a7ddfffbfd40,COM-46876,USR-9681,ProblèmePaiement,"Erreur de facturation pour burger, très frustrant.",10/27/2024 15:16,,moyen,Ouvert,,,REF-852619
9ce4a549-2484-4096-a8e2-c59ac5c58506,COM-14345,USR-6958,ArticleManquant,"Commande incomplète, sandwich non livré.",10/2/2024 15:16,image_7948.jpg,faible,Escaladé,,,REF-469679
9431ff41-abd9-4527-9c86-0f6e47f76931,COM-15766,USR-9084,CommandeErronée,"Petite erreur, j'ai reçu sushi au lieu de frites.",12/7/2024 15:16,image_2994.jpg,faible,Escaladé,,,REF-107107
e4c14452-23c9-4cbf-8ffd-37170774309a,COM-94959,USR-4309,ServiceClient,"Service client correct, mais pourrait être plus rapide.",10/10/2024 15:16,,faible,Résolu,10/12/2024 4:16,MOD-3,REF-498570
24ec6257-23f0-4d9d-a8fa-a40bdc212c1a,COM-74495,USR-1506,ProblèmePaiement,"J'ai été facturé deux fois pour ma commande, c'est inacceptable !",9/30/2024 15:16,image_6803.jpg,élevé,Ouvert,,,REF-959010
ac876b1b-bf5e-4ec8-bc35-26f774a38431,COM-87818,USR-8062,ProblèmePaiement,"Petite erreur de facturation, mais gênante.",4/1/2025 15:16,,moyen,Ouvert,,,REF-318762
8a42c6da-3b40-41ae-aea4-5f2fd6c1fbee,COM-85389,USR-6205,ServiceClient,"Petit souci avec le support, mais acceptable.",6/28/2025 15:16,image_4526.jpg,moyen,Escaladé,,,REF-514961
85be0214-61ae-4153-90f0-d251039f841a,COM-62349,USR-6231,ServiceClient,"Service client injoignable, c'est insupportable !",8/1/2024 15:16,,élevé,Ouvert,,,REF-641956
28cafd3b-3a94-4162-b0dc-8c1fef491f45,COM-69565,USR-2040,CommandeErronée,"J'ai commandé frites, mais j'ai reçu burger.",10/23/2024 15:16,,faible,Escaladé,,,REF-926708
fdab211a-35bd-435b-b296-13adf8d1c4a2,COM-21253,USR-4201,ArticleManquant,"boisson manquant, veuillez résoudre immédiatement.",7/1/2025 15:16,,moyen,Ouvert,,,REF-281958
2d99d683-0e63-416a-b07d-c9cd5c0a6d01,COM-80609,USR-2648,ServiceClient,"Le service client n'a pas résolu mon problème, frustrant.",12/20/2024 15:16,,moyen,Escaladé,,,REF-710078
9b9aa144-d8ac-4f4d-9568-0668cbdb84aa,COM-38011,USR-7410,ServiceClient,"Le service client n'a pas résolu mon problème, frustrant.",4/30/2025 15:16,image_7043.jpg,élevé,Ouvert,,,REF-921467
6981953b-19f3-45cb-9237-c5b3713583e8,COM-19528,USR-3223,ServiceClient,"Petit souci avec le support, mais acceptable.",5/22/2025 15:16,"image_8436.jpg,image_7966.jpg",moyen,Résolu,5/23/2025 19:16,MOD-4,REF-920603
9fecae31-aea1-4383-b2a3-c590aff7d1ce,COM-43046,USR-4299,ArticleManquant,"Il manque salade dans ma commande, très décevant.",12/6/2024 15:16,"image_6223.jpg,image_4365.jpg",élevé,Résolu,12/8/2024 6:16,MOD-18,REF-587593
8dcfea31-77fa-4921-b22c-de2df44aaa4f,COM-34437,USR-5242,ProblèmePaiement,"J'ai été facturé deux fois pour ma commande, c'est inacceptable !",1/12/2025 15:16,,élevé,Escaladé,,,REF-667141
49b3b6ea-b8f7-4bd4-8c16-66b8287c7039,COM-61268,USR-7454,CommandeErronée,"Livré frites, mais je voulais frites, c'est inacceptable.",8/7/2024 15:16,,faible,Ouvert,,,REF-735878
2496424a-701f-43e9-aedc-61945b30f9b4,COM-51846,USR-9845,LivraisonRetard,"Commande arrivée après 3 heures, vraiment pas satisfait.",11/22/2024 15:16,,élevé,Ouvert,,,REF-199016
2aa3f939-4d4e-49d7-9512-eb8018ff58a2,COM-67470,USR-5728,LivraisonRetard,"Retard de 90 minutes, c'est scandaleux et dérangeant !",10/4/2024 15:16,,moyen,Escaladé,,,REF-221065
ddbf017a-42d1-499f-aefb-b809164dea1c,COM-21199,USR-5865,CommandeErronée,"Livré sauce, mais je voulais dessert, c'est inacceptable.",3/15/2025 15:16,,faible,Résolu,3/16/2025 10:16,MOD-19,REF-734036
98e71691-80e2-469e-9c96-e6a881226641,COM-85088,USR-5439,MauvaiseQualité,"Le goût de frites était un peu trempé, mais acceptable.",5/24/2025 15:16,,faible,Ouvert,,,REF-203170
6b47d583-c0bb-4660-abe6-5003e974e852,COM-45145,USR-6728,LivraisonRetard,"Retard de 2 heures, c'est scandaleux et dérangeant !",7/9/2024 15:16,,élevé,Ouvert,,,REF-289666
9eb31b91-56a9-491e-a233-5e3af964e8d5,COM-33114,USR-7911,CommandeErronée,"Commande incorrecte, mais le goût de boisson était acceptable.",11/5/2024 15:16,image_2261.jpg,moyen,Ouvert,,,REF-410948
19a643c3-5b56-4222-9e6b-530be5695b21,COM-80381,USR-6411,CommandeErronée,"Commande incorrecte, mais le goût de sauce était acceptable.",8/12/2024 15:16,,faible,Ouvert,,,REF-907471
9591bdee-36bc-4bde-9a43-945b740b8fba,COM-47581,USR-3857,ServiceClient,"Service client correct, mais pourrait être plus rapide.",12/19/2024 15:16,,faible,Escaladé,,,REF-188173
bc5c5992-b501-4c23-858c-3e5daaacc20a,COM-63124,USR-4012,NourritureEndommagée,"Commande endommagée, sauce était légèrement mal emballé.",7/4/2024 15:16,,faible,Résolu,7/5/2024 23:16,MOD-16,REF-326209
506c212e-178a-4cb2-b27c-47073bf8534a,COM-91113,USR-5091,LivraisonRetard,"Petit retard de 2 heures, mais la nourriture était correcte.",7/1/2024 15:16,,élevé,Escaladé,,,REF-950069
28330bd2-1952-4326-87b4-1831cb9f5fec,COM-51904,USR-5364,CommandeErronée,J'ai reçu frites au lieu de pizza.,8/26/2024 15:16,,faible,Ouvert,,,REF-709439
b5b4e5ed-4295-43f9-90b7-fd52eb4c3be2,COM-51473,USR-4500,ServiceClient,"Réponse lente du service client, qualité médiocre.",5/31/2025 15:16,,faible,Résolu,5/31/2025 19:16,MOD-6,REF-236129
16a7dca7-e2b0-4441-aea0-f69650a06340,COM-40939,USR-3249,MauvaiseQualité,"boisson était moisi, je ne commanderai plus.",4/26/2025 15:16,image_2479.jpg,élevé,Escaladé,,,REF-497383
b1e974fd-5288-4dca-be85-a71dd499143c,COM-90153,USR-7476,CommandeErronée,"Livré burger, mais je voulais sauce, c'est inacceptable.",7/4/2024 15:16,,faible,Escaladé,,,REF-888084
649495f3-f4b1-41ff-a458-510b634274a0,COM-64472,USR-7021,ProblèmePaiement,"J'ai été facturé deux fois pour ma commande, c'est inacceptable !",7/8/2024 15:16,"image_5443.jpg,image_9701.jpg",élevé,Résolu,7/9/2024 8:16,MOD-12,REF-566897
519bd7c0-69ad-4cda-98cd-d0f8320afeef,COM-77245,USR-2138,ServiceClient,"Petit souci avec le support, mais acceptable.",7/2/2024 15:16,image_3683.jpg,moyen,Ouvert,,,REF-200162
f5fcb592-9cb7-499f-806d-805de22b4fea,COM-58091,USR-5510,MauvaiseQualité,"dessert était moisi, totalement dégoûtant !",11/21/2024 15:16,image_5325.jpg,élevé,Ouvert,,,REF-674729
5b743e46-b1f3-4ee7-98d3-fe7c721ea7a0,COM-67199,USR-6704,ServiceClient,"Le service client n'a pas résolu mon problème, frustrant.",11/20/2024 15:16,,moyen,Ouvert,,,REF-444392
320968b5-bedf-41d6-a4a0-54a0cd4b5278,COM-49504,USR-5112,ProblèmePaiement,"J'ai été facturé deux fois pour ma commande, c'est inacceptable !",8/29/2024 15:16,,élevé,Ouvert,,,REF-711840
673b3279-c57c-4830-8daf-56193c263d02,COM-51873,USR-9870,MauvaiseQualité,"La nourriture était brûlé, pas à la hauteur.",2/10/2025 15:16,,faible,Ouvert,,,REF-164976
9c378746-1d35-4273-af52-1628e1df9198,COM-34766,USR-2087,MauvaiseQualité,"Très mauvaise qualité de sandwich, immangeable.",9/22/2024 15:16,,élevé,Escaladé,,,REF-705131
33884592-5c4c-4593-a9b4-676835f66468,COM-11130,USR-9257,ProblèmePaiement,"Problème de paiement, remboursement requis immédiatement.",10/13/2024 15:16,,élevé,Résolu,10/14/2024 23:16,MOD-8,REF-587126
9f1ac8c2-feb2-424f-8bcc-beeec01df588,COM-12034,USR-6841,MauvaiseQualité,"La nourriture était froid, pas à la hauteur.",2/4/2025 15:16,,faible,Ouvert,,,REF-392410
2c82b03b-5f16-4a07-af80-d2def577829a,COM-83190,USR-4505,ArticleManquant,Pourriez-vous vérifier pourquoi pâtes n'était pas inclus ?,8/20/2024 15:16,"image_7764.jpg,image_6127.jpg",faible,Résolu,8/20/2024 17:16,MOD-12,REF-949266
9b0fe3eb-6c8c-451b-a333-d8b364e967bd,COM-82089,USR-8404,NourritureEndommagée,"boisson livré brûlé, c'est scandaleux et dangereux !",7/7/2024 15:16,,élevé,Ouvert,,,REF-181797
a3f2fa40-e29b-4516-a7d3-da7323a31948,COM-80857,USR-7641,LivraisonRetard,"Retard de 90 minutes, c'est scandaleux et dérangeant !",1/5/2025 15:16,,moyen,Résolu,1/6/2025 7:16,MOD-5,REF-709860
c29b82a1-05cc-4e7a-a84d-d1373548c0a3,COM-42787,USR-5372,MauvaiseQualité,"Qualité médiocre de frites, très frustrant.",11/4/2024 15:16,image_5658.jpg,élevé,Résolu,11/6/2024 1:16,MOD-19,REF-167594
8d0c50cf-6a6f-4fd4-94e9-b46fa8e90ad9,COM-39263,USR-6290,CommandeErronée,"Commande erronée livrée, j'ai eu sandwich et non pâtes.",2/22/2025 15:16,,faible,Résolu,2/22/2025 17:16,MOD-12,REF-221744
a077d64e-576d-4ced-a917-29983b362e05,COM-76638,USR-6629,NourritureEndommagée,"sushi livré froid, c'est scandaleux et dangereux !",8/24/2024 15:16,"image_7782.jpg,image_1200.jpg",élevé,Résolu,8/26/2024 10:16,MOD-20,REF-294360
8cfc6b93-082a-4576-b1aa-e4cd33035ea9,COM-80658,USR-6747,ServiceClient,"Petit souci avec le support, mais acceptable.",7/14/2024 15:16,,faible,Ouvert,,,REF-414237
bbc24362-39a6-4284-b326-fe1998018129,COM-27468,USR-8501,CommandeErronée,"Commande erronée livrée, j'ai eu boisson et non frites.",5/6/2025 15:16,,faible,Ouvert,,,REF-980849
e959f6d9-4d64-4639-ae97-50d54f3b3278,COM-69697,USR-5187,ServiceClient,"Petit souci avec le support, mais acceptable.",8/10/2024 15:16,,faible,Ouvert,,,REF-712759
6a0daa44-f9f1-465c-81b0-69c8595467e3,COM-65735,USR-6460,MauvaiseQualité,"salade n'était pas terrible, qualité moyenne.",3/30/2025 15:16,,faible,Ouvert,,,REF-496950
b84678ed-e836-43f2-90c5-9c1d05dc6aa5,COM-28147,USR-9571,CommandeErronée,"Mauvais article livré, boisson à la place de dessert.",11/5/2024 15:16,,faible,Résolu,11/7/2024 9:16,MOD-1,REF-994173
01fb7631-0707-4ca1-a91c-a320bcc33ce7,COM-47601,USR-3347,ProblèmePaiement,"Erreur de facturation pour sushi, très frustrant.",12/6/2024 15:16,,moyen,Escaladé,,,REF-415726
0d882960-7f65-481b-b32c-cd5286a28fb9,COM-39165,USR-1237,ArticleManquant,"Il manque sushi dans ma commande, très décevant.",4/16/2025 15:16,,moyen,Ouvert,,,REF-445376
4ee242bb-3f6e-440b-a809-456f038813b7,COM-46538,USR-9262,ArticleManquant,"Petit souci, il manquait pizza dans la commande.",7/6/2024 15:16,,faible,Escaladé,,,REF-372292
8def93f2-74c4-4b9e-bbff-7465905a1690,COM-44336,USR-9113,MauvaiseQualité,"La nourriture était brûlé, pas à la hauteur.",7/7/2024 15:16,,faible,Escaladé,,,REF-417349
9074671b-d661-4e19-a3ca-e6fc0186f426,COM-53721,USR-5714,ArticleManquant,Pourriez-vous vérifier pourquoi boisson n'était pas inclus ?,10/15/2024 15:16,,faible,Résolu,10/16/2024 5:16,MOD-4,REF-117021
0537120c-a0c2-440f-be92-b2acf5372438,COM-80754,USR-3185,MauvaiseQualité,"Le goût de salade était un peu froid, mais acceptable.",1/22/2025 15:16,image_6539.jpg,moyen,Escaladé,,,REF-197663
da4ad1ae-4c75-4d80-bb66-44ce3f3cf407,COM-89399,USR-2953,ArticleManquant,"sandwich manquant, veuillez résoudre immédiatement.",4/24/2025 15:16,,moyen,Ouvert,,,REF-932659
9a8f6701-531c-4481-bb01-4496b6baa838,COM-60464,USR-1861,CommandeErronée,"Commande incorrecte, mais le goût de boisson était acceptable.",10/16/2024 15:16,image_5740.jpg,moyen,Résolu,10/17/2024 1:16,MOD-13,REF-704597
b024f4e0-8ba3-456b-b998-50c6dcfa289d,COM-87947,USR-1296,MauvaiseQualité,"pizza était gâté, totalement dégoûtant !",7/5/2024 15:16,,élevé,Résolu,7/6/2024 20:16,MOD-15,REF-913292
a4300d0a-994b-44b8-a78c-bfe279ad7673,COM-19054,USR-6119,CommandeErronée,"Commande incorrecte, mais le goût de burger était acceptable.",6/5/2025 15:16,,faible,Escaladé,,,REF-247248
7584e201-2a50-427e-af86-e83a155fcf24,COM-70126,USR-9363,ArticleManquant,"Petit souci, il manquait sauce dans la commande.",8/4/2024 15:16,,faible,Ouvert,,,REF-233750
3f92bb20-8a0f-4f33-8f67-f682512bc577,COM-18103,USR-3665,CommandeErronée,"Mauvais article livré, sauce à la place de burger.",10/25/2024 15:16,image_9574.jpg,faible,Ouvert,,,REF-131241
45b076e6-37b6-45ca-b858-d1112200b505,COM-17159,USR-9471,LivraisonRetard,"Commande arrivée après 2 heures, vraiment pas satisfait.",5/8/2025 15:16,,élevé,Ouvert,,,REF-388817
284a9174-ae21-442f-86f3-5588210539f8,COM-33752,USR-2390,NourritureEndommagée,"dessert livré sans goût, c'est scandaleux et dangereux !",4/21/2025 15:16,image_4720.jpg,élevé,Escaladé,,,REF-164389
a66fe6fe-d36a-4090-96e1-af0a30b01520,COM-47807,USR-1224,MauvaiseQualité,"salade était mal emballé, totalement dégoûtant !",1/9/2025 15:16,,élevé,Ouvert,,,REF-624527
4cb69443-99de-4418-b215-d6b63c45b3c6,COM-13037,USR-8543,CommandeErronée,"Commande erronée livrée, j'ai eu dessert et non sushi.",4/24/2025 15:16,,faible,Résolu,4/25/2025 19:16,MOD-9,REF-775046
a6bd3223-1388-44d7-ba5d-2c7ecbc401ec,COM-75824,USR-9705,ProblèmePaiement,"Surfacturation de la commande, service client désastreux.",5/20/2025 15:16,,élevé,Résolu,5/22/2025 14:16,MOD-5,REF-300850
1405da23-d2ad-4f2f-940e-ae8f7eea026c,COM-13902,USR-1085,ProblèmePaiement,"Petite erreur de facturation, mais gênante.",11/3/2024 15:16,,moyen,Escaladé,,,REF-462664
17e54e7c-f145-4fd2-be8f-b6be809397c9,COM-14511,USR-9341,MauvaiseQualité,"pâtes n'était pas terrible, qualité moyenne.",6/23/2025 15:16,,moyen,Résolu,6/25/2025 5:16,MOD-5,REF-706311
81b04338-a4e9-464b-a629-84809212c491,COM-30247,USR-5913,CommandeErronée,"Commande incorrecte, mais le goût de dessert était acceptable.",4/9/2025 15:16,,faible,Ouvert,,,REF-317349
31ad232f-9b3c-4183-ba45-aab6c9c619f6,COM-56836,USR-1176,MauvaiseQualité,"sushi était trempé, je ne commanderai plus.",4/15/2025 15:16,,faible,Résolu,4/17/2025 5:16,MOD-2,REF-110001
3a0706dd-3789-4bc5-b909-89161e524376,COM-31105,USR-6090,ArticleManquant,"Je n'ai pas reçu sushi, besoin d'un remboursement.",9/1/2024 15:16,,faible,Escaladé,,,REF-175111
0f787cae-969b-4fff-81d5-c1a6abcbc331,COM-17445,USR-1800,ProblèmePaiement,"Problème mineur avec le paiement, veuillez vérifier.",4/6/2025 15:16,,moyen,Escaladé,,,REF-203650
27e48386-5be0-42b9-9bc3-84e8a3fb141b,COM-61350,USR-2861,NourritureEndommagée,"pâtes livré froid, c'est scandaleux et dangereux !",7/15/2024 15:16,image_8023.jpg,élevé,Escaladé,,,REF-286606
5a363ab3-2ce1-4f5a-94e9-b3ad6542d99e,COM-94338,USR-5893,ArticleManquant,Pourriez-vous vérifier pourquoi salade n'était pas inclus ?,1/13/2025 15:16,,faible,Résolu,1/15/2025 4:16,MOD-15,REF-686167
46a65489-c5f7-40a8-9754-f920cc5500d6,COM-78074,USR-3651,ServiceClient,"Réponse lente du service client, qualité médiocre.",8/26/2024 15:16,"image_7325.jpg,image_2623.jpg",moyen,Résolu,8/26/2024 21:16,MOD-18,REF-323639
ddc04626-198c-4b7a-8764-b2b0a7bb9d09,COM-81479,USR-6790,MauvaiseQualité,"La nourriture était écrasé, pas à la hauteur.",3/15/2025 15:16,,faible,Ouvert,,,REF-862575
94ed30bc-8bfb-4d5c-ac9a-ebeac0b45100,COM-79192,USR-8409,ProblèmePaiement,"J'ai été facturé deux fois pour ma commande, c'est inacceptable !",7/22/2024 15:16,,élevé,Résolu,7/24/2024 7:16,MOD-9,REF-634344
2f4ececd-74ff-4e31-a623-8d623684e9ec,COM-60543,USR-9896,MauvaiseQualité,"salade était écrasé, totalement dégoûtant !",5/5/2025 15:16,,élevé,Escaladé,,,REF-651478
19f4b45d-e054-4840-a8bc-e3bdb2bb7d6e,COM-20303,USR-9364,ArticleManquant,"Petit souci, il manquait boisson dans la commande.",10/5/2024 15:16,image_4806.jpg,faible,Escaladé,,,REF-801638
769788f9-5be5-414d-be8f-ac6406dedbde,COM-47936,USR-6079,ArticleManquant,"Il manque boisson dans ma commande, très décevant.",10/1/2024 15:16,image_8241.jpg,élevé,Ouvert,,,REF-962404
065fb967-2002-4bea-898d-35454fc1412a,COM-79752,USR-8595,LivraisonRetard,"La nourriture est arrivée avec 30 minutes de retard, service décevant.",7/21/2024 15:16,,moyen,Escaladé,,,REF-741867
bb363e4d-87f1-433c-9165-97f587f76c7b,COM-91041,USR-4461,ProblèmePaiement,"Erreur de facturation pour sauce, très frustrant.",10/8/2024 15:16,,moyen,Résolu,10/9/2024 22:16,MOD-17,REF-427217
cf37c94d-9dfa-4530-92df-5053bbfe1799,COM-79390,USR-5855,ServiceClient,"Mauvaise expérience avec le support, très décevant.",3/1/2025 15:16,image_8080.jpg,élevé,Ouvert,,,REF-234189
fc621521-2e29-4af9-af28-257d69198635,COM-66355,USR-8123,ArticleManquant,"Il manque salade dans ma commande, très décevant.",10/29/2024 15:16,,moyen,Résolu,10/30/2024 19:16,MOD-18,REF-551261
016d8724-6478-4f0d-9c88-9538d222a9f7,COM-83002,USR-5264,LivraisonRetard,"J'ai attendu 30 minutes pour ma commande, très frustrant.",1/16/2025 15:16,,moyen,Ouvert,,,REF-338430
c89a9dc2-4e96-433f-a999-e22d3f6c8be2,COM-24074,USR-3451,CommandeErronée,"Mauvais article livré, pâtes à la place de sushi.",8/25/2024 15:16,"image_5672.jpg,image_2791.jpg",faible,Résolu,8/26/2024 5:16,MOD-4,REF-595898
bfa973ce-853a-48e9-b9d9-46ab6d48dacf,COM-86457,USR-5611,CommandeErronée,"Petite erreur, j'ai reçu sandwich au lieu de frites.",12/29/2024 15:16,,faible,Résolu,12/30/2024 6:16,MOD-7,REF-311497
6c8c64bd-b98c-4ba9-aaa0-aa1397ad7686,COM-32862,USR-7250,ProblèmePaiement,"Petite erreur de facturation, mais gênante.",2/7/2025 15:16,"image_1464.jpg,image_7642.jpg",élevé,Résolu,2/8/2025 7:16,MOD-16,REF-454621
f6959c6b-8c36-49f6-af01-70a495a50d87,COM-27030,USR-7119,MauvaiseQualité,"Très mauvaise qualité de dessert, immangeable.",2/26/2025 15:16,,élevé,Escaladé,,,REF-807725
3e65a301-3fcd-44c8-9308-a0d5c29c7b19,COM-95830,USR-1646,LivraisonRetard,"La commande a été livrée avec 90 minutes de retard, la nourriture était froide.",8/29/2024 15:16,image_4679.jpg,élevé,Ouvert,,,REF-760215
5c2c9f71-81ab-4b36-896b-4e1b0ddd5673,COM-42892,USR-4412,LivraisonRetard,"Commande arrivée après 90 minutes, vraiment pas satisfait.",7/23/2024 15:16,,moyen,Résolu,7/24/2024 2:16,MOD-4,REF-507687
80c30dc2-48ca-49f2-8b9d-96507358c6eb,COM-10142,USR-5075,ArticleManquant,Pourriez-vous vérifier pourquoi salade n'était pas inclus ?,11/20/2024 15:16,,faible,Escaladé,,,REF-887667
fb7e6812-45c3-49ac-af0c-a76e426eda5f,COM-62934,USR-4984,LivraisonRetard,"Commande arrivée après 30 minutes, vraiment pas satisfait.",4/9/2025 15:16,,moyen,Ouvert,,,REF-104199
fbdf35d7-ec78-4b7a-a8d3-504018ccf9a3,COM-60852,USR-1757,NourritureEndommagée,"burger était mal emballé, qualité inacceptable.",10/27/2024 15:16,image_6631.jpg,élevé,Ouvert,,,REF-122770
48d27b9f-c0b5-448a-b42a-d52b470d0aeb,COM-51646,USR-7614,ProblèmePaiement,"Problème de paiement, remboursement requis immédiatement.",5/15/2025 15:16,,élevé,Ouvert,,,REF-470117
daedd681-a566-4735-b878-589dd2a1655c,COM-47178,USR-4079,MauvaiseQualité,"pizza était froid, totalement dégoûtant !",4/2/2025 15:16,,élevé,Résolu,4/3/2025 7:16,MOD-19,REF-631028
0e89cd53-5e95-4a4a-9d71-cc9511b54542,COM-77686,USR-6459,CommandeErronée,"Erreur sur ma commande : boisson au lieu de sushi, très agaçant.",12/6/2024 15:16,,moyen,Ouvert,,,REF-987437
34c97494-c6b2-499b-971d-0b17910a4815,COM-36329,USR-3233,NourritureEndommagée,"La commande était trempé, très déçu.",12/27/2024 15:16,image_1740.jpg,faible,Ouvert,,,REF-996217
899d9fa3-fb8f-4f10-8aa1-62e675ba2046,COM-42233,USR-9092,ProblèmePaiement,"Petite erreur de facturation, mais gênante.",9/2/2024 15:16,"image_3307.jpg,image_8157.jpg",élevé,Escaladé,,,REF-723334
02d3ab56-e349-4885-b722-4d1d648b8679,COM-51944,USR-6591,NourritureEndommagée,"La commande était trempé, très déçu.",10/31/2024 15:16,image_8978.jpg,faible,Résolu,10/31/2024 22:16,MOD-4,REF-992286
b3686784-8e20-44e2-ad46-715cd558f361,COM-74064,USR-1081,MauvaiseQualité,"Qualité médiocre de pâtes, très frustrant.",11/21/2024 15:16,,moyen,Escaladé,,,REF-780933
920c2405-2713-44eb-8663-7c78cc327f4f,COM-24799,USR-9547,ArticleManquant,"Manque sandwich, service médiocre.",2/2/2025 15:16,,faible,Résolu,2/3/2025 7:16,MOD-20,REF-887103
227b348e-9382-4e81-b612-8b028684c02a,COM-61772,USR-6040,LivraisonRetard,"Petit retard de 1 heure, mais la nourriture était correcte.",7/28/2024 15:16,image_6107.jpg,élevé,Escaladé,,,REF-220458
f71bde8d-47fa-4ca5-87a7-7822cdfa51b9,COM-54641,USR-9382,NourritureEndommagée,"burger livré brûlé, c'est scandaleux et dangereux !",11/17/2024 15:16,"image_1459.jpg,image_5172.jpg",élevé,Escaladé,,,REF-237809
89583a35-11bd-40e8-a779-b71119988ea5,COM-86219,USR-8848,MauvaiseQualité,"Le goût de sushi était un peu gâté, mais acceptable.",9/16/2024 15:16,,élevé,Résolu,9/17/2024 11:16,MOD-4,REF-608570
dcfe2a97-87f9-418d-9c5c-bac4cff67821,COM-57319,USR-6067,ArticleManquant,Pourriez-vous vérifier pourquoi sauce n'était pas inclus ?,1/29/2025 15:16,image_4774.jpg,faible,Résolu,1/30/2025 0:16,MOD-18,REF-266395
f23ebe6c-c434-49b6-a248-cec56e750cd4,COM-82151,USR-2372,CommandeErronée,J'ai reçu pâtes au lieu de salade.,4/15/2025 15:16,,faible,Escaladé,,,REF-662787
5d775a77-a3fb-4ac1-a7a9-25cd0ff6df83,COM-40851,USR-5121,CommandeErronée,"Petite erreur, j'ai reçu burger au lieu de sandwich.",5/11/2025 15:16,,faible,Résolu,5/12/2025 11:16,MOD-20,REF-795272
b9f71d4f-eada-4bca-8aa2-6c1044724fb1,COM-11800,USR-7152,CommandeErronée,"Commande incorrecte, mais le goût de salade était acceptable.",9/21/2024 15:16,,faible,Résolu,9/22/2024 6:16,MOD-19,REF-104760
66e5698f-7bdb-40a1-8720-d1b54b7046a7,COM-37247,USR-3244,ProblèmePaiement,"Petite erreur de facturation, mais gênante.",4/15/2025 15:16,image_3460.jpg,élevé,Escaladé,,,REF-569168
b8a98a18-97f2-4a1b-afc7-b8d803d36b69,COM-93008,USR-7607,ServiceClient,"Mauvaise expérience avec le support, très décevant.",1/22/2025 15:16,,moyen,Escaladé,,,REF-259007
545d889b-6f15-4836-b656-2dc35312b3d8,COM-28585,USR-5863,MauvaiseQualité,"salade était froid, totalement dégoûtant !",5/6/2025 15:16,image_4537.jpg,élevé,Ouvert,,,REF-348911
3771a81f-888e-4d7c-8a53-b326ac8234d4,COM-85073,USR-5505,ServiceClient,"Service client injoignable, c'est insupportable !",3/11/2025 15:16,image_6436.jpg,élevé,Ouvert,,,REF-219874
e5bfe615-ae4d-429b-b911-77a3c8f94d96,COM-10698,USR-9352,MauvaiseQualité,"frites était trempé, je ne commanderai plus.",2/12/2025 15:16,image_3878.jpg,faible,Résolu,2/13/2025 2:16,MOD-20,REF-992560
7c24f1b1-2c4c-46a1-8086-3d75a197a3d3,COM-50446,USR-7238,LivraisonRetard,"Petit retard de 90 minutes, mais la nourriture était correcte.",3/22/2025 15:16,,moyen,Escaladé,,,REF-693079
a7743e1e-a3e9-44e6-ae12-ddbe8756baf6,COM-33760,USR-7421,LivraisonRetard,"J'ai attendu 1 heure pour ma commande, très frustrant.",4/24/2025 15:16,image_4510.jpg,élevé,Escaladé,,,REF-365747
c233b4ed-e6e9-4b0d-b236-82896820938b,COM-97501,USR-8190,CommandeErronée,"Petite erreur, j'ai reçu burger au lieu de sandwich.",3/23/2025 15:16,,faible,Escaladé,,,REF-478437
898a55fd-9fda-4403-93e7-311e4ea98e5c,COM-27569,USR-9027,CommandeErronée,"Livré salade, mais je voulais burger, c'est inacceptable.",3/17/2025 15:16,"image_5982.jpg,image_2780.jpg",moyen,Escaladé,,,REF-272362
317a7a90-ab01-426e-af7c-afb4f0bb54f1,COM-18591,USR-9511,LivraisonRetard,"La nourriture est arrivée avec 30 minutes de retard, service décevant.",8/22/2024 15:16,,élevé,Résolu,8/23/2024 3:16,MOD-20,REF-546676
1df7fd75-6692-4732-ac62-62a06bba8612,COM-23957,USR-3062,LivraisonRetard,"Retard de 90 minutes, c'est scandaleux et dérangeant !",11/26/2024 15:16,image_9733.jpg,élevé,Escaladé,,,REF-216709
ce5fedb7-dcc3-437d-af24-66d91e1544f0,COM-33582,USR-1524,NourritureEndommagée,"sushi était écrasé, qualité inacceptable.",4/3/2025 15:16,image_5423.jpg,élevé,Escaladé,,,REF-143666
29e3bd1e-dbd5-4bb1-8e18-af7f39fcd0c1,COM-30362,USR-5345,ServiceClient,"Service client injoignable, c'est insupportable !",4/5/2025 15:16,,élevé,Résolu,4/5/2025 23:16,MOD-13,REF-480107
887a9d20-dd91-4b46-8713-69df13ad918b,COM-83553,USR-1510,LivraisonRetard,"Retard de 1 heure, c'est scandaleux et dérangeant !",3/13/2025 15:16,,élevé,Résolu,3/13/2025 19:16,MOD-13,REF-333683
2ebbb5f5-06e0-4dd3-b590-18379c4f184d,COM-58980,USR-3918,MauvaiseQualité,"Très mauvaise qualité de sandwich, immangeable.",7/8/2024 15:16,image_7971.jpg,élevé,Escaladé,,,REF-590717
b746f306-eb01-4a04-bd6d-c5e5e3554088,COM-49663,USR-5365,MauvaiseQualité,"Qualité médiocre de boisson, très frustrant.",1/3/2025 15:16,,moyen,Résolu,1/5/2025 12:16,MOD-14,REF-249339
dd9ff9f8-10c6-4cae-ac5d-a40eb34f4389,COM-62070,USR-3595,ArticleManquant,Pourriez-vous vérifier pourquoi salade n'était pas inclus ?,8/16/2024 15:16,,faible,Escaladé,,,REF-871798
3862c530-0dff-42de-af8e-4f7ad545d28f,COM-70493,USR-8214,CommandeErronée,"J'ai commandé pizza, mais j'ai reçu dessert.",8/4/2024 15:16,,faible,Escaladé,,,REF-283392
7b3631f9-3980-4567-a4c7-77e5edbdf4c9,COM-74371,USR-6793,ArticleManquant,"Je n'ai pas reçu burger, besoin d'un remboursement.",11/25/2024 15:16,,faible,Résolu,11/26/2024 0:16,MOD-15,REF-471229
75c49514-9417-4774-9bf2-686197e66439,COM-98582,USR-5776,LivraisonRetard,"Petit retard de 2 heures, mais la nourriture était correcte.",1/26/2025 15:16,"image_3768.jpg,image_1616.jpg",élevé,Escaladé,,,REF-147666
4ce0dd04-aff2-4f96-9581-29fa28569393,COM-46312,USR-3410,ProblèmePaiement,"Erreur de facturation pour burger, très frustrant.",4/19/2025 15:16,,moyen,Escaladé,,,REF-832854
50d0e1a4-f3fa-44ff-85b8-dae9a69f0aa6,COM-76548,USR-8121,LivraisonRetard,"Retard de 2 heures, c'est scandaleux et dérangeant !",1/20/2025 15:16,,élevé,Ouvert,,,REF-286152
935a2cc1-d88e-4846-a665-9285cb9b3690,COM-65471,USR-8389,MauvaiseQualité,"pizza était écrasé, totalement dégoûtant !",8/3/2024 15:16,,élevé,Ouvert,,,REF-236244
4cdc3340-cae6-4056-b8c2-01d347bcfa50,COM-41742,USR-3111,LivraisonRetard,"Livraison en retard de 3 heures, c'est gênant mais acceptable.",8/5/2024 15:16,"image_2150.jpg,image_1862.jpg",élevé,Résolu,8/6/2024 14:16,MOD-5,REF-470960
4590c16a-c10e-4d0f-aa89-9a0ed3629ba0,COM-59197,USR-5087,LivraisonRetard,"Commande arrivée après 30 minutes, vraiment pas satisfait.",1/1/2025 15:16,,moyen,Escaladé,,,REF-318512
57fe206b-a2a6-4225-841f-d3d130d7ce8a,COM-47058,USR-7615,ArticleManquant,Pourriez-vous vérifier pourquoi sauce n'était pas inclus ?,1/10/2025 15:16,"image_1081.jpg,image_3627.jpg",faible,Escaladé,,,REF-155034
8f1367f7-f662-45b2-a67a-92fd3f75bcea,COM-66348,USR-6670,ProblèmePaiement,"Petite erreur de facturation, mais gênante.",9/3/2024 15:16,,moyen,Ouvert,,,REF-788577
ec1dbd9f-cb1e-4d3d-bc9c-1ffeeed22943,COM-88793,USR-3244,NourritureEndommagée,"Tout était gâté, expérience catastrophique.",5/4/2025 15:16,image_6691.jpg,élevé,Résolu,5/6/2025 4:16,MOD-13,REF-984910
c2161f0c-aaba-4f13-9309-faa5792c0ca8,COM-28686,USR-1906,LivraisonRetard,"Livraison en retard de 30 minutes, c'est gênant mais acceptable.",4/29/2025 15:16,image_8989.jpg,élevé,Résolu,5/1/2025 8:16,MOD-9,REF-542046
b98bea7b-dec9-4bcf-9134-553d0c9e74a8,COM-49682,USR-7198,NourritureEndommagée,"sushi était un peu brûlé, mais mangeable.",8/27/2024 15:16,"image_1429.jpg,image_7468.jpg",faible,Ouvert,,,REF-255179
8868376e-130a-4236-87a3-2e802646ad3f,COM-17817,USR-6380,LivraisonRetard,"Livraison retardée de 1 heure, totalement inacceptable !",6/15/2025 15:16,,moyen,Résolu,6/15/2025 16:16,MOD-20,REF-921055
908da616-2305-4e0d-b590-cb807c543252,COM-38234,USR-2921,ProblèmePaiement,"Petite erreur de facturation, mais gênante.",8/5/2024 15:16,,moyen,Ouvert,,,REF-997853
e0bfd493-0726-4072-96eb-0845671bd74b,COM-73397,USR-7141,CommandeErronée,"J'ai commandé pizza, mais j'ai reçu pâtes.",8/12/2024 15:16,image_7642.jpg,faible,Ouvert,,,REF-954323
82a56a6d-e76a-4f6a-b732-9b0766f8048b,COM-19960,USR-8655,MauvaiseQualité,"Très mauvaise qualité de sushi, immangeable.",8/19/2024 15:16,"image_4005.jpg,image_4062.jpg",élevé,Escaladé,,,REF-697044
354e4c04-2bd7-4234-869b-2936be953073,COM-56449,USR-5294,LivraisonRetard,"Livraison en retard de 90 minutes, c'est gênant mais acceptable.",12/24/2024 15:16,,moyen,Résolu,12/25/2024 7:16,MOD-9,REF-175015
4a59aa6c-a376-4359-9b5b-1f623abde64b,COM-58910,USR-9634,ProblèmePaiement,"Petite erreur de facturation, mais gênante.",7/22/2024 15:16,,moyen,Escaladé,,,REF-433869
5eaa42ae-95ff-48d1-95b8-18583287b22d,COM-96869,USR-6016,ArticleManquant,"Petit souci, il manquait frites dans la commande.",2/16/2025 15:16,,faible,Résolu,2/16/2025 23:16,MOD-20,REF-902189
16f44ebd-a3ac-40e4-b883-fa392d44f9c6,COM-91826,USR-3119,MauvaiseQualité,"Très mauvaise qualité de sauce, immangeable.",2/28/2025 15:16,image_6606.jpg,élevé,Ouvert,,,REF-528478
f02007de-b3a5-46e4-bdfc-3607dc230c9d,COM-19183,USR-5723,LivraisonRetard,"Retard de 3 heures, c'est scandaleux et dérangeant !",11/17/2024 15:16,,élevé,Résolu,11/18/2024 8:16,MOD-20,REF-413853
05544128-eafe-472a-8159-f9a9172124f2,COM-90430,USR-3966,ServiceClient,"Le service client n'a pas résolu mon problème, frustrant.",12/31/2024 15:16,,moyen,Ouvert,,,REF-252492
a4a3c5e5-afd1-4490-9178-17204b685115,COM-58595,USR-2301,ProblèmePaiement,"Erreur de facturation pour sushi, très frustrant.",9/22/2024 15:16,image_8914.jpg,élevé,Résolu,9/23/2024 18:16,MOD-4,REF-965820
37ae211b-2cd9-430e-aba2-00880ffe2cd5,COM-78468,USR-4992,CommandeErronée,"Petite erreur, j'ai reçu sauce au lieu de pizza.",7/15/2024 15:16,,faible,Résolu,7/17/2024 7:16,MOD-17,REF-450993
2f03fac4-d0da-434d-94be-3102d1728327,COM-81377,USR-3515,ArticleManquant,"Petit souci, il manquait boisson dans la commande.",3/22/2025 15:16,image_5179.jpg,faible,Résolu,3/24/2025 9:16,MOD-20,REF-511420
3ac6aa93-677b-4a10-94e4-60ea710e946d,COM-87359,USR-8269,CommandeErronée,"Livré pâtes, mais je voulais frites, c'est inacceptable.",4/28/2025 15:16,,faible,Ouvert,,,REF-677549
ed7372e6-8b04-43ce-bc55-cc50b3d4cd9e,COM-79982,USR-4228,ArticleManquant,"Manque sauce, service médiocre.",11/25/2024 15:16,,faible,Escaladé,,,REF-450139
019393a6-d757-47df-8e08-f844a6f117e8,COM-68885,USR-1975,ServiceClient,"Service client correct, mais pourrait être plus rapide.",7/8/2024 15:16,,faible,Ouvert,,,REF-378810
7d0df8ca-16b9-480b-9b65-0421f9e70abe,COM-79406,USR-3035,ServiceClient,"Réponse lente du service client, qualité médiocre.",6/4/2025 15:16,,faible,Résolu,6/6/2025 4:16,MOD-17,REF-917180
c63dae13-3fa9-4a6b-a533-4bb7ddc8e590,COM-28009,USR-7117,MauvaiseQualité,"La nourriture était brûlé, pas à la hauteur.",5/10/2025 15:16,,faible,Escaladé,,,REF-928335
bce98cfd-dc4b-484d-b64d-e44174fab893,COM-43201,USR-2985,MauvaiseQualité,"La nourriture était mal emballé, pas à la hauteur.",3/27/2025 15:16,,faible,Ouvert,,,REF-226345
365a0c38-e321-4c5d-8186-e8324278462b,COM-55279,USR-5165,CommandeErronée,"J'ai commandé sauce, mais j'ai reçu pâtes.",1/28/2025 15:16,image_2995.jpg,faible,Résolu,1/28/2025 23:16,MOD-1,REF-646797
b562bdef-f4f9-4598-b1b1-84742bf92ddb,COM-13244,USR-3727,ArticleManquant,"Commande incomplète, sushi non livré.",2/28/2025 15:16,"image_2400.jpg,image_3755.jpg",faible,Ouvert,,,REF-133984
484b4013-b16e-4e7e-8857-32ec501a4a61,COM-34731,USR-1984,ServiceClient,"Réponse lente du service client, qualité médiocre.",1/6/2025 15:16,image_8541.jpg,moyen,Ouvert,,,REF-397587
235daaec-703b-4fc0-aa76-5644007de616,COM-26295,USR-2083,LivraisonRetard,"Livraison en retard de 30 minutes, c'est gênant mais acceptable.",4/9/2025 15:16,,moyen,Ouvert,,,REF-508074
4dbaa666-8dfe-4725-af46-17528a5e1d39,COM-99292,USR-9526,ArticleManquant,"Pas de sushi, c'est inacceptable et frustrant !",8/12/2024 15:16,image_7211.jpg,élevé,Escaladé,,,REF-795935
b4ee419f-dbad-4482-97e5-13c6d0932284,COM-96082,USR-5291,ArticleManquant,"Il manque salade dans ma commande, très décevant.",6/26/2025 15:16,,moyen,Escaladé,,,REF-854814
06b909e6-8352-4abb-a267-e502125352d0,COM-85648,USR-2585,LivraisonRetard,"Livraison retardée de 3 heures, totalement inacceptable !",7/19/2024 15:16,,élevé,Escaladé,,,REF-556176
2383c9f4-66e7-4445-ab01-51a478db017c,COM-90510,USR-4690,ProblèmePaiement,"Petite erreur de facturation, mais gênante.",2/18/2025 15:16,image_9913.jpg,élevé,Résolu,2/18/2025 16:16,MOD-9,REF-557472
7a1af532-a52f-4273-8ed8-8017d602f1da,COM-55447,USR-4624,LivraisonRetard,"La nourriture est arrivée avec 2 heures de retard, service décevant.",8/2/2024 15:16,image_7117.jpg,élevé,Résolu,8/4/2024 1:16,MOD-1,REF-467774
1866c716-de66-4582-a15d-d5272460fa1d,COM-53421,USR-3418,MauvaiseQualité,"burger avait un goût brûlé, expérience horrible.",4/11/2025 15:16,,élevé,Escaladé,,,REF-961828
804717f1-9ddd-4ee4-b069-5871d85f8503,COM-10223,USR-2756,ProblèmePaiement,"Problème de paiement, remboursement requis immédiatement.",12/29/2024 15:16,,élevé,Ouvert,,,REF-852178
784b6e2b-7248-4029-9f69-6318747a32bb,COM-33830,USR-9517,ProblèmePaiement,"Problème mineur avec le paiement, veuillez vérifier.",7/16/2024 15:16,"image_8469.jpg,image_9239.jpg",élevé,Résolu,7/18/2024 15:16,MOD-5,REF-411135
1c9f1262-08b2-4a3d-bcaa-90b732915af4,COM-19076,USR-1929,MauvaiseQualité,"Très mauvaise qualité de sauce, immangeable.",6/3/2025 15:16,"image_9734.jpg,image_3328.jpg",élevé,Résolu,6/4/2025 20:16,MOD-3,REF-355867
09173e86-89b1-4edc-8be6-6b9fda6396b9,COM-28765,USR-7926,ServiceClient,"Réponse lente du service client, qualité médiocre.",3/7/2025 15:16,image_2977.jpg,moyen,Résolu,3/9/2025 13:16,MOD-11,REF-951410
f967162c-70b0-4dec-961a-640e1670eea8,COM-13407,USR-2166,LivraisonRetard,"La commande a été livrée avec 90 minutes de retard, la nourriture était froide.",10/2/2024 15:16,image_4484.jpg,élevé,Ouvert,,,REF-377106
821632cc-d91a-4393-b415-1b1c86b50376,COM-93457,USR-2594,ProblèmePaiement,"Problème mineur avec le paiement, veuillez vérifier.",10/14/2024 15:16,,moyen,Résolu,10/16/2024 9:16,MOD-16,REF-813124
8aa4fedf-d6ee-496e-863c-dc4ae8209214,COM-37452,USR-7707,ArticleManquant,"Petit souci, il manquait sushi dans la commande.",4/18/2025 15:16,,faible,Résolu,4/19/2025 7:16,MOD-11,REF-498277
5aca7268-9a71-43c7-b1a7-fdd8cb371896,COM-96120,USR-8598,ProblèmePaiement,"J'ai été facturé deux fois pour ma commande, c'est inacceptable !",5/31/2025 15:16,,élevé,Ouvert,,,REF-818147
d3fcbb09-70e4-4819-941a-0bbe0952cda2,COM-88176,USR-3188,LivraisonRetard,"Petit retard de 2 heures, mais la nourriture était correcte.",3/10/2025 15:16,image_9465.jpg,élevé,Résolu,3/12/2025 12:16,MOD-18,REF-438909
98527feb-ea53-4343-9476-b2562927346d,COM-28179,USR-5986,CommandeErronée,"Erreur sur ma commande : pizza au lieu de dessert, très agaçant.",3/28/2025 15:16,,moyen,Résolu,3/28/2025 21:16,MOD-9,REF-990216
d9bf1251-0898-41a0-a709-39328e2f3469,COM-57443,USR-8551,ArticleManquant,"Il manque sauce dans ma commande, très décevant.",5/27/2025 15:16,,moyen,Résolu,5/29/2025 13:16,MOD-20,REF-379254
5e5ac2b9-b4f7-4179-b151-c5e0650f901a,COM-20041,USR-9083,ServiceClient,"Le service client n'a pas résolu mon problème, frustrant.",2/7/2025 15:16,image_1800.jpg,élevé,Résolu,2/9/2025 8:16,MOD-7,REF-913127
c7363e2b-0370-4764-8c43-816caf510451,COM-37288,USR-4194,NourritureEndommagée,"Commande endommagée, sandwich était légèrement écrasé.",8/29/2024 15:16,,faible,Ouvert,,,REF-668228
53207a8f-a17e-4f6e-a342-1e6bfd0693b4,COM-34333,USR-8034,MauvaiseQualité,"pizza était froid, je ne commanderai plus.",12/5/2024 15:16,"image_5838.jpg,image_9306.jpg",moyen,Ouvert,,,REF-170648
6633cf00-a87d-4f7a-b3a4-9ded4a657adc,COM-30704,USR-1849,ArticleManquant,"pizza manquant, veuillez résoudre immédiatement.",7/10/2024 15:16,image_7317.jpg,élevé,Résolu,7/11/2024 5:16,MOD-11,REF-646558
eb2d827e-a978-4748-a851-cdec741cb984,COM-76276,USR-8301,ArticleManquant,"Commande incomplète, sushi non livré.",4/3/2025 15:16,,faible,Résolu,4/3/2025 17:16,MOD-11,REF-527007
af5b4417-2759-4c66-ac27-03422cd8fb49,COM-51447,USR-1572,NourritureEndommagée,"sushi était un peu gâté, mais mangeable.",5/23/2025 15:16,,élevé,Résolu,5/24/2025 4:16,MOD-11,REF-405211
ed31e093-7eb3-4b86-8c2b-c7a2a8d7ceb3,COM-42602,USR-9122,ArticleManquant,Pourriez-vous vérifier pourquoi salade n'était pas inclus ?,8/20/2024 15:16,,faible,Escaladé,,,REF-566501
e69a806c-2a7c-4539-a784-82a713b9d59a,COM-38797,USR-3513,ServiceClient,"Mauvaise expérience avec le support, très décevant.",7/13/2024 15:16,,moyen,Résolu,7/14/2024 7:16,MOD-14,REF-357326
3ed3242a-0790-49ce-b336-4b0514e52fc5,COM-50525,USR-7399,ArticleManquant,Pourriez-vous vérifier pourquoi sushi n'était pas inclus ?,5/18/2025 15:16,,faible,Escaladé,,,REF-795417
a4acfc3c-07e0-455b-9cc4-38188f18e9ab,COM-98046,USR-6787,ArticleManquant,"boisson manquant, veuillez résoudre immédiatement.",9/26/2024 15:16,,moyen,Ouvert,,,REF-570754
65bb09aa-ce07-42d9-bf9f-5baf7291d317,COM-32234,USR-7471,LivraisonRetard,"J'ai attendu 30 minutes pour ma commande, très frustrant.",1/13/2025 15:16,"image_6547.jpg,image_5262.jpg",élevé,Escaladé,,,REF-841249
41896232-0177-4242-b96b-74facbef1399,COM-15875,USR-8834,MauvaiseQualité,"pâtes avait un goût sans goût, expérience horrible.",11/21/2024 15:16,,élevé,Ouvert,,,REF-743853
ca01ead4-1e67-44be-a7c7-1dede872d368,COM-27346,USR-4300,LivraisonRetard,"La nourriture est arrivée avec 30 minutes de retard, service décevant.",2/9/2025 15:16,,moyen,Escaladé,,,REF-679812
3f812650-3185-472a-8638-7cf5cf2a6907,COM-43243,USR-1013,ProblèmePaiement,"Problème de paiement, remboursement requis immédiatement.",5/31/2025 15:16,,élevé,Ouvert,,,REF-728483
e0c6ebe3-9957-4e66-af78-2096c18b4b9f,COM-96938,USR-8715,ProblèmePaiement,"Problème mineur avec le paiement, veuillez vérifier.",9/30/2024 15:16,"image_3917.jpg,image_3657.jpg",élevé,Résolu,10/2/2024 10:16,MOD-3,REF-395965
87e28c74-722f-49b5-862f-ed3d62868537,COM-69015,USR-2504,ArticleManquant,"Pas de sandwich, c'est inacceptable et frustrant !",8/30/2024 15:16,,moyen,Ouvert,,,REF-864012
fcf462ff-aa1e-42b8-b39e-07cca04a14b5,COM-13868,USR-4382,NourritureEndommagée,"boisson était un peu gâté, mais mangeable.",1/12/2025 15:16,,élevé,Ouvert,,,REF-306720
d216a216-0edd-4350-a6bb-af081c09b8df,COM-93901,USR-3318,ProblèmePaiement,"Surfacturation de la commande, service client désastreux.",1/25/2025 15:16,image_7651.jpg,élevé,Résolu,1/26/2025 21:16,MOD-14,REF-202678
ce3bf952-4999-4b1d-9f23-fafada19162b,COM-95800,USR-3692,MauvaiseQualité,"Qualité médiocre de boisson, très frustrant.",12/22/2024 15:16,image_4940.jpg,élevé,Escaladé,,,REF-475690
999b681c-7d80-410c-b2db-c3d66f29661a,COM-68795,USR-3282,LivraisonRetard,"Retard de 1 heure, c'est scandaleux et dérangeant !",10/11/2024 15:16,,moyen,Ouvert,,,REF-906676
dfb4e248-7cea-427e-b20c-561c6bdee29f,COM-26561,USR-9170,MauvaiseQualité,"Le goût de sandwich était un peu trempé, mais acceptable.",9/24/2024 15:16,"image_3898.jpg,image_8938.jpg",moyen,Ouvert,,,REF-703192
033165d7-3bb0-4c5b-ab5f-51e070c1e419,COM-39868,USR-4728,NourritureEndommagée,"La nourriture était trempé, totalement immangeable.",6/8/2025 15:16,,élevé,Résolu,6/8/2025 22:16,MOD-2,REF-312514
99152283-7aca-434b-b5c5-79cb0fcdf631,COM-16831,USR-6929,CommandeErronée,J'ai reçu sauce au lieu de pizza.,7/31/2024 15:16,"image_1931.jpg,image_8266.jpg",faible,Ouvert,,,REF-147889
f5248ccb-a64a-4d7f-b48c-9cd3353ad608,COM-12994,USR-2517,LivraisonRetard,"Retard de 3 heures, c'est scandaleux et dérangeant !",5/7/2025 15:16,,élevé,Ouvert,,,REF-570733
bc098a00-5f89-4e17-bf16-ae1e8b9dc2cd,COM-51810,USR-7957,LivraisonRetard,"Commande arrivée après 3 heures, vraiment pas satisfait.",4/29/2025 15:16,,élevé,Ouvert,,,REF-288631
82b11646-aac7-4ce9-a874-b62c9c7df60e,COM-16424,USR-6233,ProblèmePaiement,"Problème de paiement, remboursement requis immédiatement.",3/4/2025 15:16,,élevé,Résolu,3/5/2025 0:16,MOD-18,REF-332964
aa6ff4f5-a4db-4b6e-b378-e35557815c36,COM-41005,USR-9762,MauvaiseQualité,"Le goût de burger était un peu moisi, mais acceptable.",9/22/2024 15:16,image_1653.jpg,élevé,Résolu,9/24/2024 13:16,MOD-11,REF-596302
af7ece5c-90c6-474e-9f52-d0c50ef78760,COM-31700,USR-6006,CommandeErronée,"Livré sandwich, mais je voulais dessert, c'est inacceptable.",10/13/2024 15:16,,faible,Ouvert,,,REF-907256
233d7959-02fd-45ff-92a2-784e6e545bcd,COM-51528,USR-5712,ServiceClient,"Petit souci avec le support, mais acceptable.",11/20/2024 15:16,image_6898.jpg,moyen,Ouvert,,,REF-829271
bac12ae8-4ea4-4fac-b048-1d82b7a3ebda,COM-45749,USR-1372,LivraisonRetard,"Petit retard de 3 heures, mais la nourriture était correcte.",3/7/2025 15:16,"image_5357.jpg,image_6124.jpg",élevé,Escaladé,,,REF-580561
8b80d9de-b27f-41a0-9a77-9eb5375a48c0,COM-34814,USR-3353,CommandeErronée,"Petite erreur, j'ai reçu sauce au lieu de dessert.",10/11/2024 15:16,,faible,Escaladé,,,REF-493203
6994eb4f-d51f-4dba-9097-20aa91e4a4f4,COM-22893,USR-5128,NourritureEndommagée,"La commande était sans goût, très déçu.",3/2/2025 15:16,image_5159.jpg,faible,Résolu,3/4/2025 4:16,MOD-20,REF-464826
bce4d7fd-38bb-49f7-9872-d4d4604dba7f,COM-33782,USR-5635,ServiceClient,"Mauvaise expérience avec le support, très décevant.",1/10/2025 15:16,image_6824.jpg,élevé,Escaladé,,,REF-574166
a725964b-fc05-4c23-a237-4af2b3217e36,COM-62394,USR-8386,ProblèmePaiement,"Petite erreur de facturation, mais gênante.",11/26/2024 15:16,,moyen,Résolu,11/26/2024 18:16,MOD-3,REF-618886
14a7dbb5-f829-46b4-8be4-0d8bdfbedcb9,COM-26287,USR-5411,MauvaiseQualité,"boisson était froid, totalement dégoûtant !",5/26/2025 15:16,"image_3058.jpg,image_1804.jpg",élevé,Résolu,5/28/2025 8:16,MOD-16,REF-406548
db4e4266-f1b2-4a04-afd9-1aca46f803d6,COM-79520,USR-4779,CommandeErronée,"Erreur sur ma commande : sushi au lieu de boisson, très agaçant.",6/16/2025 15:16,,moyen,Ouvert,,,REF-228569
76d4294b-371f-4d67-bdb7-0b355b063758,COM-20261,USR-1853,CommandeErronée,J'ai reçu pâtes au lieu de burger.,4/23/2025 15:16,,faible,Résolu,4/24/2025 23:16,MOD-5,REF-373439
4cf33312-d4c5-44cb-ad39-d817bc5477ca,COM-57017,USR-6329,ProblèmePaiement,"Problème de paiement, remboursement requis immédiatement.",6/20/2025 15:16,"image_9453.jpg,image_6206.jpg",élevé,Résolu,6/21/2025 15:16,MOD-17,REF-474102
4984d603-c981-4269-a7c2-9f62d2f367b2,COM-45924,USR-1684,NourritureEndommagée,"La nourriture était gâté, totalement immangeable.",11/12/2024 15:16,,élevé,Escaladé,,,REF-601141
5582a352-7e2c-4608-8cf6-add77030e634,COM-14558,USR-6780,ArticleManquant,"Petit souci, il manquait pâtes dans la commande.",9/11/2024 15:16,"image_4522.jpg,image_4261.jpg",faible,Escaladé,,,REF-447325
c12b835f-2012-4215-8d09-f84118038208,COM-84291,USR-8073,ArticleManquant,"pizza manquant, veuillez résoudre immédiatement.",1/23/2025 15:16,,moyen,Escaladé,,,REF-711264
16743705-911b-4e34-8460-a1aedee7081c,COM-75879,USR-7694,NourritureEndommagée,"pizza est arrivé mal emballé, besoin d'un remplacement.",11/14/2024 15:16,,faible,Résolu,11/15/2024 13:16,MOD-15,REF-513966
51b5432f-6679-4f22-a63b-478d31797195,COM-72669,USR-9710,LivraisonRetard,"Retard de 2 heures, c'est scandaleux et dérangeant !",6/4/2025 15:16,,élevé,Ouvert,,,REF-851583
2decc50e-4844-44ae-9115-0bf5f1cfa7d8,COM-37957,USR-4763,CommandeErronée,"Commande erronée livrée, j'ai eu frites et non frites.",5/18/2025 15:16,,faible,Résolu,5/19/2025 15:16,MOD-8,REF-551032
4bce2e74-7bb0-4e07-906e-0f2d31bdac15,COM-74483,USR-6998,ProblèmePaiement,"Petite erreur de facturation, mais gênante.",7/18/2024 15:16,image_3483.jpg,élevé,Ouvert,,,REF-241638
250c35e6-026c-4ada-aca8-fcb9fb55e319,COM-90625,USR-3532,ServiceClient,"Le service client n'a pas résolu mon problème, frustrant.",9/10/2024 15:16,,moyen,Ouvert,,,REF-487699
916eeb83-571a-47ce-bf84-68c63573e3be,COM-70234,USR-7500,ArticleManquant,"Il manque sushi dans ma commande, très décevant.",5/7/2025 15:16,,moyen,Résolu,5/8/2025 14:16,MOD-10,REF-337541
038c7142-a37a-4c0d-a905-b7b02c98e903,COM-69871,USR-4404,MauvaiseQualité,"Le goût de pizza était un peu gâté, mais acceptable.",1/3/2025 15:16,,élevé,Escaladé,,,REF-814284
a779ff68-bfb9-4ad2-831b-8de0ace26d83,COM-98541,USR-7073,MauvaiseQualité,"Le goût de pizza était un peu trempé, mais acceptable.",2/20/2025 15:16,,faible,Escaladé,,,REF-929181
f8e249f0-7d0b-4da6-9013-8f8464b6571b,COM-82207,USR-1501,ArticleManquant,"Manque burger, service médiocre.",9/22/2024 15:16,,faible,Ouvert,,,REF-465115
349f7e05-d1b8-4740-a76e-cd9d979bdd8c,COM-71499,USR-5616,ArticleManquant,"Il manque sushi dans ma commande, très décevant.",3/14/2025 15:16,"image_9719.jpg,image_7259.jpg",élevé,Escaladé,,,REF-937238
60e694f8-fe7d-4270-b7c0-f51d4a71f126,COM-95941,USR-5010,ProblèmePaiement,"Problème de paiement, remboursement requis immédiatement.",4/20/2025 15:16,,élevé,Résolu,4/21/2025 10:16,MOD-10,REF-783194
b3fb8f2a-4b45-41c8-9a0d-1a00f00a23d4,COM-29411,USR-3961,ArticleManquant,"Pas de dessert, c'est inacceptable et frustrant !",7/12/2024 15:16,,moyen,Escaladé,,,REF-524293
e7739501-02f3-42cd-9498-94f940b2753b,COM-43699,USR-8259,NourritureEndommagée,"frites était mal emballé, qualité inacceptable.",8/23/2024 15:16,image_7060.jpg,élevé,Résolu,8/24/2024 8:16,MOD-4,REF-390407
63276d7e-f792-4f0b-ac5f-b31f99a533da,COM-15070,USR-1887,LivraisonRetard,"Livraison en retard de 1 heure, c'est gênant mais acceptable.",6/1/2025 15:16,,moyen,Résolu,6/3/2025 14:16,MOD-20,REF-683592
026f1a97-e6fb-4136-ad1d-383dd9782a49,COM-62687,USR-3732,MauvaiseQualité,"pâtes était froid, totalement dégoûtant !",6/25/2025 15:16,,élevé,Ouvert,,,REF-764150
7ed3b4d3-1173-403d-80ed-d1fb0be28abb,COM-52541,USR-3265,CommandeErronée,"Commande erronée livrée, j'ai eu sushi et non frites.",6/8/2025 15:16,"image_8184.jpg,image_3667.jpg",faible,Ouvert,,,REF-840595
19847d78-058d-45eb-bee5-70bac9fed201,COM-88557,USR-4815,ServiceClient,"Le service client n'a pas résolu mon problème, frustrant.",2/27/2025 15:16,image_8627.jpg,élevé,Escaladé,,,REF-989705
d811cd0f-6db9-4654-8f7a-2671aacb70dd,COM-95148,USR-8987,ProblèmePaiement,"Petite erreur de facturation, mais gênante.",7/6/2024 15:16,"image_3703.jpg,image_6488.jpg",élevé,Résolu,7/7/2024 12:16,MOD-10,REF-583969
1e42007b-7e33-4300-b0fe-6c560ff158ef,COM-93102,USR-5402,CommandeErronée,"Commande incorrecte, mais le goût de salade était acceptable.",6/5/2025 15:16,,faible,Ouvert,,,REF-823505
fb321426-2a7b-4a10-8009-3ed918c5d46e,COM-75394,USR-9951,LivraisonRetard,"Livraison en retard de 30 minutes, c'est gênant mais acceptable.",11/18/2024 15:16,,moyen,Ouvert,,,REF-358082
25ad902a-ef73-4624-8175-63a72ea177db,COM-51712,USR-7725,ProblèmePaiement,"Surfacturation de la commande, service client désastreux.",9/15/2024 15:16,,élevé,Ouvert,,,REF-394722
09caa480-9ea4-4ef2-ba2d-e2b53333a86b,COM-29291,USR-8923,ArticleManquant,"Petit souci, il manquait pâtes dans la commande.",11/17/2024 15:16,,faible,Résolu,11/18/2024 19:16,MOD-18,REF-355282
b5a3867e-ea33-4283-8381-611f47841dfa,COM-19883,USR-9487,NourritureEndommagée,"sauce était un peu gâté, mais mangeable.",10/29/2024 15:16,image_9689.jpg,élevé,Escaladé,,,REF-813546
cafea6e6-4182-4e7a-a182-77ee259a1876,COM-49385,USR-3785,ProblèmePaiement,"Problème de paiement, remboursement requis immédiatement.",3/8/2025 15:16,image_8914.jpg,élevé,Résolu,3/10/2025 8:16,MOD-8,REF-550093
714af7cd-36e5-49ab-b433-78bcace71529,COM-18011,USR-2134,ServiceClient,"Le service client n'a pas résolu mon problème, frustrant.",7/29/2024 15:16,,moyen,Ouvert,,,REF-814191
6c640c12-0731-4d73-9851-825e5dbcd07d,COM-24659,USR-9550,ServiceClient,"Mauvaise expérience avec le support, très décevant.",7/10/2024 15:16,,moyen,Résolu,7/11/2024 15:16,MOD-5,REF-835366
26369794-8342-401d-b364-02f885797bd6,COM-89389,USR-8093,ArticleManquant,"Pas de sauce, c'est inacceptable et frustrant !",6/10/2025 15:16,"image_7882.jpg,image_2637.jpg",élevé,Escaladé,,,REF-392038
866f5523-573f-4d86-a41d-533215d52e87,COM-71131,USR-6701,NourritureEndommagée,"dessert était brûlé, qualité inacceptable.",1/25/2025 15:16,image_7271.jpg,élevé,Résolu,1/26/2025 19:16,MOD-16,REF-913271
60bf8786-2d00-4e77-b90c-db6ea85d3f25,COM-90721,USR-2122,NourritureEndommagée,"Commande endommagée, sauce était légèrement gâté.",11/13/2024 15:16,,élevé,Ouvert,,,REF-407703
70e5f794-5242-4364-9470-03f3f4200b9b,COM-29505,USR-4417,NourritureEndommagée,"La nourriture était mal emballé, totalement immangeable.",8/9/2024 15:16,,élevé,Ouvert,,,REF-168516
b9de620a-ba04-4420-ac31-0c716d3a46ff,COM-48566,USR-7683,ProblèmePaiement,"Problème de paiement, remboursement requis immédiatement.",4/1/2025 15:16,image_7765.jpg,élevé,Résolu,4/2/2025 4:16,MOD-16,REF-952833
a7463db0-1827-4081-ad2b-f10cfafc38ec,COM-78323,USR-2175,ProblèmePaiement,"Erreur de facturation pour burger, très frustrant.",10/19/2024 15:16,image_9234.jpg,élevé,Ouvert,,,REF-234370
e9e0ecc3-c7d3-48d6-bff8-0ba311d35f1a,COM-23741,USR-9604,NourritureEndommagée,"La commande était sans goût, très déçu.",7/2/2024 15:16,,faible,Ouvert,,,REF-638310
a70d5ff7-655e-4dd4-acd1-2446ab53762d,COM-21769,USR-7852,ProblèmePaiement,"Problème mineur avec le paiement, veuillez vérifier.",6/6/2025 15:16,,moyen,Escaladé,,,REF-561309
6bcf2020-efd0-4c08-9674-df22dd188aae,COM-44509,USR-8075,MauvaiseQualité,"Très mauvaise qualité de salade, immangeable.",9/9/2024 15:16,image_2165.jpg,élevé,Escaladé,,,REF-619615
8f9bddf1-1c2e-45df-91c8-8860cf0477e8,COM-71205,USR-2595,NourritureEndommagée,"La nourriture était gâté, totalement immangeable.",8/13/2024 15:16,"image_6153.jpg,image_2532.jpg",élevé,Résolu,8/13/2024 19:16,MOD-3,REF-313215
b50a496a-f5c0-4987-91d2-96230ac4e420,COM-72368,USR-3788,ArticleManquant,"Petit souci, il manquait sushi dans la commande.",9/1/2024 15:16,,faible,Ouvert,,,REF-147677
b15c2bbb-9e4f-47e2-9c8e-58499f55d9cb,COM-91953,USR-5665,CommandeErronée,"Commande erronée livrée, j'ai eu pâtes et non sushi.",7/7/2024 15:16,"image_8536.jpg,image_8403.jpg",faible,Résolu,7/9/2024 9:16,MOD-14,REF-996059
c49e78ea-eb93-46dd-a129-105ce1f4e35f,COM-59746,USR-5400,ProblèmePaiement,"Erreur de facturation pour sandwich, très frustrant.",6/20/2025 15:16,image_9948.jpg,élevé,Escaladé,,,REF-891055
ab3730a4-29ad-4462-a08e-a0c228755e2d,COM-92008,USR-3272,ServiceClient,"Mauvaise expérience avec le support, très décevant.",8/22/2024 15:16,,moyen,Escaladé,,,REF-826075
e08906cc-9ea5-472b-84c4-cf8eb7d5142e,COM-99270,USR-6869,LivraisonRetard,"Retard de 90 minutes, c'est scandaleux et dérangeant !",3/10/2025 15:16,image_4841.jpg,élevé,Ouvert,,,REF-519797
00e325bc-25a5-4b17-967e-d9e3b6ed5a3b,COM-84103,USR-4256,ArticleManquant,"Il manque sushi dans ma commande, très décevant.",8/14/2024 15:16,,moyen,Escaladé,,,REF-601740
d466ce49-63f6-492f-a16c-b4726bc22439,COM-39556,USR-7092,LivraisonRetard,"Retard de 2 heures, c'est scandaleux et dérangeant !",8/24/2024 15:16,,élevé,Résolu,8/26/2024 12:16,MOD-14,REF-577354
4d834fcf-7cec-4325-ac9a-1424aa02bf31,COM-84696,USR-9182,CommandeErronée,"Livré sushi, mais je voulais sushi, c'est inacceptable.",11/11/2024 15:16,,faible,Escaladé,,,REF-271461
9328fabb-1da0-47d7-bbab-d2ee0e24d198,COM-95767,USR-5318,LivraisonRetard,"La commande a été livrée avec 1 heure de retard, la nourriture était froide.",2/16/2025 15:16,,moyen,Ouvert,,,REF-421177
16a7a97e-bf25-4c7d-8aae-9d336f198dba,COM-55186,USR-8111,ArticleManquant,Pourriez-vous vérifier pourquoi pizza n'était pas inclus ?,10/10/2024 15:16,,faible,Résolu,10/11/2024 17:16,MOD-4,REF-436625
0d2a11bc-a84a-4988-8e38-3574b6cc3f4d,COM-96980,USR-8369,ArticleManquant,"Petit souci, il manquait sauce dans la commande.",10/27/2024 15:16,,faible,Ouvert,,,REF-731660
b04d57fa-5cde-4a67-96bc-23d88259a026,COM-39424,USR-3051,MauvaiseQualité,"La nourriture était froid, pas à la hauteur.",11/13/2024 15:16,,faible,Résolu,11/13/2024 17:16,MOD-16,REF-609070
6f2f975e-907e-426e-8df4-9e63fbd49f83,COM-56137,USR-1379,ArticleManquant,"Commande incomplète, sushi non livré.",7/6/2024 15:16,,faible,Ouvert,,,REF-865126
4bb174a6-a298-48ca-a43b-4b63d721aafd,COM-42756,USR-6141,MauvaiseQualité,"sushi était mal emballé, totalement dégoûtant !",5/8/2025 15:16,,élevé,Résolu,5/10/2025 7:16,MOD-19,REF-503708
806eb157-465c-4791-a7f2-f4eadd72e570,COM-56806,USR-9421,CommandeErronée,"Petite erreur, j'ai reçu pizza au lieu de boisson.",7/26/2024 15:16,image_5010.jpg,faible,Résolu,7/27/2024 21:16,MOD-4,REF-295377
0c21bb61-c509-43a7-a20d-f58c0dbe2f04,COM-83421,USR-3094,ProblèmePaiement,"Surfacturation de la commande, service client désastreux.",5/22/2025 15:16,image_3416.jpg,élevé,Résolu,5/23/2025 20:16,MOD-9,REF-594945
7f512e11-b002-4551-b081-01814f2e73c9,COM-28459,USR-8245,ProblèmePaiement,"Erreur de facturation pour sandwich, très frustrant.",1/8/2025 15:16,,moyen,Résolu,1/10/2025 0:16,MOD-12,REF-240637
6eb30ae4-7e56-4626-9520-d7216fb5c17f,COM-62915,USR-4793,CommandeErronée,"Petite erreur, j'ai reçu sauce au lieu de salade.",4/21/2025 15:16,"image_9297.jpg,image_5639.jpg",faible,Ouvert,,,REF-647423
63058f1c-5f91-4e77-b5f7-22a2e8145229,COM-84303,USR-5870,LivraisonRetard,"J'ai attendu 2 heures pour ma commande, très frustrant.",10/5/2024 15:16,,élevé,Escaladé,,,REF-680251
e58a58ef-147f-42d8-abc3-d4392f9026f9,COM-61020,USR-3105,ProblèmePaiement,"Problème de paiement, remboursement requis immédiatement.",3/16/2025 15:16,,élevé,Ouvert,,,REF-513891
d6dbfcd5-6a67-46c9-809d-04340568adf8,COM-97973,USR-9470,ProblèmePaiement,"Erreur de facturation pour frites, très frustrant.",2/11/2025 15:16,image_1363.jpg,élevé,Escaladé,,,REF-989236
b349a59a-e7f5-43a6-8482-2ea73ea265eb,COM-15436,USR-5080,ProblèmePaiement,"Problème de paiement, remboursement requis immédiatement.",2/1/2025 15:16,,élevé,Ouvert,,,REF-680436
a32f8851-e1df-4d03-8778-31720074cfc6,COM-45461,USR-7477,ServiceClient,"Petit souci avec le support, mais acceptable.",6/18/2025 15:16,,faible,Ouvert,,,REF-438210
90e77326-9b5a-4df7-b643-c57e9562c61e,COM-92782,USR-2104,CommandeErronée,"Livré sushi, mais je voulais boisson, c'est inacceptable.",2/24/2025 15:16,,faible,Ouvert,,,REF-986762
a67f7da2-977e-4c7d-87da-fca75a5b0358,COM-81846,USR-2256,CommandeErronée,"J'ai commandé sauce, mais j'ai reçu sandwich.",11/19/2024 15:16,,faible,Résolu,11/19/2024 22:16,MOD-15,REF-774672
d2010a20-95f0-4280-8def-fd02abd13511,COM-17927,USR-2768,ProblèmePaiement,"Petite erreur de facturation, mais gênante.",2/11/2025 15:16,image_1941.jpg,élevé,Escaladé,,,REF-235431
8ab2e3b0-4586-4a1c-879e-c9aa79fadb85,COM-58497,USR-2664,ServiceClient,"Réponse lente du service client, qualité médiocre.",1/4/2025 15:16,,faible,Résolu,1/5/2025 0:16,MOD-18,REF-885388
ed9b3417-a8a5-41fa-9d91-97e7061dff10,COM-15897,USR-9330,CommandeErronée,"Erreur sur ma commande : pâtes au lieu de sauce, très agaçant.",9/29/2024 15:16,,moyen,Résolu,9/29/2024 16:16,MOD-2,REF-995242
01e45ede-2d6f-43ca-b213-170c45e6a4e2,COM-83039,USR-3383,ArticleManquant,"Je n'ai pas reçu frites, besoin d'un remboursement.",5/8/2025 15:16,,faible,Ouvert,,,REF-775626
6c71a50b-fa12-4e81-8820-7084bf424210,COM-21058,USR-8976,MauvaiseQualité,"pizza était sans goût, je ne commanderai plus.",1/15/2025 15:16,,faible,Escaladé,,,REF-490456
20b9e7f2-d0d1-4007-954f-f580951387aa,COM-14350,USR-5630,LivraisonRetard,"Retard de 1 heure, c'est scandaleux et dérangeant !",4/9/2025 15:16,image_9949.jpg,élevé,Ouvert,,,REF-737302
e3366814-4df7-4547-ab59-27c26cc974b2,COM-45318,USR-5779,ProblèmePaiement,"Petite erreur de facturation, mais gênante.",4/20/2025 15:16,image_5531.jpg,élevé,Ouvert,,,REF-485125
aa708135-4533-470c-a728-5b12aebcbd8e,COM-19030,USR-9956,MauvaiseQualité,"La nourriture était mal emballé, pas à la hauteur.",10/18/2024 15:16,image_5662.jpg,faible,Ouvert,,,REF-881911
4a9d713f-8973-409d-a7e1-55d47e24b007,COM-18380,USR-9758,ProblèmePaiement,"Surfacturation de la commande, service client désastreux.",8/2/2024 15:16,,élevé,Résolu,8/4/2024 10:16,MOD-8,REF-785845
b8a2e497-83bd-4fc7-9cdc-3e6973854acb,COM-66780,USR-4059,MauvaiseQualité,"pizza n'était pas terrible, qualité moyenne.",11/8/2024 15:16,,faible,Escaladé,,,REF-931504
541ddb4e-b121-447b-8245-05e9d372fe38,COM-51881,USR-9731,ProblèmePaiement,"Problème de paiement, remboursement requis immédiatement.",8/26/2024 15:16,image_5187.jpg,élevé,Résolu,8/27/2024 16:16,MOD-9,REF-769335
17fc0adc-2fb9-4de0-af22-77680ee7cb9e,COM-49618,USR-9838,CommandeErronée,"J'ai commandé sushi, mais j'ai reçu dessert.",9/4/2024 15:16,image_9217.jpg,faible,Escaladé,,,REF-825944
79bf151d-9c7b-4a84-9d0f-05faf4c80508,COM-57975,USR-1789,CommandeErronée,"Mauvais article livré, sandwich à la place de burger.",10/7/2024 15:16,image_8738.jpg,faible,Ouvert,,,REF-828813
f8a0b246-3f41-482d-bf1d-1115f2c770d5,COM-96274,USR-6444,LivraisonRetard,"Petit retard de 30 minutes, mais la nourriture était correcte.",6/6/2025 15:16,,faible,Escaladé,,,REF-164530
7027907e-a936-478e-8877-708c6ef814de,COM-72748,USR-8516,LivraisonRetard,"Commande arrivée après 90 minutes, vraiment pas satisfait.",6/16/2025 15:16,,moyen,Résolu,6/17/2025 17:16,MOD-9,REF-470533
3faf19d3-29da-4bc2-b491-1e06955e3e3c,COM-35121,USR-8423,MauvaiseQualité,"dessert était sans goût, totalement dégoûtant !",4/14/2025 15:16,,élevé,Escaladé,,,REF-399646
6ab0ffd5-7ed6-401d-9207-abf394ea98c5,COM-26157,USR-1210,LivraisonRetard,"La commande a été livrée avec 2 heures de retard, la nourriture était froide.",7/9/2024 15:16,"image_1714.jpg,image_5125.jpg",élevé,Résolu,7/9/2024 23:16,MOD-1,REF-534823
d459e116-2493-4043-8473-fcf832f67b23,COM-60283,USR-4461,ArticleManquant,"Commande incomplète, salade non livré.",8/15/2024 15:16,image_7795.jpg,faible,Résolu,8/17/2024 11:16,MOD-17,REF-300298
7a01456d-39b2-456e-93b9-9c22fff19198,COM-70331,USR-4340,ProblèmePaiement,"Erreur de facturation pour dessert, très frustrant.",11/6/2024 15:16,,moyen,Ouvert,,,REF-840645
0fd8793d-07b4-4a0d-9fe9-0527e42c1cdf,COM-19816,USR-1579,NourritureEndommagée,"La commande était brûlé, très déçu.",11/12/2024 15:16,,faible,Ouvert,,,REF-822040
bdd8ccf2-80bb-4262-9f85-19ecdf517483,COM-70441,USR-9942,NourritureEndommagée,"sauce était trempé, qualité inacceptable.",5/22/2025 15:16,"image_8696.jpg,image_6761.jpg",élevé,Escaladé,,,REF-212205
2e3dee02-fa80-448f-8df7-b6e5879b0dac,COM-85699,USR-9679,ServiceClient,"Service client correct, mais pourrait être plus rapide.",11/25/2024 15:16,image_7293.jpg,moyen,Escaladé,,,REF-182301
f2224d0c-f8ec-43a1-b450-c5c972533fb7,COM-94376,USR-8026,CommandeErronée,"J'ai commandé sushi, mais j'ai reçu sushi.",6/24/2025 15:16,image_8076.jpg,faible,Escaladé,,,REF-236899
983ae418-a259-46bb-b8c4-6467cb0f9910,COM-44743,USR-2319,CommandeErronée,"Commande erronée livrée, j'ai eu boisson et non pâtes.",9/30/2024 15:16,"image_6178.jpg,image_2812.jpg",faible,Escaladé,,,REF-625343
bd89b767-6b53-40a2-9208-bac582f9f67e,COM-33284,USR-5929,ServiceClient,"Réponse lente du service client, qualité médiocre.",6/28/2025 15:16,,faible,Escaladé,,,REF-413182
8b6046a2-0f6e-4131-89b4-0ac239eb0a10,COM-92154,USR-2811,ProblèmePaiement,"Problème mineur avec le paiement, veuillez vérifier.",10/31/2024 15:16,image_4705.jpg,élevé,Ouvert,,,REF-295740
24e0f7a3-f260-4114-b99f-686d24ac630f,COM-13520,USR-7344,CommandeErronée,"Commande erronée livrée, j'ai eu pâtes et non sushi.",7/28/2024 15:16,,faible,Escaladé,,,REF-241716
a81797fc-a925-4612-986e-108fe195fc78,COM-75455,USR-2951,NourritureEndommagée,"La commande était trempé, très déçu.",11/5/2024 15:16,,faible,Escaladé,,,REF-603422
fdcb4ade-ab32-4123-9e5c-477129732fd4,COM-61720,USR-2649,NourritureEndommagée,"sandwich était un peu trempé, mais mangeable.",1/14/2025 15:16,image_8321.jpg,faible,Escaladé,,,REF-388239
3ee52e71-4de8-4390-85f1-3e38d76a792e,COM-90593,USR-5201,LivraisonRetard,"Livraison retardée de 1 heure, totalement inacceptable !",4/15/2025 15:16,,moyen,Escaladé,,,REF-409001
aa5e9630-83ad-4266-bca0-2bd799daaf31,COM-49301,USR-5705,CommandeErronée,"Mauvais article livré, sandwich à la place de sandwich.",6/29/2025 15:16,,faible,Ouvert,,,REF-344695
8d5f32fa-c270-499c-a401-89e504a88ddd,COM-41224,USR-3731,ProblèmePaiement,"J'ai été facturé deux fois pour ma commande, c'est inacceptable !",10/23/2024 15:16,image_8467.jpg,élevé,Ouvert,,,REF-374156
13a11242-8312-401d-a7e5-763ed076d328,COM-53243,USR-5922,NourritureEndommagée,"La nourriture était brûlé, totalement immangeable.",5/13/2025 15:16,,élevé,Résolu,5/14/2025 14:16,MOD-7,REF-522678
a6a219ec-8133-4f41-83da-ee6471088101,COM-79209,USR-7256,ServiceClient,"Service client correct, mais pourrait être plus rapide.",2/27/2025 15:16,,faible,Escaladé,,,REF-143400
228d9db8-1382-423b-83d0-12a1f4268a39,COM-63900,USR-5620,NourritureEndommagée,"boisson livré trempé, c'est scandaleux et dangereux !",9/14/2024 15:16,image_3669.jpg,élevé,Escaladé,,,REF-789249
01376e17-3d21-449a-bc1f-f6c6a9ad0f6e,COM-50264,USR-3054,MauvaiseQualité,"Très mauvaise qualité de burger, immangeable.",4/13/2025 15:16,,élevé,Ouvert,,,REF-690622
ed937dce-69f6-48f9-b7cb-b73eadd00020,COM-80129,USR-3311,CommandeErronée,J'ai reçu boisson au lieu de boisson.,12/17/2024 15:16,,faible,Escaladé,,,REF-317951
dc9256bd-00d6-4d62-ae82-9fd42c5bbf04,COM-41714,USR-8717,ArticleManquant,"Pas de pâtes, c'est inacceptable et frustrant !",3/17/2025 15:16,,moyen,Résolu,3/18/2025 0:16,MOD-4,REF-301037
78c26569-7f04-498b-b50d-b5e1de5c26b3,COM-46745,USR-7842,MauvaiseQualité,"Qualité médiocre de burger, très frustrant.",9/24/2024 15:16,,moyen,Ouvert,,,REF-966308
a12653fc-f0ed-4c77-9277-79b63c4d827a,COM-84792,USR-1192,NourritureEndommagée,"La nourriture était trempé, totalement immangeable.",11/4/2024 15:16,,élevé,Escaladé,,,REF-429341
6db5c9e9-8f00-4c77-b30f-89b7ecbe1ba6,COM-47907,USR-5926,ProblèmePaiement,"Erreur de facturation pour sushi, très frustrant.",2/2/2025 15:16,,moyen,Résolu,2/4/2025 3:16,MOD-17,REF-606101
99009c66-d3ae-4a97-a265-98568e5e809c,COM-62721,USR-2360,NourritureEndommagée,"La nourriture était froid, totalement immangeable.",9/30/2024 15:16,,élevé,Escaladé,,,REF-384736
14ed7ac8-784c-42de-896e-5408e3018c1a,COM-47480,USR-7216,LivraisonRetard,"Retard de 1 heure, c'est scandaleux et dérangeant !",10/28/2024 15:16,,moyen,Escaladé,,,REF-625151
d0036ec6-dea8-44f2-a322-38fcdd3598ba,COM-80701,USR-4829,ArticleManquant,"Commande incomplète, dessert non livré.",11/26/2024 15:16,image_8828.jpg,faible,Escaladé,,,REF-436620
bae71181-ad03-463e-803b-0b673670fa31,COM-41182,USR-3406,ArticleManquant,"Je n'ai pas reçu pâtes, besoin d'un remboursement.",10/1/2024 15:16,,faible,Résolu,10/3/2024 15:16,MOD-14,REF-741100
bf978d04-47b5-47b0-bfee-0b1898846724,COM-51367,USR-1611,NourritureEndommagée,"Tout était écrasé, expérience catastrophique.",1/8/2025 15:16,,élevé,Escaladé,,,REF-160642
e0583238-64ec-44fa-b9bd-893409aa5961,COM-23359,USR-8895,ServiceClient,"Réponse lente du service client, qualité médiocre.",3/11/2025 15:16,,faible,Résolu,3/13/2025 0:16,MOD-10,REF-288503
439626db-2077-4a7f-93ec-35569e59d616,COM-62748,USR-7504,ArticleManquant,"Il manque sauce dans ma commande, très décevant.",4/9/2025 15:16,,moyen,Résolu,4/10/2025 12:16,MOD-4,REF-761586
16fcb1b1-bcc3-4584-a017-46d408d475a3,COM-83301,USR-1166,ProblèmePaiement,"Problème de paiement, remboursement requis immédiatement.",11/23/2024 15:16,,élevé,Escaladé,,,REF-124949
620bd2e3-f1dc-453b-820d-63eb265d8165,COM-20862,USR-2775,MauvaiseQualité,"Le goût de sauce était un peu gâté, mais acceptable.",5/4/2025 15:16,,élevé,Ouvert,,,REF-885471
3773a5c3-6903-418b-bbea-d54f330e26d1,COM-11807,USR-9396,ServiceClient,"Mauvaise expérience avec le support, très décevant.",12/16/2024 15:16,,moyen,Résolu,12/16/2024 17:16,MOD-13,REF-621430
2e7cc37e-c485-4fd1-938d-7ecfaaf92b12,COM-63544,USR-7260,CommandeErronée,"Erreur sur ma commande : sushi au lieu de sandwich, très agaçant.",9/2/2024 15:16,image_8543.jpg,élevé,Résolu,9/4/2024 13:16,MOD-10,REF-883362
e8b54207-e400-47e7-b16d-195b24d77005,COM-91973,USR-8338,LivraisonRetard,"Commande arrivée après 1 heure, vraiment pas satisfait.",8/17/2024 15:16,,moyen,Escaladé,,,REF-747122
b91b7b6d-6429-4807-8b3d-589b2d28e7de,COM-37785,USR-7195,MauvaiseQualité,"sandwich était gâté, totalement dégoûtant !",2/14/2025 15:16,,élevé,Résolu,2/15/2025 2:16,MOD-11,REF-809273
11310206-0aa2-41f6-8d43-3acbd4e996db,COM-76313,USR-5745,CommandeErronée,J'ai reçu sushi au lieu de salade.,3/21/2025 15:16,image_7412.jpg,faible,Résolu,3/23/2025 2:16,MOD-14,REF-137599
7dd17208-0ba4-4a2f-9ed9-71b9e9aee98d,COM-73085,USR-3408,LivraisonRetard,"La nourriture est arrivée avec 1 heure de retard, service décevant.",3/24/2025 15:16,,moyen,Escaladé,,,REF-551199
13470075-d860-4c7d-95d8-5cfd04609c4e,COM-19098,USR-6330,ProblèmePaiement,"J'ai été facturé deux fois pour ma commande, c'est inacceptable !",5/21/2025 15:16,"image_8791.jpg,image_9182.jpg",élevé,Ouvert,,,REF-726910
ad5cc1f1-3675-479a-82d9-3385cc111c4e,COM-95054,USR-9597,ServiceClient,"Réponse lente du service client, qualité médiocre.",3/26/2025 15:16,image_1412.jpg,moyen,Résolu,3/28/2025 3:16,MOD-13,REF-549779
7d7d9588-660f-44b1-85ad-2bbeff2a5acc,COM-37902,USR-4832,ProblèmePaiement,"Erreur de facturation pour pâtes, très frustrant.",12/17/2024 15:16,,moyen,Résolu,12/18/2024 8:16,MOD-1,REF-881632
9bc5e202-f7ce-4cd9-a679-dbff6f3872f2,COM-90651,USR-3898,LivraisonRetard,"La commande a été livrée avec 90 minutes de retard, la nourriture était froide.",3/9/2025 15:16,,moyen,Ouvert,,,REF-421266
8474d562-af7c-4f95-b474-79d1086c4792,COM-46893,USR-4561,LivraisonRetard,"Commande arrivée après 30 minutes, vraiment pas satisfait.",12/5/2024 15:16,,élevé,Escaladé,,,REF-598624
558b7bba-f8fe-4117-ab3d-d77e89e15b15,COM-49806,USR-9890,ServiceClient,"Petit souci avec le support, mais acceptable.",8/10/2024 15:16,,faible,Résolu,8/12/2024 15:16,MOD-15,REF-303543
4a226013-23e5-4db9-8c47-7d9f5fbde24b,COM-50949,USR-4858,MauvaiseQualité,"salade n'était pas terrible, qualité moyenne.",4/29/2025 15:16,image_2500.jpg,moyen,Résolu,5/1/2025 5:16,MOD-6,REF-312636
317e4199-71e9-4874-aae8-5d9f0ed7ca26,COM-11622,USR-7822,NourritureEndommagée,"La commande était brûlé, très déçu.",11/27/2024 15:16,image_4011.jpg,faible,Résolu,11/29/2024 0:16,MOD-20,REF-964584
03389653-d389-476e-b860-6d196505b3db,COM-31584,USR-7679,LivraisonRetard,"J'ai attendu 1 heure pour ma commande, très frustrant.",11/12/2024 15:16,"image_5564.jpg,image_3548.jpg",élevé,Résolu,11/14/2024 4:16,MOD-18,REF-329681
326387c3-abef-4e98-9fc3-0d4259c1250d,COM-30495,USR-9253,ArticleManquant,"Commande incomplète, burger non livré.",8/3/2024 15:16,,faible,Résolu,8/5/2024 7:16,MOD-18,REF-170236
1cc0e075-96d0-485b-b881-660d43c3c0f2,COM-21405,USR-7366,ServiceClient,"Le service client n'a pas résolu mon problème, frustrant.",12/29/2024 15:16,,moyen,Escaladé,,,REF-720218
04bcbb54-fad2-4b85-86f2-23cba46b0e20,COM-26055,USR-2684,CommandeErronée,"Commande erronée livrée, j'ai eu sandwich et non dessert.",11/8/2024 15:16,"image_9793.jpg,image_1614.jpg",faible,Escaladé,,,REF-901706
ef59dffe-7d4a-43f1-b9a9-d1b8e4cbd6db,COM-51773,USR-2391,ServiceClient,"Service client injoignable, c'est insupportable !",12/29/2024 15:16,,élevé,Résolu,12/30/2024 2:16,MOD-3,REF-798760
e47e26fc-91b7-438a-8ebd-fed6eb18a374,COM-80847,USR-3827,ProblèmePaiement,"Problème mineur avec le paiement, veuillez vérifier.",7/16/2024 15:16,,moyen,Ouvert,,,REF-887299
654b9871-029c-499e-9c8f-2623470efbf6,COM-68556,USR-6576,MauvaiseQualité,"sandwich avait un goût sans goût, expérience horrible.",3/3/2025 15:16,,élevé,Résolu,3/5/2025 6:16,MOD-20,REF-295982
f179bfd8-8841-4b69-a26c-e9b96b6587e5,COM-27993,USR-8616,NourritureEndommagée,"Tout était mal emballé, expérience catastrophique.",8/29/2024 15:16,,élevé,Ouvert,,,REF-864657
f4d2833a-85c2-4681-bfc6-6e611f97461d,COM-42962,USR-7404,MauvaiseQualité,"Très mauvaise qualité de pâtes, immangeable.",3/26/2025 15:16,,élevé,Résolu,3/27/2025 18:16,MOD-9,REF-707881
0ba0845d-6b5d-4144-abd8-5b468c1c1a45,COM-37959,USR-5519,MauvaiseQualité,"La nourriture était écrasé, pas à la hauteur.",8/29/2024 15:16,,faible,Ouvert,,,REF-199835
59967c84-f0a0-4b96-9656-71a472ddb5d5,COM-55393,USR-3854,CommandeErronée,"Erreur sur ma commande : burger au lieu de pâtes, très agaçant.",8/6/2024 15:16,"image_9768.jpg,image_2736.jpg",élevé,Escaladé,,,REF-887989
0bed03a3-b236-4068-b724-a8dece319493,COM-94885,USR-8973,ServiceClient,"Service client injoignable, c'est insupportable !",9/25/2024 15:16,image_9319.jpg,élevé,Résolu,9/25/2024 18:16,MOD-8,REF-681736
dd58cddb-0ff3-42cb-819f-479a71042556,COM-46024,USR-8773,NourritureEndommagée,"sandwich était gâté, qualité inacceptable.",8/2/2024 15:16,,élevé,Résolu,8/3/2024 15:16,MOD-10,REF-953434
2badbb2a-7f77-4eb7-a899-34e9bc409d13,COM-57059,USR-3842,ProblèmePaiement,"Problème de paiement, remboursement requis immédiatement.",5/3/2025 15:16,,élevé,Ouvert,,,REF-462205
ba4b30fc-e69f-4a26-8275-69bc0cfa9593,COM-97899,USR-3883,NourritureEndommagée,"Tout était écrasé, expérience catastrophique.",11/29/2024 15:16,"image_2317.jpg,image_1282.jpg",élevé,Escaladé,,,REF-848274
97670b9b-3957-4ac5-959b-572b0951d725,COM-36469,USR-4477,MauvaiseQualité,"sandwich n'était pas terrible, qualité moyenne.",12/24/2024 15:16,,faible,Ouvert,,,REF-313807
9f5789b7-4228-4282-a0a3-e07a8576595d,COM-44140,USR-7158,MauvaiseQualité,"Le goût de pâtes était un peu froid, mais acceptable.",3/30/2025 15:16,,faible,Escaladé,,,REF-840414
8fe23c56-9f5c-4e5e-ac19-6af7737f52ac,COM-76897,USR-6686,CommandeErronée,"J'ai commandé sauce, mais j'ai reçu boisson.",1/18/2025 15:16,,faible,Résolu,1/19/2025 14:16,MOD-17,REF-924603
c076a9ad-e435-46a0-a721-ec1aae356f32,COM-56586,USR-4896,CommandeErronée,"Erreur sur ma commande : pâtes au lieu de burger, très agaçant.",7/14/2024 15:16,,moyen,Escaladé,,,REF-123307
9236693e-278c-4138-b74e-9a3e7c21f29e,COM-93792,USR-4429,LivraisonRetard,"La nourriture est arrivée avec 1 heure de retard, service décevant.",12/30/2024 15:16,,moyen,Ouvert,,,REF-169877
1dddc4ed-65e9-462e-9200-3d41e9b68606,COM-51026,USR-6458,MauvaiseQualité,"Le goût de sauce était un peu brûlé, mais acceptable.",6/7/2025 15:16,,faible,Ouvert,,,REF-301243
658bbbf7-48af-40ca-b6a5-6bb29437c650,COM-52991,USR-2873,LivraisonRetard,"La commande a été livrée avec 2 heures de retard, la nourriture était froide.",11/27/2024 15:16,"image_5252.jpg,image_5780.jpg",élevé,Résolu,11/28/2024 9:16,MOD-1,REF-725505
cdb23c89-50d8-4400-bdef-a08c7a8b03cc,COM-53429,USR-1210,LivraisonRetard,"Retard de 90 minutes, c'est scandaleux et dérangeant !",5/14/2025 15:16,,moyen,Escaladé,,,REF-998843
f67ddfc7-469f-4c2a-b07b-b138dd9e12b5,COM-53605,USR-6102,ProblèmePaiement,"Surfacturation de la commande, service client désastreux.",8/21/2024 15:16,image_5934.jpg,élevé,Escaladé,,,REF-573636
704c6f05-1d90-443e-83a3-08f0a462b062,COM-31471,USR-3028,NourritureEndommagée,"frites livré écrasé, c'est scandaleux et dangereux !",10/16/2024 15:16,,élevé,Résolu,10/16/2024 18:16,MOD-14,REF-713559
bbf72ab6-c420-447c-b28a-74fb44138f00,COM-55322,USR-1891,NourritureEndommagée,"Commande endommagée, pizza était légèrement brûlé.",5/15/2025 15:16,,faible,Escaladé,,,REF-116701
50eb705f-540f-441a-b2d2-133ca1ad744e,COM-67178,USR-5999,CommandeErronée,"J'ai commandé pizza, mais j'ai reçu sushi.",1/30/2025 15:16,image_2580.jpg,faible,Résolu,2/1/2025 14:16,MOD-9,REF-816682
c7cccb6a-6972-4a78-9a69-e6e0cc5093ed,COM-65978,USR-1801,MauvaiseQualité,"boisson n'était pas terrible, qualité moyenne.",7/5/2024 15:16,,faible,Ouvert,,,REF-889456
d690c877-8095-473e-9055-31ed71ccf65c,COM-30655,USR-2373,CommandeErronée,"Commande erronée livrée, j'ai eu salade et non dessert.",9/4/2024 15:16,,faible,Escaladé,,,REF-667091
bcbf541f-cbd1-40ae-a40d-a018eee99310,COM-82170,USR-6797,MauvaiseQualité,"pâtes était brûlé, totalement dégoûtant !",4/15/2025 15:16,,élevé,Résolu,4/16/2025 2:16,MOD-5,REF-955186
9664e8cb-7f90-4460-ae5e-d3caf6678019,COM-63038,USR-6308,ServiceClient,"Réponse lente du service client, qualité médiocre.",1/7/2025 15:16,"image_7223.jpg,image_2145.jpg",moyen,Résolu,1/8/2025 14:16,MOD-6,REF-930470
f9665097-128b-46a9-a6ae-2af164fa9df9,COM-30881,USR-9963,ArticleManquant,"Petit souci, il manquait burger dans la commande.",7/17/2024 15:16,,faible,Escaladé,,,REF-287460
4dad77bd-6469-4a3e-93ca-7d5ff9d63b45,COM-55347,USR-6691,ProblèmePaiement,"Erreur de facturation pour salade, très frustrant.",4/7/2025 15:16,,moyen,Résolu,4/7/2025 16:16,MOD-16,REF-672266
78c36dd2-0a95-4180-9257-62831d4b020c,COM-19438,USR-4576,ProblèmePaiement,"Problème de paiement, remboursement requis immédiatement.",4/3/2025 15:16,image_8090.jpg,élevé,Résolu,4/5/2025 14:16,MOD-18,REF-993021
f70e1595-60c1-4a72-a448-8cd5f6272fd3,COM-94975,USR-3884,ArticleManquant,"Pas de boisson, c'est inacceptable et frustrant !",6/4/2025 15:16,,moyen,Ouvert,,,REF-391268
d486e397-ed6e-4fee-8477-0bd0e63ad510,COM-37986,USR-1174,CommandeErronée,"Erreur sur ma commande : pizza au lieu de sauce, très agaçant.",7/19/2024 15:16,,moyen,Escaladé,,,REF-395752
7fa19b1d-a5e2-4f6f-8756-db184338b432,COM-26596,USR-1325,CommandeErronée,"Mauvais article livré, sauce à la place de sushi.",3/19/2025 15:16,image_9746.jpg,faible,Résolu,3/21/2025 0:16,MOD-16,REF-487432
b2f6e728-8179-49e7-9642-271e0f81a775,COM-93896,USR-7374,MauvaiseQualité,"La nourriture était écrasé, pas à la hauteur.",11/15/2024 15:16,image_3505.jpg,faible,Escaladé,,,REF-689232
6d8dd4ac-e8a5-4402-8f53-88807edf80bf,COM-50343,USR-9459,NourritureEndommagée,"La commande était mal emballé, très déçu.",8/11/2024 15:16,,faible,Ouvert,,,REF-530904
70e8ec36-14c0-4eef-90d5-6bd7ae9f6a5d,COM-65913,USR-6030,ProblèmePaiement,"Erreur de facturation pour sushi, très frustrant.",5/3/2025 15:16,,moyen,Escaladé,,,REF-319046
f7d8a307-18d7-408a-9e77-09c1fb4a0a33,COM-24376,USR-6167,ServiceClient,"Service client correct, mais pourrait être plus rapide.",10/12/2024 15:16,,moyen,Ouvert,,,REF-108227
35132f5b-cf6c-4f90-a7d8-e82b20cce28d,COM-80968,USR-1387,MauvaiseQualité,"boisson avait un goût sans goût, expérience horrible.",1/18/2025 15:16,image_6656.jpg,élevé,Ouvert,,,REF-299562
42754110-a179-423c-954d-00f4ca5d1dc2,COM-62848,USR-4140,ServiceClient,"Réponse lente du service client, qualité médiocre.",12/16/2024 15:16,,faible,Ouvert,,,REF-317388
b762b256-8419-456d-8720-3cbecb83fc0e,COM-85363,USR-7195,ProblèmePaiement,"Problème mineur avec le paiement, veuillez vérifier.",5/10/2025 15:16,,moyen,Résolu,5/10/2025 19:16,MOD-5,REF-341682
83bf1c32-a407-4809-b605-867b3e6178f5,COM-26928,USR-7259,ArticleManquant,"Il manque boisson dans ma commande, très décevant.",9/8/2024 15:16,,moyen,Escaladé,,,REF-201980
78d9498d-235e-496b-b391-fa59d9d82fe3,COM-85162,USR-6818,CommandeErronée,"Mauvais article livré, frites à la place de dessert.",3/27/2025 15:16,,faible,Ouvert,,,REF-573875
7867532f-51ab-41a6-8ccb-648ad37de3ca,COM-61074,USR-7147,ServiceClient,"Service client injoignable, c'est insupportable !",8/23/2024 15:16,image_6861.jpg,élevé,Escaladé,,,REF-672684
b86ad3a6-fda3-482b-8267-75e861f7c572,COM-33533,USR-3020,CommandeErronée,"Mauvais article livré, dessert à la place de sandwich.",5/18/2025 15:16,image_2324.jpg,faible,Escaladé,,,REF-308647
4384af2f-bf54-4b00-ab82-6922ec97e825,COM-92583,USR-8179,CommandeErronée,"Mauvais article livré, dessert à la place de sushi.",2/13/2025 15:16,,faible,Escaladé,,,REF-372231
18e6f1bc-596f-48b5-9d7c-82168c38e082,COM-16788,USR-3024,ServiceClient,"Service client injoignable, c'est insupportable !",5/12/2025 15:16,,élevé,Escaladé,,,REF-659346
83f82354-a69a-4b8a-808c-2d5f2aedb9e4,COM-17000,USR-4632,NourritureEndommagée,"pizza était écrasé, qualité inacceptable.",6/11/2025 15:16,,élevé,Résolu,6/13/2025 2:16,MOD-7,REF-136758
25b5bc69-53d9-414c-a00c-9ef5c1381b24,COM-83521,USR-8916,ArticleManquant,Pourriez-vous vérifier pourquoi burger n'était pas inclus ?,5/10/2025 15:16,,faible,Ouvert,,,REF-193375
d7714e2a-6f12-411e-b629-ddaeec897560,COM-52575,USR-5873,ArticleManquant,"Commande incomplète, sandwich non livré.",12/30/2024 15:16,image_6801.jpg,faible,Ouvert,,,REF-624056
0cce398c-560a-4162-b562-c8c879bfeec0,COM-43270,USR-2433,LivraisonRetard,"Livraison retardée de 1 heure, totalement inacceptable !",12/17/2024 15:16,image_8889.jpg,élevé,Résolu,12/18/2024 16:16,MOD-3,REF-140943
9e480f03-e1aa-4a82-a74f-632a40b2459f,COM-88289,USR-4898,MauvaiseQualité,"Qualité médiocre de pizza, très frustrant.",4/29/2025 15:16,"image_1708.jpg,image_4267.jpg",élevé,Escaladé,,,REF-741287
b15f3c4b-0c60-4095-964d-da0f402949e4,COM-82123,USR-6712,ArticleManquant,"Petit souci, il manquait burger dans la commande.",1/20/2025 15:16,,faible,Ouvert,,,REF-899447
5bb674b7-8572-4a27-b266-59cf0fbc0c6d,COM-24011,USR-8189,NourritureEndommagée,"Tout était moisi, expérience catastrophique.",2/18/2025 15:16,,élevé,Escaladé,,,REF-285766
12819823-cef9-432b-bcb7-8bebecbcd109,COM-56511,USR-1401,MauvaiseQualité,"burger avait un goût écrasé, expérience horrible.",2/21/2025 15:16,image_1030.jpg,élevé,Escaladé,,,REF-233922
64f4c414-5fee-406e-8c03-32183d95d353,COM-88441,USR-6970,NourritureEndommagée,"pizza était sans goût, qualité inacceptable.",4/9/2025 15:16,,élevé,Escaladé,,,REF-702366
65dc6589-95ce-4bf8-a859-fcc05afc1d1d,COM-88092,USR-7313,MauvaiseQualité,"pâtes était trempé, je ne commanderai plus.",11/16/2024 15:16,,faible,Escaladé,,,REF-340646
2f57435b-d779-4ea4-99cc-6f5745fe6b77,COM-77152,USR-5151,CommandeErronée,"Livré sandwich, mais je voulais burger, c'est inacceptable.",6/2/2025 15:16,,faible,Escaladé,,,REF-902839
a7c268e3-5d4e-41a2-9d3a-65b9c6e1cbf1,COM-10411,USR-8300,CommandeErronée,"Erreur sur ma commande : boisson au lieu de boisson, très agaçant.",11/22/2024 15:16,"image_6892.jpg,image_6694.jpg",élevé,Ouvert,,,REF-973692
ecee93fc-c1a0-4f95-8d64-6c07a38f66f6,COM-62785,USR-7868,MauvaiseQualité,"sushi avait un goût moisi, expérience horrible.",5/14/2025 15:16,,élevé,Ouvert,,,REF-921585
a7d95548-e5c0-41be-a907-29d8c50b78fa,COM-91266,USR-6232,NourritureEndommagée,"Commande endommagée, frites était légèrement brûlé.",10/13/2024 15:16,"image_1525.jpg,image_1618.jpg",faible,Résolu,10/15/2024 11:16,MOD-18,REF-179034
87f68cb8-a0d1-492f-a59b-a0e9b8da0c88,COM-45230,USR-8735,LivraisonRetard,"Livraison en retard de 90 minutes, c'est gênant mais acceptable.",7/2/2024 15:16,,moyen,Résolu,7/2/2024 19:16,MOD-10,REF-712236
25f80b02-cfb4-4a97-85f8-08869c8e26b9,COM-60930,USR-3926,MauvaiseQualité,"Le goût de sandwich était un peu écrasé, mais acceptable.",1/17/2025 15:16,image_2516.jpg,moyen,Ouvert,,,REF-720385
748312a2-4577-4723-b9b7-e9e7330df21b,COM-80003,USR-2892,NourritureEndommagée,"La commande était gâté, très déçu.",3/15/2025 15:16,image_8182.jpg,élevé,Escaladé,,,REF-616846
4a7a3ead-c9a0-41e9-a0b8-43bf681eaafc,COM-86241,USR-9664,LivraisonRetard,"Petit retard de 90 minutes, mais la nourriture était correcte.",10/20/2024 15:16,,moyen,Escaladé,,,REF-229487
bbe90d64-cff4-4d83-b811-2e4114075db5,COM-14877,USR-2999,MauvaiseQualité,"Qualité médiocre de boisson, très frustrant.",9/26/2024 15:16,image_7694.jpg,élevé,Escaladé,,,REF-945093
ef321333-7dbb-4124-86a1-607befae5b8a,COM-99137,USR-6436,NourritureEndommagée,"Commande endommagée, sushi était légèrement gâté.",8/16/2024 15:16,,élevé,Escaladé,,,REF-378696
5832d0f8-1e54-4c5d-8807-25aa04754992,COM-90832,USR-7936,CommandeErronée,"Commande erronée livrée, j'ai eu boisson et non burger.",3/30/2025 15:16,,faible,Ouvert,,,REF-828952
f4469b69-fab3-4c2f-b284-c929c410988d,COM-73004,USR-6538,CommandeErronée,"Erreur sur ma commande : boisson au lieu de frites, très agaçant.",10/14/2024 15:16,image_9314.jpg,élevé,Résolu,10/15/2024 6:16,MOD-11,REF-612935
266226e8-d8b8-40bb-b68e-e97fe5d26831,COM-72503,USR-9902,MauvaiseQualité,"sushi n'était pas terrible, qualité moyenne.",11/13/2024 15:16,,faible,Résolu,11/15/2024 6:16,MOD-13,REF-707485
479c5746-bbcb-487a-82a3-c844fb47e893,COM-31059,USR-7405,ProblèmePaiement,"Problème mineur avec le paiement, veuillez vérifier.",3/20/2025 15:16,image_9129.jpg,élevé,Escaladé,,,REF-517645
dfb83d89-b761-4b47-a7b9-fdc07c22f376,COM-98772,USR-6650,MauvaiseQualité,"Le goût de sushi était un peu mal emballé, mais acceptable.",5/5/2025 15:16,,faible,Résolu,5/6/2025 7:16,MOD-19,REF-560120
695b62df-b72f-4945-bc59-6f4a71e57884,COM-34673,USR-7257,MauvaiseQualité,"pizza n'était pas terrible, qualité moyenne.",8/16/2024 15:16,,faible,Résolu,8/18/2024 5:16,MOD-6,REF-569224
7a9507fc-9c79-47db-ae78-a7b4c60ff901,COM-77606,USR-9341,ArticleManquant,"Manque sauce, service médiocre.",5/11/2025 15:16,,moyen,Ouvert,,,REF-818077
705900cc-5ef7-490b-a6b8-efd82269165e,COM-18207,USR-1856,NourritureEndommagée,"boisson livré trempé, c'est scandaleux et dangereux !",1/29/2025 15:16,image_7733.jpg,élevé,Résolu,1/30/2025 14:16,MOD-7,REF-270520
224ed5e1-6bf8-4598-bbb8-f43ac4f75f89,COM-93199,USR-7375,ServiceClient,"Mauvaise expérience avec le support, très décevant.",6/30/2025 15:16,image_7211.jpg,élevé,Escaladé,,,REF-791966
21a95670-71a5-42f3-9c43-2b35180c57f5,COM-90594,USR-1727,ProblèmePaiement,"Problème mineur avec le paiement, veuillez vérifier.",11/10/2024 15:16,,moyen,Escaladé,,,REF-434968
57f41d32-2e2a-41a2-b3f3-af9ffc348a1c,COM-29258,USR-9375,CommandeErronée,"Erreur sur ma commande : pizza au lieu de pizza, très agaçant.",8/11/2024 15:16,,moyen,Ouvert,,,REF-616780
e88f33c0-f5ee-4e11-92dd-747666291109,COM-41289,USR-6740,ServiceClient,"Mauvaise expérience avec le support, très décevant.",1/11/2025 15:16,image_9694.jpg,élevé,Escaladé,,,REF-537570
41cef97a-48fa-4e37-bd99-bbb119a1e954,COM-26238,USR-1928,ArticleManquant,Pourriez-vous vérifier pourquoi frites n'était pas inclus ?,9/4/2024 15:16,image_8475.jpg,faible,Escaladé,,,REF-759012
c7f03a5f-2eb6-4077-b7d9-d233ad85d202,COM-20571,USR-9238,ServiceClient,"Le service client n'a pas résolu mon problème, frustrant.",5/29/2025 15:16,,moyen,Ouvert,,,REF-814533
d1238f45-48ff-466c-a503-c35c0cf558b2,COM-49191,USR-4926,CommandeErronée,"Livré frites, mais je voulais burger, c'est inacceptable.",6/24/2025 15:16,,faible,Résolu,6/25/2025 11:16,MOD-19,REF-288481
1fc709f3-7805-4f49-837e-8410830b2297,COM-86458,USR-7013,ServiceClient,"Petit souci avec le support, mais acceptable.",11/28/2024 15:16,,faible,Ouvert,,,REF-155934
8575e908-d7b5-4cae-afe6-883b0d7674cc,COM-90892,USR-1737,CommandeErronée,"Mauvais article livré, dessert à la place de dessert.",9/19/2024 15:16,,faible,Ouvert,,,REF-282724
71604841-a3bc-42b5-a5d5-f1a879fef89e,COM-75712,USR-3137,MauvaiseQualité,"La nourriture était sans goût, pas à la hauteur.",11/8/2024 15:16,,faible,Escaladé,,,REF-849161
d430e33c-a041-40cd-881c-cb37ac145a3d,COM-54859,USR-1669,ArticleManquant,"Pas de sandwich, c'est inacceptable et frustrant !",7/16/2024 15:16,"image_5480.jpg,image_9137.jpg",élevé,Résolu,7/16/2024 21:16,MOD-2,REF-623683
8f67467a-710c-42b5-82ad-3dd3154e2abb,COM-70516,USR-1239,ArticleManquant,"Manque sauce, service médiocre.",6/5/2025 15:16,,faible,Escaladé,,,REF-392791
943f5a32-20ce-40ec-b764-fe983e2a6507,COM-75828,USR-4571,ArticleManquant,"Pas de boisson, c'est inacceptable et frustrant !",9/23/2024 15:16,,moyen,Résolu,9/25/2024 11:16,MOD-12,REF-209847
5aaccce6-b59f-47ca-85e0-e0b794f88222,COM-74245,USR-5798,ServiceClient,"Service client injoignable, c'est insupportable !",2/4/2025 15:16,,élevé,Ouvert,,,REF-614663
18780754-65e4-4969-aadd-12c6bf3a72c3,COM-68408,USR-7794,LivraisonRetard,"Livraison retardée de 1 heure, totalement inacceptable !",10/3/2024 15:16,"image_2625.jpg,image_7775.jpg",élevé,Escaladé,,,REF-749240
56855b2d-f3d3-4a9e-be18-b5b558d6ac64,COM-47607,USR-2259,MauvaiseQualité,"dessert n'était pas terrible, qualité moyenne.",7/31/2024 15:16,image_7458.jpg,moyen,Résolu,8/1/2024 12:16,MOD-7,REF-972465
888c58bd-b40b-4a83-a1ad-ce74134ad073,COM-23983,USR-1313,CommandeErronée,"Erreur sur ma commande : sandwich au lieu de sauce, très agaçant.",3/10/2025 15:16,"image_9283.jpg,image_4453.jpg",élevé,Escaladé,,,REF-188127
6a831269-298f-4c21-aeb2-922fc9ab105a,COM-68299,USR-5949,ProblèmePaiement,"Problème mineur avec le paiement, veuillez vérifier.",3/14/2025 15:16,,moyen,Résolu,3/15/2025 13:16,MOD-20,REF-415501
7dc95956-047b-47f5-97d7-331d086ec891,COM-35385,USR-3199,MauvaiseQualité,"salade était trempé, totalement dégoûtant !",3/8/2025 15:16,image_8679.jpg,élevé,Ouvert,,,REF-499391
a5e8dbaa-3b2b-4f9f-a3f6-18e8683fc2cd,COM-32008,USR-4693,MauvaiseQualité,"Le goût de salade était un peu trempé, mais acceptable.",5/30/2025 15:16,,faible,Escaladé,,,REF-994130
2e2567b4-13bb-40a0-8ae1-6cc9f959d2bd,COM-17130,USR-5162,ProblèmePaiement,"Petite erreur de facturation, mais gênante.",3/8/2025 15:16,image_5520.jpg,élevé,Résolu,3/9/2025 3:16,MOD-15,REF-714160
e622ea5a-d2ab-4b2d-876d-680d04c01127,COM-88968,USR-5968,MauvaiseQualité,"La nourriture était écrasé, pas à la hauteur.",10/21/2024 15:16,,faible,Ouvert,,,REF-855872
0325bdc9-056f-42f0-b6b6-08ca4c1a8066,COM-88566,USR-1610,NourritureEndommagée,"La commande était froid, très déçu.",1/30/2025 15:16,,faible,Ouvert,,,REF-226621
36933973-cf6c-47d4-94d7-e4b787a0811e,COM-61705,USR-9261,MauvaiseQualité,"pâtes avait un goût froid, expérience horrible.",11/26/2024 15:16,image_8257.jpg,élevé,Ouvert,,,REF-178230
6cbc2534-1337-493f-95c7-0936e57cd2dc,COM-72553,USR-6211,LivraisonRetard,"Commande arrivée après 90 minutes, vraiment pas satisfait.",6/6/2025 15:16,,moyen,Escaladé,,,REF-895768
2d7305fe-630f-45fc-95a8-8337cc767950,COM-17327,USR-7349,CommandeErronée,"Commande incorrecte, mais le goût de dessert était acceptable.",2/2/2025 15:16,,faible,Résolu,2/2/2025 23:16,MOD-19,REF-271704
f61a761f-d7a8-4cd4-956a-5430a2631a14,COM-29890,USR-6894,ServiceClient,"Service client injoignable, c'est insupportable !",5/10/2025 15:16,,élevé,Résolu,5/11/2025 0:16,MOD-15,REF-612450
99a1e84b-ffcd-4e7d-b02c-f3e85d0e1015,COM-65744,USR-6975,MauvaiseQualité,"Qualité médiocre de pizza, très frustrant.",7/6/2024 15:16,,moyen,Ouvert,,,REF-196849
0c873e01-d07d-4a68-a45d-bf4a7e500cac,COM-24754,USR-9329,ServiceClient,"Réponse lente du service client, qualité médiocre.",2/28/2025 15:16,,faible,Résolu,2/28/2025 23:16,MOD-8,REF-229783
a206b628-f435-4250-b200-e460ad2a16e2,COM-95600,USR-4235,CommandeErronée,"Erreur sur ma commande : frites au lieu de boisson, très agaçant.",8/15/2024 15:16,,moyen,Escaladé,,,REF-158155
1b01309e-b71e-4ef7-9083-7be2b15cdf53,COM-33448,USR-5804,CommandeErronée,"Petite erreur, j'ai reçu dessert au lieu de boisson.",11/16/2024 15:16,image_3299.jpg,faible,Escaladé,,,REF-708994
5d7f3ef5-60ad-4905-93cb-073c6d75f73e,COM-50773,USR-2769,LivraisonRetard,"Livraison en retard de 3 heures, c'est gênant mais acceptable.",2/5/2025 15:16,,élevé,Résolu,2/5/2025 17:16,MOD-18,REF-218200
7e741045-9fe4-4cb3-9f14-8c8b299de442,COM-22208,USR-9384,MauvaiseQualité,"pizza était froid, totalement dégoûtant !",6/3/2025 15:16,,élevé,Résolu,6/4/2025 7:16,MOD-10,REF-625375
5e79a05a-88a1-459f-bbcc-66c4abf23271,COM-39543,USR-2907,MauvaiseQualité,"burger avait un goût mal emballé, expérience horrible.",7/14/2024 15:16,image_6793.jpg,élevé,Résolu,7/14/2024 21:16,MOD-5,REF-753093
5cf3ec9b-1d89-4fb8-afa2-9722c6813153,COM-97711,USR-7179,ServiceClient,"Mauvaise expérience avec le support, très décevant.",10/16/2024 15:16,image_7701.jpg,élevé,Ouvert,,,REF-307023
21100e05-9e39-45fb-8cc8-2a0a0df0cb7a,COM-87082,USR-1549,CommandeErronée,"Livré pâtes, mais je voulais sushi, c'est inacceptable.",8/27/2024 15:16,,faible,Escaladé,,,REF-261125
5bb2ae1c-cc93-401c-95d4-a754c135fb40,COM-55466,USR-5316,LivraisonRetard,"Retard de 2 heures, c'est scandaleux et dérangeant !",11/23/2024 15:16,,élevé,Résolu,11/23/2024 20:16,MOD-7,REF-447785
52d59424-1034-4f85-874f-2ea73a685019,COM-24190,USR-4891,CommandeErronée,"Commande incorrecte, mais le goût de dessert était acceptable.",6/10/2025 15:16,,faible,Escaladé,,,REF-541019
c5db5d33-e388-40c1-9731-7997ff3d1419,COM-10693,USR-6388,LivraisonRetard,"Livraison retardée de 1 heure, totalement inacceptable !",8/29/2024 15:16,,moyen,Ouvert,,,REF-538415
75ff8e79-07ba-4e0f-a98e-530fec32d978,COM-59005,USR-4754,LivraisonRetard,"Livraison retardée de 3 heures, totalement inacceptable !",11/9/2024 15:16,,élevé,Escaladé,,,REF-635735
a5963596-61b2-4c58-b90f-af55c1c2390d,COM-24013,USR-3691,ProblèmePaiement,"Problème mineur avec le paiement, veuillez vérifier.",3/29/2025 15:16,"image_3060.jpg,image_8822.jpg",élevé,Escaladé,,,REF-325313
d6b16511-9d95-450b-802c-6c9e411b59ea,COM-64500,USR-3933,MauvaiseQualité,"sushi était trempé, totalement dégoûtant !",6/8/2025 15:16,image_7168.jpg,élevé,Escaladé,,,REF-433940
fa5b5538-3184-427f-814c-3b62bcfcd75b,COM-42730,USR-5067,ArticleManquant,"Il manque pizza dans ma commande, très décevant.",11/8/2024 15:16,image_5973.jpg,élevé,Ouvert,,,REF-276940
3a76ad96-e23f-451e-807b-d1b4872a6270,COM-70646,USR-8794,NourritureEndommagée,"burger livré sans goût, c'est scandaleux et dangereux !",9/9/2024 15:16,,élevé,Escaladé,,,REF-701328
63fa96ef-7e49-47a1-b17f-97eeea4b4093,COM-89239,USR-6436,NourritureEndommagée,"La commande était sans goût, très déçu.",4/27/2025 15:16,image_7459.jpg,faible,Résolu,4/28/2025 10:16,MOD-10,REF-518545
65279f2d-0b4a-4cef-b36a-843915d2ffb4,COM-18285,USR-4262,ArticleManquant,"Il manque sandwich dans ma commande, très décevant.",6/23/2025 15:16,,moyen,Escaladé,,,REF-324114
4da5f4db-ff62-4a68-ac90-c44500c1c012,COM-64932,USR-7267,MauvaiseQualité,"pâtes était écrasé, totalement dégoûtant !",7/2/2024 15:16,image_6278.jpg,élevé,Résolu,7/4/2024 12:16,MOD-5,REF-192556
a055f99c-4309-4b21-a463-307417cde86a,COM-52281,USR-5880,LivraisonRetard,"Petit retard de 3 heures, mais la nourriture était correcte.",10/11/2024 15:16,,élevé,Résolu,10/13/2024 13:16,MOD-7,REF-296975
514e6053-6348-49f2-a1d6-831b4bcdc743,COM-13503,USR-3093,ProblèmePaiement,"Erreur de facturation pour sandwich, très frustrant.",11/21/2024 15:16,,moyen,Escaladé,,,REF-195618
9cb6daf2-563a-4620-8599-dc3075643f07,COM-64549,USR-5471,CommandeErronée,"J'ai commandé boisson, mais j'ai reçu dessert.",4/26/2025 15:16,image_6041.jpg,faible,Ouvert,,,REF-140853
0a826b83-24b9-4b68-9e59-1af3f1763134,COM-36277,USR-9202,ProblèmePaiement,"Problème de paiement, remboursement requis immédiatement.",12/22/2024 15:16,,élevé,Escaladé,,,REF-747984
20ea22fd-5cee-49a3-8d68-c5f2e058b98c,COM-26197,USR-9368,ServiceClient,"Mauvaise expérience avec le support, très décevant.",1/17/2025 15:16,image_2661.jpg,élevé,Escaladé,,,REF-590489
916ec110-d351-4eb9-a038-dbf2909bfd0c,COM-47148,USR-7653,LivraisonRetard,"Livraison retardée de 30 minutes, totalement inacceptable !",11/28/2024 15:16,image_5366.jpg,moyen,Ouvert,,,REF-284200
77a0c163-2de6-45bb-bee7-951b21a6fe2d,COM-93846,USR-2351,NourritureEndommagée,"La commande était écrasé, très déçu.",5/15/2025 15:16,,faible,Résolu,5/16/2025 13:16,MOD-17,REF-747432
929eac91-6f57-4d61-bd98-cc8a2ac5e44c,COM-98005,USR-1783,NourritureEndommagée,"Tout était brûlé, expérience catastrophique.",9/21/2024 15:16,"image_9356.jpg,image_8035.jpg",élevé,Ouvert,,,REF-247324
1bcc4e2f-b787-43ff-b3b1-3d8b2a938098,COM-52477,USR-1312,LivraisonRetard,"Commande arrivée après 3 heures, vraiment pas satisfait.",2/8/2025 15:16,"image_5332.jpg,image_6300.jpg",élevé,Ouvert,,,REF-789804
9987d3ff-4794-4694-b369-7b3dac258025,COM-11475,USR-9082,ArticleManquant,"Il manque boisson dans ma commande, très décevant.",8/3/2024 15:16,image_6410.jpg,élevé,Escaladé,,,REF-806467
9bd9efd3-319d-4cd4-86d0-d9d5f0988d17,COM-76507,USR-7440,NourritureEndommagée,"La nourriture était écrasé, totalement immangeable.",3/2/2025 15:16,image_7434.jpg,élevé,Résolu,3/2/2025 19:16,MOD-16,REF-636100
d7efa50f-cdde-4dea-89f3-ea640f11b39e,COM-11239,USR-6291,ArticleManquant,Pourriez-vous vérifier pourquoi frites n'était pas inclus ?,3/16/2025 15:16,,faible,Ouvert,,,REF-902973
25f63ae4-48b0-4097-a653-6756fcd75a7f,COM-88146,USR-9351,NourritureEndommagée,"burger était froid, qualité inacceptable.",4/19/2025 15:16,,élevé,Résolu,4/20/2025 0:16,MOD-12,REF-550499
be1b2d4b-c7cd-4f4c-bf47-0c75624ff273,COM-96146,USR-5229,NourritureEndommagée,"dessert livré gâté, c'est scandaleux et dangereux !",5/20/2025 15:16,,élevé,Ouvert,,,REF-882621
09ce151e-2bc0-4da3-9297-da5e87d72812,COM-89061,USR-6998,CommandeErronée,"Commande incorrecte, mais le goût de burger était acceptable.",3/12/2025 15:16,,faible,Ouvert,,,REF-702736
617ac289-48be-4359-8258-43b648b8b43c,COM-67973,USR-1910,CommandeErronée,"J'ai commandé pizza, mais j'ai reçu sushi.",11/11/2024 15:16,image_2234.jpg,faible,Résolu,11/11/2024 20:16,MOD-4,REF-594103
c9f2ddc6-fb7a-4606-8039-c3a1434b39e9,COM-85160,USR-5397,ProblèmePaiement,"Surfacturation de la commande, service client désastreux.",10/27/2024 15:16,,élevé,Résolu,10/29/2024 8:16,MOD-6,REF-411195
3b91ff59-442b-4510-b4f8-cf54ada1ce30,COM-73328,USR-4211,ProblèmePaiement,"Problème mineur avec le paiement, veuillez vérifier.",10/21/2024 15:16,,moyen,Résolu,10/23/2024 1:16,MOD-13,REF-335295
83c83767-3039-4f12-ae1f-ea6faf18f592,COM-92731,USR-3576,NourritureEndommagée,"La commande était froid, très déçu.",7/10/2024 15:16,,faible,Ouvert,,,REF-146505
e21aeaca-2271-4639-9c0a-a835f0c98229,COM-80945,USR-6228,CommandeErronée,"Petite erreur, j'ai reçu pizza au lieu de boisson.",8/19/2024 15:16,,faible,Résolu,8/19/2024 16:16,MOD-14,REF-942025
1df2a8dd-078f-4497-8b53-f36be200397d,COM-21604,USR-1810,NourritureEndommagée,"Tout était mal emballé, expérience catastrophique.",11/17/2024 15:16,image_9565.jpg,élevé,Résolu,11/18/2024 13:16,MOD-16,REF-733580
2078bb32-60cc-4ea3-a82c-08436b7c6527,COM-11260,USR-6928,ProblèmePaiement,"Problème de paiement, remboursement requis immédiatement.",11/16/2024 15:16,image_5881.jpg,élevé,Escaladé,,,REF-848730
4650694a-fed0-4455-b9ea-9d1883e7b462,COM-48969,USR-4394,LivraisonRetard,"Livraison retardée de 3 heures, totalement inacceptable !",3/13/2025 15:16,,élevé,Ouvert,,,REF-761065
85e1e576-96f2-4954-b8fe-473242ea97ff,COM-55697,USR-5040,ServiceClient,"Mauvaise expérience avec le support, très décevant.",6/7/2025 15:16,"image_4928.jpg,image_4882.jpg",élevé,Ouvert,,,REF-263355
84db9ccd-d62a-4d14-bde5-765d57b4aff4,COM-39813,USR-6434,ProblèmePaiement,"Problème mineur avec le paiement, veuillez vérifier.",9/14/2024 15:16,,moyen,Résolu,9/14/2024 19:16,MOD-12,REF-323127
94de695d-cdda-4389-b042-6b2baf856472,COM-44816,USR-5937,NourritureEndommagée,"boisson livré brûlé, c'est scandaleux et dangereux !",11/1/2024 15:16,,élevé,Escaladé,,,REF-494190
a384173a-8535-4b70-847e-2ae4285d9afe,COM-38197,USR-9031,ArticleManquant,"Manque sushi, service médiocre.",10/6/2024 15:16,image_2592.jpg,moyen,Escaladé,,,REF-817455
50f6faa4-ffd4-4171-bf94-8739df212616,COM-52869,USR-3945,NourritureEndommagée,"La nourriture était moisi, totalement immangeable.",11/11/2024 15:16,,élevé,Escaladé,,,REF-845144
4a926f9f-4235-4ca3-842b-e5f4de242c6c,COM-58903,USR-3834,MauvaiseQualité,"salade n'était pas terrible, qualité moyenne.",11/18/2024 15:16,"image_5316.jpg,image_4403.jpg",moyen,Ouvert,,,REF-140385
018cbf71-df50-4700-9640-7cf891e91b9d,COM-46910,USR-9221,NourritureEndommagée,"La nourriture était moisi, totalement immangeable.",10/21/2024 15:16,image_5937.jpg,élevé,Ouvert,,,REF-378541
0e432143-4d0c-4d77-8c23-5c42ca191fee,COM-36248,USR-9441,LivraisonRetard,"J'ai attendu 90 minutes pour ma commande, très frustrant.",4/10/2025 15:16,,moyen,Résolu,4/12/2025 5:16,MOD-5,REF-896392
38fc4630-c7c2-48f8-99a9-74b9e6be0df3,COM-64034,USR-9839,CommandeErronée,"Commande erronée livrée, j'ai eu burger et non boisson.",4/17/2025 15:16,image_4331.jpg,faible,Résolu,4/19/2025 1:16,MOD-2,REF-755716
d9a3dc96-d00e-435d-ba8a-c37729d4dae8,COM-10571,USR-3136,ServiceClient,"Réponse lente du service client, qualité médiocre.",9/27/2024 15:16,image_2265.jpg,moyen,Ouvert,,,REF-509954
4a3d67f5-f2c2-40b6-ad69-e22c4b89bdb8,COM-10501,USR-2104,MauvaiseQualité,"boisson avait un goût écrasé, expérience horrible.",7/16/2024 15:16,"image_9748.jpg,image_2536.jpg",élevé,Ouvert,,,REF-585493
5807607d-5ea8-4865-93de-83df446921ce,COM-84954,USR-7050,ArticleManquant,"Je n'ai pas reçu pâtes, besoin d'un remboursement.",10/24/2024 15:16,,faible,Ouvert,,,REF-893633
3153139f-e39b-4aac-af13-5a2965e59e9e,COM-88148,USR-2458,MauvaiseQualité,"boisson avait un goût froid, expérience horrible.",11/7/2024 15:16,,élevé,Escaladé,,,REF-572848
e960fd49-5d18-469b-a783-f0e4520efe7d,COM-57648,USR-1206,LivraisonRetard,"Petit retard de 3 heures, mais la nourriture était correcte.",5/28/2025 15:16,image_8279.jpg,élevé,Ouvert,,,REF-392614
fb432249-5342-4b4b-8fc8-5b64cd90813b,COM-34442,USR-9452,NourritureEndommagée,"pâtes livré mal emballé, c'est scandaleux et dangereux !",2/23/2025 15:16,image_7924.jpg,élevé,Ouvert,,,REF-912797
6523c8ae-d8b1-4bff-bfb4-5d7d1c0a1dce,COM-17977,USR-9962,NourritureEndommagée,"sushi était gâté, qualité inacceptable.",1/2/2025 15:16,image_1736.jpg,élevé,Résolu,1/4/2025 0:16,MOD-1,REF-516170
6036bd07-cea2-473e-93dc-a51340084d11,COM-24386,USR-3511,LivraisonRetard,"Livraison en retard de 30 minutes, c'est gênant mais acceptable.",11/9/2024 15:16,image_8773.jpg,élevé,Résolu,11/10/2024 9:16,MOD-19,REF-901134
2b1e9f43-efd9-4a08-8909-654c4e097f28,COM-48230,USR-3016,ProblèmePaiement,"Problème mineur avec le paiement, veuillez vérifier.",1/5/2025 15:16,,moyen,Escaladé,,,REF-387877
6e56a3e6-b2e3-42cf-a56e-07c552f0e369,COM-69783,USR-6962,CommandeErronée,J'ai reçu dessert au lieu de salade.,2/25/2025 15:16,,faible,Escaladé,,,REF-937279
9cd7998b-4594-4ba1-ab41-4ddf722f8b13,COM-56913,USR-5636,MauvaiseQualité,"salade était écrasé, totalement dégoûtant !",4/3/2025 15:16,,élevé,Ouvert,,,REF-630036
c6c74f4b-f154-41af-adc8-5930e6833dc4,COM-13628,USR-9642,ArticleManquant,"Petit souci, il manquait sushi dans la commande.",10/22/2024 15:16,,faible,Résolu,10/23/2024 14:16,MOD-14,REF-507717
c6da5ce4-e316-480d-bcdb-e4ac465455b8,COM-75175,USR-3617,CommandeErronée,"Livré salade, mais je voulais pâtes, c'est inacceptable.",5/9/2025 15:16,,faible,Ouvert,,,REF-181819
bdcfc0b3-72d3-4b7b-a293-a2d4d900a64a,COM-13611,USR-9091,ServiceClient,"Réponse lente du service client, qualité médiocre.",6/13/2025 15:16,,faible,Escaladé,,,REF-365031
e407cab7-e325-4f04-8b86-d13c5fa47cad,COM-70667,USR-2515,NourritureEndommagée,"La commande était sans goût, très déçu.",5/17/2025 15:16,,faible,Ouvert,,,REF-400782
a3a1a15a-a11b-4244-acf4-45af5d48b702,COM-58815,USR-7141,NourritureEndommagée,"Tout était mal emballé, expérience catastrophique.",10/25/2024 15:16,,élevé,Résolu,10/27/2024 2:16,MOD-10,REF-985343
f6c186a7-f118-4d58-a039-c66cb0a4eaab,COM-53598,USR-1455,NourritureEndommagée,"Tout était sans goût, expérience catastrophique.",9/7/2024 15:16,image_8408.jpg,élevé,Résolu,9/8/2024 1:16,MOD-8,REF-284928
783f8c24-1477-44f5-9d22-66f1a41dd11b,COM-33704,USR-9976,ProblèmePaiement,"Erreur de facturation pour pizza, très frustrant.",2/13/2025 15:16,,moyen,Résolu,2/15/2025 3:16,MOD-12,REF-811319
caa5b228-33b4-496d-bb41-826bfd9cbc78,COM-99764,USR-6913,NourritureEndommagée,"frites était un peu sans goût, mais mangeable.",11/22/2024 15:16,image_4601.jpg,faible,Ouvert,,,REF-187622
7044e72c-d676-4366-bb29-ab84eb4bbbbd,COM-58863,USR-6108,ArticleManquant,"Manque pâtes, service médiocre.",2/24/2025 15:16,,faible,Escaladé,,,REF-149324
164d3cf7-72aa-4726-992f-bc2cb1d7e4ee,COM-22273,USR-2377,ProblèmePaiement,"J'ai été facturé deux fois pour ma commande, c'est inacceptable !",10/6/2024 15:16,,élevé,Résolu,10/8/2024 8:16,MOD-7,REF-522122
6773eb56-2c95-4880-b92c-6542b8b6e0da,COM-60925,USR-5094,ServiceClient,"Petit souci avec le support, mais acceptable.",3/3/2025 15:16,,faible,Ouvert,,,REF-998243
6d949b04-2843-4a07-94f0-cfbdd0b3afe9,COM-30670,USR-6296,NourritureEndommagée,"frites était brûlé, qualité inacceptable.",8/3/2024 15:16,,élevé,Escaladé,,,REF-366260
4e43ee96-d072-425e-b02e-30e0b85608dc,COM-88403,USR-5844,ProblèmePaiement,"J'ai été facturé deux fois pour ma commande, c'est inacceptable !",1/4/2025 15:16,,élevé,Résolu,1/5/2025 13:16,MOD-13,REF-387278
c6944c45-fbb4-4b54-b749-6d83cf55a44e,COM-29345,USR-2013,ArticleManquant,"Pas de sandwich, c'est inacceptable et frustrant !",4/21/2025 15:16,,moyen,Résolu,4/22/2025 17:16,MOD-13,REF-223759
e82ffe83-df8b-48cd-919b-69a93b109429,COM-85579,USR-6909,LivraisonRetard,"Petit retard de 90 minutes, mais la nourriture était correcte.",12/8/2024 15:16,image_7670.jpg,élevé,Ouvert,,,REF-806502
43c70226-ef75-44c8-9015-72894e608ced,COM-54661,USR-6982,MauvaiseQualité,"Très mauvaise qualité de frites, immangeable.",5/4/2025 15:16,image_6836.jpg,élevé,Escaladé,,,REF-397083
a2cd2020-773b-48af-ac9e-3c770b04cf74,COM-18411,USR-1223,NourritureEndommagée,"pizza livré trempé, c'est scandaleux et dangereux !",6/15/2025 15:16,,élevé,Escaladé,,,REF-814769
0eb3ea60-1afd-4eb9-a4d4-6a1e612e99c9,COM-94568,USR-3719,MauvaiseQualité,"La nourriture était froid, pas à la hauteur.",2/28/2025 15:16,image_4442.jpg,moyen,Résolu,3/2/2025 5:16,MOD-1,REF-102715
dda1e239-dd3a-4641-9097-f5471e79fee4,COM-58498,USR-6069,MauvaiseQualité,"dessert était froid, totalement dégoûtant !",8/11/2024 15:16,,élevé,Résolu,8/12/2024 21:16,MOD-7,REF-823776
c8299277-fc74-4624-8cac-92ea7ccd99bf,COM-99849,USR-5440,ArticleManquant,"Il manque dessert dans ma commande, très décevant.",1/20/2025 15:16,,moyen,Ouvert,,,REF-197373
bd75b0e2-23ac-499e-834e-14377455ff07,COM-60689,USR-1609,LivraisonRetard,"Petit retard de 3 heures, mais la nourriture était correcte.",6/18/2025 15:16,,élevé,Résolu,6/19/2025 5:16,MOD-19,REF-295504
dab2ebca-e2de-475b-8122-5311162b6eda,COM-56275,USR-2934,ProblèmePaiement,"Problème de paiement, remboursement requis immédiatement.",8/23/2024 15:16,,élevé,Résolu,8/24/2024 9:16,MOD-7,REF-415842
212c89ef-b88d-49f8-9cb8-011e180f9c42,COM-79622,USR-8974,LivraisonRetard,"Livraison retardée de 2 heures, totalement inacceptable !",2/18/2025 15:16,"image_4519.jpg,image_9682.jpg",élevé,Résolu,2/20/2025 2:16,MOD-5,REF-882982
2107962c-3fe3-444a-8a9a-c12275177712,COM-20090,USR-9385,ProblèmePaiement,"J'ai été facturé deux fois pour ma commande, c'est inacceptable !",12/13/2024 15:16,,élevé,Résolu,12/15/2024 0:16,MOD-18,REF-921414
6d3f365a-4dcd-46f0-a4fa-93f05f03965a,COM-48833,USR-3931,ArticleManquant,Pourriez-vous vérifier pourquoi frites n'était pas inclus ?,5/28/2025 15:16,"image_2825.jpg,image_3320.jpg",faible,Résolu,5/28/2025 20:16,MOD-1,REF-520288
330fa167-a2b1-4b13-bd47-e714c7998fd3,COM-74132,USR-4406,ServiceClient,"Service client injoignable, c'est insupportable !",6/1/2025 15:16,"image_3898.jpg,image_1085.jpg",élevé,Escaladé,,,REF-890674
4768b813-7e7b-49ee-a27c-43d9512faa4d,COM-69410,USR-4201,ArticleManquant,"Commande incomplète, dessert non livré.",1/7/2025 15:16,,faible,Escaladé,,,REF-976463
d48275df-cdeb-490e-9e4f-1e269859246f,COM-76790,USR-1653,NourritureEndommagée,"Commande endommagée, frites était légèrement sans goût.",4/3/2025 15:16,,faible,Escaladé,,,REF-910067
a5bac919-34c6-4f6b-97ed-385652ce2abc,COM-51578,USR-3131,MauvaiseQualité,"La nourriture était froid, pas à la hauteur.",1/14/2025 15:16,,faible,Ouvert,,,REF-254801
babbc536-8b5f-4de5-8a5c-344c42511ab3,COM-16884,USR-4549,ArticleManquant,"pâtes manquant, veuillez résoudre immédiatement.",2/25/2025 15:16,,moyen,Résolu,2/27/2025 1:16,MOD-1,REF-165385
dfd4391a-1600-4175-b606-4fdcc8476da4,COM-45345,USR-6475,ServiceClient,"Réponse lente du service client, qualité médiocre.",5/23/2025 15:16,,faible,Résolu,5/24/2025 19:16,MOD-16,REF-150060
0b968900-2fb4-4413-8a86-6c54441bbb0a,COM-39426,USR-8653,NourritureEndommagée,"Commande endommagée, sandwich était légèrement trempé.",2/6/2025 15:16,,faible,Résolu,2/6/2025 17:16,MOD-8,REF-382848
933973ba-b1fd-4f6c-81df-830717228245,COM-40020,USR-5828,NourritureEndommagée,"La commande était gâté, très déçu.",7/11/2024 15:16,,élevé,Escaladé,,,REF-403414
edc06012-b09c-4e80-b17f-5aaa609c0345,COM-68682,USR-1636,ServiceClient,"Service client injoignable, c'est insupportable !",2/19/2025 15:16,"image_2862.jpg,image_1250.jpg",élevé,Escaladé,,,REF-981772
97c715f3-7540-4d24-baf4-b8ce7bde89b5,COM-66489,USR-7696,LivraisonRetard,"La nourriture est arrivée avec 1 heure de retard, service décevant.",12/29/2024 15:16,image_3876.jpg,élevé,Ouvert,,,REF-643208
7e10de00-ca18-4d98-a7e7-8a46e7421e27,COM-93443,USR-3651,ProblèmePaiement,"Petite erreur de facturation, mais gênante.",8/4/2024 15:16,,moyen,Ouvert,,,REF-898715
f2e214d2-7834-4ffd-948a-9360781a1e74,COM-41131,USR-1380,ProblèmePaiement,"Problème mineur avec le paiement, veuillez vérifier.",8/25/2024 15:16,,moyen,Ouvert,,,REF-186356
6c5733ed-ea06-4601-85e8-d9cf3f1a974a,COM-27845,USR-4471,ProblèmePaiement,"Surfacturation de la commande, service client désastreux.",10/15/2024 15:16,"image_6741.jpg,image_7787.jpg",élevé,Escaladé,,,REF-463716
cacb88b0-a70e-49bd-830f-6ff678cfdc41,COM-10207,USR-6706,ProblèmePaiement,"Petite erreur de facturation, mais gênante.",2/16/2025 15:16,image_9517.jpg,élevé,Escaladé,,,REF-475826
8e6f7b13-2949-464f-ae0f-26998ad0af17,COM-32034,USR-1256,ArticleManquant,"Pas de pizza, c'est inacceptable et frustrant !",12/30/2024 15:16,"image_8305.jpg,image_8235.jpg",élevé,Résolu,12/31/2024 15:16,MOD-13,REF-450240
3afc0532-2f07-4ccb-b343-bbbc46ec0177,COM-64758,USR-2199,MauvaiseQualité,"La nourriture était sans goût, pas à la hauteur.",12/2/2024 15:16,"image_4215.jpg,image_9922.jpg",faible,Escaladé,,,REF-424529
5e9b7069-7511-4101-ab8d-d1d712499cff,COM-30032,USR-3839,CommandeErronée,"Livré dessert, mais je voulais frites, c'est inacceptable.",10/29/2024 15:16,,faible,Ouvert,,,REF-949480
4545feaa-ec1e-499b-a757-737fb9c34366,COM-80520,USR-2385,CommandeErronée,"Mauvais article livré, salade à la place de sushi.",6/23/2025 15:16,,faible,Ouvert,,,REF-204345
161ea092-5e26-4302-9f3e-c2eca2c8dda1,COM-39911,USR-1142,CommandeErronée,"Commande incorrecte, mais le goût de sauce était acceptable.",5/15/2025 15:16,,faible,Résolu,5/16/2025 14:16,MOD-16,REF-625093
16467003-f3b9-401c-bdbd-74de1a078397,COM-38479,USR-9864,ProblèmePaiement,"Petite erreur de facturation, mais gênante.",7/3/2024 15:16,,moyen,Escaladé,,,REF-145302
7cb242f2-b313-4070-8b1c-03e92ac951c9,COM-20295,USR-4077,ArticleManquant,Pourriez-vous vérifier pourquoi burger n'était pas inclus ?,7/19/2024 15:16,,faible,Ouvert,,,REF-588919
9b92898c-866e-4656-9683-d8f7686c7026,COM-27811,USR-2636,MauvaiseQualité,"Qualité médiocre de dessert, très frustrant.",8/24/2024 15:16,image_2373.jpg,élevé,Résolu,8/26/2024 6:16,MOD-12,REF-855609
407d56c3-be56-433e-b8ad-fca53d64d0c0,COM-66788,USR-1730,ArticleManquant,"Petit souci, il manquait burger dans la commande.",6/9/2025 15:16,,faible,Ouvert,,,REF-720363
df5b1284-5ca9-4e34-a80c-d624d8bdb7f5,COM-97598,USR-4253,LivraisonRetard,"Livraison retardée de 3 heures, totalement inacceptable !",8/17/2024 15:16,"image_4591.jpg,image_4412.jpg",élevé,Résolu,8/19/2024 8:16,MOD-8,REF-646855
64cab760-de01-4fc6-a11b-e0472ef935e5,COM-74626,USR-4151,ArticleManquant,"Je n'ai pas reçu dessert, besoin d'un remboursement.",8/27/2024 15:16,,faible,Résolu,8/27/2024 17:16,MOD-12,REF-318670
6063c3b9-37e6-443e-b8b1-15e83e82c193,COM-23355,USR-3855,LivraisonRetard,"Livraison en retard de 30 minutes, c'est gênant mais acceptable.",3/30/2025 15:16,,moyen,Résolu,3/31/2025 21:16,MOD-9,REF-187465
3b338ce3-930f-401b-8f0a-6aba4e28a4ee,COM-19777,USR-7482,ProblèmePaiement,"Erreur de facturation pour burger, très frustrant.",7/4/2024 15:16,,moyen,Ouvert,,,REF-709654
bd46f3fb-9059-44e8-991c-82e37b7fa189,COM-61611,USR-3793,ArticleManquant,"Petit souci, il manquait pâtes dans la commande.",5/11/2025 15:16,,faible,Escaladé,,,REF-205159
be92fe8f-02f3-45b6-ba18-ad5387df7ee9,COM-56743,USR-5373,ProblèmePaiement,"J'ai été facturé deux fois pour ma commande, c'est inacceptable !",12/1/2024 15:16,,élevé,Résolu,12/2/2024 20:16,MOD-3,REF-326639
8e8d499b-b427-483b-93e2-6c058caa20cf,COM-33307,USR-8498,LivraisonRetard,"Commande arrivée après 1 heure, vraiment pas satisfait.",11/25/2024 15:16,,moyen,Résolu,11/25/2024 23:16,MOD-19,REF-579304
aed9dea1-52ce-4fb7-9851-7c0acf9bfd93,COM-88005,USR-8336,NourritureEndommagée,"pâtes était un peu sans goût, mais mangeable.",9/3/2024 15:16,,faible,Ouvert,,,REF-256567
306eeccb-3efd-4acd-b8af-a4f7acb7255e,COM-94088,USR-9816,NourritureEndommagée,"Tout était froid, expérience catastrophique.",12/26/2024 15:16,"image_6552.jpg,image_8915.jpg",élevé,Ouvert,,,REF-965393
2f059ac3-7e12-415f-9a19-eefdfeaa1605,COM-86629,USR-7349,ArticleManquant,"Il manque burger dans ma commande, très décevant.",8/19/2024 15:16,,moyen,Escaladé,,,REF-345542
21baeb4b-973f-4232-af49-f3acd5bd9285,COM-19185,USR-4669,ArticleManquant,"Commande incomplète, burger non livré.",3/12/2025 15:16,,faible,Escaladé,,,REF-861293
491d2ed2-7eac-4491-b099-c1c548acf9a6,COM-87287,USR-3412,NourritureEndommagée,"La commande était mal emballé, très déçu.",12/10/2024 15:16,,faible,Escaladé,,,REF-495157
d866b9b5-3267-4889-bbe5-30d49da091c6,COM-28295,USR-7402,ServiceClient,"Petit souci avec le support, mais acceptable.",11/19/2024 15:16,image_8865.jpg,moyen,Escaladé,,,REF-974491
079a1946-75c5-45fa-912f-11ee840cd121,COM-92839,USR-2105,LivraisonRetard,"Livraison en retard de 3 heures, c'est gênant mais acceptable.",3/29/2025 15:16,"image_9715.jpg,image_6214.jpg",élevé,Résolu,3/30/2025 22:16,MOD-18,REF-993574
b3ea38c7-f04b-4889-90f3-55bc671c7df8,COM-70673,USR-8007,NourritureEndommagée,"Commande endommagée, sushi était légèrement écrasé.",11/11/2024 15:16,"image_4585.jpg,image_1792.jpg",faible,Escaladé,,,REF-543647
1913d17b-d2a8-4674-9e05-b45c6cc434c8,COM-24565,USR-8522,MauvaiseQualité,"dessert était gâté, je ne commanderai plus.",7/16/2024 15:16,,élevé,Ouvert,,,REF-590895
7d64010b-0874-4446-b80d-1859ca8fab5a,COM-74498,USR-5799,LivraisonRetard,"La commande a été livrée avec 30 minutes de retard, la nourriture était froide.",10/11/2024 15:16,,faible,Résolu,10/12/2024 2:16,MOD-14,REF-108899
f58416c7-b8df-4db7-8b50-0a8a276c44f9,COM-23715,USR-1808,LivraisonRetard,"J'ai attendu 30 minutes pour ma commande, très frustrant.",1/10/2025 15:16,,moyen,Escaladé,,,REF-419531
c5179e91-827e-456e-a019-dccfb04500d7,COM-52260,USR-8829,CommandeErronée,"J'ai commandé sandwich, mais j'ai reçu pâtes.",4/3/2025 15:16,,faible,Résolu,4/4/2025 21:16,MOD-8,REF-124243
4fb66647-d588-4d4a-ad43-508faed43a2a,COM-69888,USR-1642,NourritureEndommagée,"Commande endommagée, pâtes était légèrement moisi.",4/9/2025 15:16,,élevé,Résolu,4/10/2025 19:16,MOD-15,REF-951643
82b06d93-b1d9-4e68-868a-e32224c21f76,COM-86528,USR-9476,ServiceClient,"Petit souci avec le support, mais acceptable.",9/8/2024 15:16,image_4161.jpg,moyen,Ouvert,,,REF-219308
8a709fcd-9b12-4f17-bb6d-66c02c142783,COM-40067,USR-6447,ProblèmePaiement,"Surfacturation de la commande, service client désastreux.",1/19/2025 15:16,image_6851.jpg,élevé,Escaladé,,,REF-968468
014b6aef-fe25-4946-b38d-384d077f42a4,COM-66518,USR-4290,ProblèmePaiement,"Petite erreur de facturation, mais gênante.",3/15/2025 15:16,"image_1819.jpg,image_8844.jpg",élevé,Ouvert,,,REF-771165
23ecbc61-c7d6-4767-b994-0dd6f2e01761,COM-73981,USR-9442,LivraisonRetard,"Livraison retardée de 3 heures, totalement inacceptable !",10/29/2024 15:16,image_4073.jpg,élevé,Résolu,10/30/2024 7:16,MOD-4,REF-251171
b69ea47e-4311-43eb-96b2-232591b93764,COM-49622,USR-3034,ArticleManquant,Pourriez-vous vérifier pourquoi sauce n'était pas inclus ?,8/3/2024 15:16,,faible,Escaladé,,,REF-398267
7c613679-0019-4d4a-aa00-68213b11a123,COM-49440,USR-6473,ArticleManquant,"Commande incomplète, dessert non livré.",3/13/2025 15:16,image_9231.jpg,faible,Ouvert,,,REF-199122
474b14dd-dac0-4884-8bec-e00607fbc8b8,COM-22260,USR-9424,ServiceClient,"Service client correct, mais pourrait être plus rapide.",5/17/2025 15:16,,faible,Escaladé,,,REF-756134
21c2a5e6-f156-4c75-9b65-42ac04a7971b,COM-80389,USR-7465,ProblèmePaiement,"J'ai été facturé deux fois pour ma commande, c'est inacceptable !",1/21/2025 15:16,,élevé,Escaladé,,,REF-219152
0e50b957-34d2-4789-a2a8-25d82e5c4ac7,COM-58188,USR-2748,MauvaiseQualité,"frites était trempé, je ne commanderai plus.",2/6/2025 15:16,image_2316.jpg,faible,Escaladé,,,REF-563736
333f1e71-d518-48df-af12-1330b9d22456,COM-33362,USR-9668,ProblèmePaiement,"Problème mineur avec le paiement, veuillez vérifier.",3/15/2025 15:16,image_8476.jpg,élevé,Escaladé,,,REF-260399
5ce2ee84-ffb5-4ea8-a78d-d0d566c9875b,COM-70809,USR-3395,ProblèmePaiement,"Erreur de facturation pour frites, très frustrant.",9/14/2024 15:16,,moyen,Escaladé,,,REF-303770
28318595-935b-4fd0-bc8b-918783658288,COM-47938,USR-1696,ArticleManquant,"Petit souci, il manquait sauce dans la commande.",12/2/2024 15:16,image_5278.jpg,faible,Escaladé,,,REF-191353
4cb82417-6a1d-4afd-941d-38937c81cd8f,COM-42808,USR-3964,NourritureEndommagée,"Commande endommagée, dessert était légèrement gâté.",7/28/2024 15:16,image_1214.jpg,élevé,Résolu,7/30/2024 11:16,MOD-4,REF-478334
db5d14fe-b201-4fad-806d-3db05c5ca712,COM-32442,USR-4922,ServiceClient,"Le service client n'a pas résolu mon problème, frustrant.",3/19/2025 15:16,,moyen,Ouvert,,,REF-368295
fe6d6fbb-d823-4ea8-83ad-d31a77f5c3c3,COM-75862,USR-9201,CommandeErronée,"Livré salade, mais je voulais pizza, c'est inacceptable.",10/27/2024 15:16,,faible,Escaladé,,,REF-893465
02ea809d-6e87-4bc3-89cd-c95495d43333,COM-31087,USR-4931,CommandeErronée,"Erreur sur ma commande : pizza au lieu de pâtes, très agaçant.",7/3/2024 15:16,image_9426.jpg,élevé,Escaladé,,,REF-365815
0521b587-9548-4de7-9925-d4612c73c5cb,COM-27604,USR-8997,CommandeErronée,"J'ai commandé sushi, mais j'ai reçu burger.",12/11/2024 15:16,,faible,Ouvert,,,REF-936990
ccb0aad1-1b94-483f-914c-d5c2e04cc47e,COM-70509,USR-7454,ProblèmePaiement,"Problème de paiement, remboursement requis immédiatement.",4/29/2025 15:16,"image_7765.jpg,image_4067.jpg",élevé,Ouvert,,,REF-377417
fb627e72-47db-4565-9c8e-77efefd07030,COM-28096,USR-8706,CommandeErronée,"Commande erronée livrée, j'ai eu boisson et non sushi.",4/14/2025 15:16,image_5980.jpg,faible,Escaladé,,,REF-557842
38283a19-846a-41e9-a5b3-ff4a1aebc8f4,COM-60072,USR-8833,ServiceClient,"Service client injoignable, c'est insupportable !",6/12/2025 15:16,,élevé,Résolu,6/14/2025 14:16,MOD-4,REF-973960
5a43dbb4-a7f2-413f-8c48-288d28a721db,COM-31917,USR-2503,ProblèmePaiement,"Erreur de facturation pour boisson, très frustrant.",4/13/2025 15:16,image_8554.jpg,élevé,Escaladé,,,REF-434766
b3ed6fe9-31b6-41f4-a689-3af7e46dd423,COM-89784,USR-1131,ArticleManquant,"Petit souci, il manquait sandwich dans la commande.",6/13/2025 15:16,image_2059.jpg,faible,Escaladé,,,REF-252642
f196b36f-6ed9-4fd5-b15e-fe96f9495299,COM-44556,USR-1166,CommandeErronée,"Commande incorrecte, mais le goût de boisson était acceptable.",9/16/2024 15:16,,faible,Escaladé,,,REF-459707
381fe87d-6165-4c0e-8b73-c0aee8383078,COM-23255,USR-1891,ServiceClient,"Mauvaise expérience avec le support, très décevant.",12/4/2024 15:16,,élevé,Ouvert,,,REF-124418
dfac521d-07dd-4f11-83c3-33f967d96ee6,COM-30195,USR-3687,ArticleManquant,"boisson manquant, veuillez résoudre immédiatement.",1/12/2025 15:16,,moyen,Résolu,1/13/2025 11:16,MOD-11,REF-672583
d5539142-dd55-4089-ba59-766be2b527ca,COM-29147,USR-6761,NourritureEndommagée,"boisson livré moisi, c'est scandaleux et dangereux !",12/5/2024 15:16,image_4634.jpg,élevé,Ouvert,,,REF-295889
376767d6-34aa-4eb3-9d79-1775422b831c,COM-43659,USR-9841,ServiceClient,"Réponse lente du service client, qualité médiocre.",5/13/2025 15:16,,faible,Ouvert,,,REF-245502
08539747-0982-4d62-b1e9-b4763b498af3,COM-16111,USR-9767,CommandeErronée,"Commande erronée livrée, j'ai eu boisson et non frites.",11/11/2024 15:16,image_4899.jpg,faible,Résolu,11/13/2024 2:16,MOD-2,REF-189707
0b252006-a7ed-4368-a5ca-46b276e47f97,COM-19382,USR-6747,ServiceClient,"Le service client n'a pas résolu mon problème, frustrant.",5/6/2025 15:16,"image_4966.jpg,image_5298.jpg",élevé,Escaladé,,,REF-927501
b86fde0b-491e-47ac-b779-e018766d8d3d,COM-56799,USR-3604,LivraisonRetard,"Livraison retardée de 3 heures, totalement inacceptable !",11/4/2024 15:16,,élevé,Résolu,11/5/2024 4:16,MOD-17,REF-953371
72a99ccb-91b0-42b1-bdb3-131620665265,COM-52071,USR-7696,LivraisonRetard,"Petit retard de 2 heures, mais la nourriture était correcte.",10/13/2024 15:16,image_4528.jpg,élevé,Résolu,10/15/2024 15:16,MOD-14,REF-957827
9f82e9e9-d600-4078-81c6-027db57f43e2,COM-66072,USR-2264,LivraisonRetard,"Retard de 30 minutes, c'est scandaleux et dérangeant !",11/22/2024 15:16,,moyen,Ouvert,,,REF-677069
6b68b970-edbe-4f73-b69a-2cc05e05ce44,COM-30262,USR-9260,ServiceClient,"Service client correct, mais pourrait être plus rapide.",3/15/2025 15:16,,faible,Escaladé,,,REF-768411
b6261db5-1846-4cc4-892d-01f586992464,COM-93651,USR-2764,CommandeErronée,"Livré pâtes, mais je voulais salade, c'est inacceptable.",4/8/2025 15:16,image_7347.jpg,moyen,Escaladé,,,REF-460834
faac2065-be39-4dde-9ee1-d77dac4e6061,COM-80741,USR-7736,NourritureEndommagée,"La nourriture était gâté, totalement immangeable.",5/15/2025 15:16,image_1744.jpg,élevé,Escaladé,,,REF-409745
bc0be5f3-360e-41df-8a52-cb5692d9b71f,COM-13248,USR-6875,NourritureEndommagée,"sandwich livré mal emballé, c'est scandaleux et dangereux !",8/29/2024 15:16,,élevé,Escaladé,,,REF-553052
49e9a657-2db8-4711-8ffc-cf7473ef8c4b,COM-53664,USR-9608,LivraisonRetard,"La commande a été livrée avec 30 minutes de retard, la nourriture était froide.",10/19/2024 15:16,,faible,Escaladé,,,REF-840517
25760806-1b92-47d1-b68e-ee16f0c5c9a7,COM-50921,USR-2517,ArticleManquant,"Petit souci, il manquait sushi dans la commande.",3/20/2025 15:16,image_9543.jpg,faible,Ouvert,,,REF-650248
4f84b39a-c147-4e9b-b78a-25ba1d29e0a3,COM-78563,USR-7585,CommandeErronée,"Commande incorrecte, mais le goût de boisson était acceptable.",1/8/2025 15:16,,faible,Escaladé,,,REF-226317
a15ced3c-9e17-487e-8d00-ee067d1e4460,COM-15524,USR-1376,ArticleManquant,"Pas de pizza, c'est inacceptable et frustrant !",2/18/2025 15:16,image_5270.jpg,élevé,Résolu,2/18/2025 18:16,MOD-13,REF-312949
24e6d7cd-a64c-4681-9159-8a5fa0f3eaf3,COM-64916,USR-1845,NourritureEndommagée,"frites était sans goût, qualité inacceptable.",8/14/2024 15:16,,élevé,Résolu,8/15/2024 15:16,MOD-17,REF-350155
673325f0-4386-4de5-8279-cc96bc0c2b86,COM-21365,USR-9829,ProblèmePaiement,"Problème mineur avec le paiement, veuillez vérifier.",11/17/2024 15:16,,moyen,Ouvert,,,REF-797157
be24bf34-e9bb-4701-9f24-d6abcb50df47,COM-68012,USR-2830,LivraisonRetard,"Livraison en retard de 2 heures, c'est gênant mais acceptable.",12/5/2024 15:16,,élevé,Escaladé,,,REF-109012
92242add-59ff-4462-b34c-5657866bbe7f,COM-52503,USR-9197,LivraisonRetard,"J'ai attendu 3 heures pour ma commande, très frustrant.",12/23/2024 15:16,,élevé,Ouvert,,,REF-642956
88e02b30-2c1f-43e2-8b56-a1ea7ae02f4e,COM-49254,USR-6676,MauvaiseQualité,"sushi n'était pas terrible, qualité moyenne.",9/6/2024 15:16,image_3621.jpg,moyen,Ouvert,,,REF-772344
ebd5935c-c93d-4b47-a9b7-8d8fd8e138e9,COM-47862,USR-5838,NourritureEndommagée,"La commande était brûlé, très déçu.",1/2/2025 15:16,,faible,Escaladé,,,REF-280059
9131c711-f706-475d-82d5-2d051b347d91,COM-33849,USR-9659,MauvaiseQualité,"salade était gâté, je ne commanderai plus.",6/23/2025 15:16,,élevé,Résolu,6/24/2025 5:16,MOD-3,REF-571458
ae383e6c-dae0-48e3-bbc0-81f1c516e0a5,COM-79372,USR-1191,CommandeErronée,"Erreur sur ma commande : sandwich au lieu de pizza, très agaçant.",1/27/2025 15:16,image_7672.jpg,élevé,Escaladé,,,REF-902481
114911b9-b04c-419e-97c1-aa15dee9363b,COM-87430,USR-4033,MauvaiseQualité,"burger avait un goût écrasé, expérience horrible.",12/12/2024 15:16,,élevé,Escaladé,,,REF-443342
8012d921-0310-4df7-a876-189687833fe0,COM-17289,USR-2808,LivraisonRetard,"Commande arrivée après 30 minutes, vraiment pas satisfait.",6/18/2025 15:16,,moyen,Résolu,6/19/2025 1:16,MOD-5,REF-432010
7ab7b140-bb62-4879-b3fc-078f8e592f06,COM-80137,USR-1771,NourritureEndommagée,"La nourriture était mal emballé, totalement immangeable.",7/2/2024 15:16,,élevé,Escaladé,,,REF-272881
78a136c3-e5df-4827-82b2-98d34012a2de,COM-50387,USR-4583,MauvaiseQualité,"Qualité médiocre de sushi, très frustrant.",1/25/2025 15:16,,moyen,Ouvert,,,REF-276921
fade1435-e55a-4359-b1a5-4f1f02dbb5ad,COM-51650,USR-7546,ArticleManquant,Pourriez-vous vérifier pourquoi dessert n'était pas inclus ?,6/5/2025 15:16,image_4729.jpg,faible,Ouvert,,,REF-200623
da887076-f0c9-4ca6-9cbf-ab8fe758157c,COM-65012,USR-5075,MauvaiseQualité,"La nourriture était écrasé, pas à la hauteur.",1/6/2025 15:16,"image_4552.jpg,image_9941.jpg",faible,Ouvert,,,REF-376360
9f9aef80-5c44-412c-a8ce-0255e4ee9019,COM-46197,USR-1148,ServiceClient,"Service client injoignable, c'est insupportable !",4/6/2025 15:16,,élevé,Ouvert,,,REF-550087
3a42ec7f-7ca2-4e73-bf3e-70472d661d44,COM-94453,USR-8722,MauvaiseQualité,"pâtes avait un goût trempé, expérience horrible.",9/27/2024 15:16,,élevé,Résolu,9/28/2024 3:16,MOD-7,REF-704151
30656fd9-5a10-48e7-bee8-391ea24e0029,COM-88583,USR-9696,NourritureEndommagée,"dessert est arrivé gâté, besoin d'un remplacement.",1/31/2025 15:16,,élevé,Escaladé,,,REF-923407
1288b0b0-0f8b-489e-9a12-a5fa70ff471d,COM-20119,USR-9088,MauvaiseQualité,"sushi était mal emballé, je ne commanderai plus.",1/24/2025 15:16,image_5561.jpg,faible,Résolu,1/25/2025 12:16,MOD-10,REF-501167
0a97c463-6e33-4590-915a-cdc75e4ca127,COM-94689,USR-3012,ProblèmePaiement,"Petite erreur de facturation, mais gênante.",8/28/2024 15:16,image_5071.jpg,élevé,Ouvert,,,REF-847051
f0a55952-7612-4289-84c7-d56b31065c57,COM-48751,USR-7980,LivraisonRetard,"La commande a été livrée avec 2 heures de retard, la nourriture était froide.",9/20/2024 15:16,,élevé,Résolu,9/21/2024 16:16,MOD-13,REF-687769
a8dbbf1c-4a07-44a6-aa8a-d6345ac630a1,COM-77012,USR-7761,CommandeErronée,"Commande incorrecte, mais le goût de boisson était acceptable.",3/30/2025 15:16,,faible,Ouvert,,,REF-184554
8c71cb04-929a-4820-a3aa-0b7119ad3e3a,COM-89383,USR-3713,ServiceClient,"Service client correct, mais pourrait être plus rapide.",3/15/2025 15:16,image_3325.jpg,moyen,Ouvert,,,REF-709790
09802df6-af27-40a2-bbd5-3ee688c3ed31,COM-99577,USR-9589,ServiceClient,"Service client correct, mais pourrait être plus rapide.",9/7/2024 15:16,image_2189.jpg,moyen,Résolu,9/9/2024 8:16,MOD-1,REF-602285
6baf0d48-c4f7-42e8-868a-17d3c827cc50,COM-19309,USR-8128,LivraisonRetard,"La nourriture est arrivée avec 3 heures de retard, service décevant.",11/12/2024 15:16,image_7303.jpg,élevé,Ouvert,,,REF-753498
c64c31fa-e64f-43d8-9dab-6df1858d5776,COM-34223,USR-9288,ArticleManquant,"sandwich manquant, veuillez résoudre immédiatement.",11/5/2024 15:16,,moyen,Escaladé,,,REF-336953
fe4aeb1a-079f-470e-bbb4-64dda5ac9b97,COM-91714,USR-9747,ServiceClient,"Petit souci avec le support, mais acceptable.",11/23/2024 15:16,,faible,Résolu,11/23/2024 16:16,MOD-8,REF-888060
5b122413-7c03-4c41-ac42-8cf21a26f3b5,COM-82221,USR-3583,LivraisonRetard,"La commande a été livrée avec 2 heures de retard, la nourriture était froide.",12/7/2024 15:16,image_3274.jpg,élevé,Résolu,12/9/2024 12:16,MOD-16,REF-259848
da776776-60a2-4db4-acec-9ee6f5d23636,COM-24691,USR-4371,LivraisonRetard,"La commande a été livrée avec 3 heures de retard, la nourriture était froide.",5/24/2025 15:16,,élevé,Résolu,5/25/2025 10:16,MOD-6,REF-606365
da1068c4-c632-4885-9b47-84d6a2056a26,COM-25004,USR-5619,ArticleManquant,"Pas de salade, c'est inacceptable et frustrant !",2/20/2025 15:16,,moyen,Ouvert,,,REF-607621
eb0e50a6-864a-49bc-aee5-1b74955843e9,COM-90514,USR-2568,MauvaiseQualité,"La nourriture était gâté, pas à la hauteur.",3/3/2025 15:16,,élevé,Ouvert,,,REF-972874
91fedc7d-6036-46af-be49-73fa2274ec37,COM-80112,USR-8441,MauvaiseQualité,"sushi avait un goût moisi, expérience horrible.",10/27/2024 15:16,"image_4802.jpg,image_4438.jpg",élevé,Escaladé,,,REF-950075
4b440d40-0823-4050-930d-f28bdd094c1a,COM-98235,USR-1924,MauvaiseQualité,"Qualité médiocre de pizza, très frustrant.",4/2/2025 15:16,image_2933.jpg,élevé,Ouvert,,,REF-431569
ea791e10-2eaa-4c76-aedf-34d2b2d44066,COM-46357,USR-6800,ArticleManquant,"Petit souci, il manquait dessert dans la commande.",4/5/2025 15:16,"image_9152.jpg,image_8083.jpg",faible,Ouvert,,,REF-691082
7bbbe2f5-3680-4c73-bc95-932c6fc66693,COM-62977,USR-1958,LivraisonRetard,"Livraison en retard de 3 heures, c'est gênant mais acceptable.",9/13/2024 15:16,image_6874.jpg,élevé,Résolu,9/14/2024 20:16,MOD-9,REF-310782
9c81ce83-1b3d-4b55-8234-1a6a8201cec9,COM-18172,USR-8849,MauvaiseQualité,"pâtes était sans goût, je ne commanderai plus.",12/29/2024 15:16,,faible,Ouvert,,,REF-816164
3cea75d2-319d-46fd-9ab3-a39a4f384fea,COM-89399,USR-4299,ArticleManquant,"Il manque sandwich dans ma commande, très décevant.",4/20/2025 15:16,image_3901.jpg,élevé,Ouvert,,,REF-824253
841adedd-8e17-44f0-ab31-990432b1cf18,COM-14905,USR-5426,NourritureEndommagée,"pizza est arrivé gâté, besoin d'un remplacement.",10/19/2024 15:16,image_6475.jpg,élevé,Escaladé,,,REF-358037
165e9c5c-2f25-4c40-82e7-90619288dcd7,COM-45758,USR-7049,MauvaiseQualité,"sandwich était trempé, je ne commanderai plus.",2/9/2025 15:16,image_5600.jpg,faible,Résolu,2/11/2025 0:16,MOD-10,REF-126773
79bb5a97-252f-460a-90cf-92956952e585,COM-40560,USR-4255,LivraisonRetard,"Petit retard de 3 heures, mais la nourriture était correcte.",7/14/2024 15:16,,élevé,Ouvert,,,REF-424225
19264cb4-730d-40d0-aab1-607a17e5074d,COM-42933,USR-7618,MauvaiseQualité,"pâtes avait un goût trempé, expérience horrible.",4/25/2025 15:16,,élevé,Résolu,4/27/2025 2:16,MOD-12,REF-850591
11aa2c56-1bef-435a-b5ea-3657627833da,COM-66851,USR-9492,NourritureEndommagée,"Commande endommagée, sandwich était légèrement mal emballé.",8/4/2024 15:16,,faible,Ouvert,,,REF-921298
cbb8d7ef-3993-4c95-9613-0863f304169e,COM-71942,USR-1449,ServiceClient,"Petit souci avec le support, mais acceptable.",9/7/2024 15:16,,faible,Ouvert,,,REF-798645
dcd5b29d-ab05-4967-8c69-8d49a9b586f6,COM-69119,USR-6805,ServiceClient,"Réponse lente du service client, qualité médiocre.",2/24/2025 15:16,,faible,Ouvert,,,REF-705751
115ffe92-0cbe-4fdd-8675-12b86b994755,COM-45723,USR-8882,CommandeErronée,"Livré sandwich, mais je voulais pâtes, c'est inacceptable.",1/25/2025 15:16,,faible,Ouvert,,,REF-502425
f4127381-10ad-43e4-8c5a-272e1922f88c,COM-18838,USR-4026,ServiceClient,"Service client injoignable, c'est insupportable !",11/19/2024 15:16,"image_3136.jpg,image_7539.jpg",élevé,Escaladé,,,REF-831974
78b991b3-1cc7-42ab-a608-6bbeda61e9c8,COM-30902,USR-8593,ServiceClient,"Mauvaise expérience avec le support, très décevant.",10/25/2024 15:16,,moyen,Ouvert,,,REF-958720
98a14bb0-97ab-4ea1-bb2c-1a3895d09352,COM-20130,USR-8210,CommandeErronée,"Erreur sur ma commande : sushi au lieu de burger, très agaçant.",4/16/2025 15:16,image_5848.jpg,élevé,Résolu,4/17/2025 20:16,MOD-14,REF-760946
fe55ca59-4cbc-464f-9b43-2b1e7c3fed4c,COM-72369,USR-2374,NourritureEndommagée,"dessert était un peu écrasé, mais mangeable.",1/24/2025 15:16,image_7401.jpg,faible,Ouvert,,,REF-226511
e3b919ed-7eef-41f4-9214-2114ec544d35,COM-77199,USR-1832,CommandeErronée,"Livré frites, mais je voulais frites, c'est inacceptable.",12/20/2024 15:16,,faible,Ouvert,,,REF-127093
0c076f85-42d1-40e8-98d4-a0c215d12262,COM-92373,USR-1875,NourritureEndommagée,"frites était un peu gâté, mais mangeable.",11/30/2024 15:16,image_5085.jpg,élevé,Escaladé,,,REF-106328
2f3d5083-0015-435f-80b4-069fd1ade66e,COM-47154,USR-7590,CommandeErronée,"Mauvais article livré, boisson à la place de sauce.",1/31/2025 15:16,,faible,Ouvert,,,REF-911937
5eea96a5-20ef-4143-90f9-1e4fe166b33f,COM-81596,USR-8744,ServiceClient,"Le service client n'a pas résolu mon problème, frustrant.",7/26/2024 15:16,"image_9472.jpg,image_8449.jpg",élevé,Résolu,7/28/2024 9:16,MOD-19,REF-746670
b2432e36-2526-4aeb-8cbf-daa7e73edc14,COM-48040,USR-3786,ServiceClient,"Réponse lente du service client, qualité médiocre.",9/28/2024 15:16,,faible,Résolu,9/30/2024 3:16,MOD-19,REF-234570
c92880f0-5c59-453a-b942-aafa5772180e,COM-31436,USR-5684,CommandeErronée,"Commande erronée livrée, j'ai eu burger et non sushi.",10/21/2024 15:16,,faible,Escaladé,,,REF-632020
5fea9668-ffda-40b3-a571-a12e0d090dee,COM-15716,USR-2992,CommandeErronée,"Erreur sur ma commande : boisson au lieu de sandwich, très agaçant.",1/12/2025 15:16,"image_4939.jpg,image_4076.jpg",élevé,Escaladé,,,REF-818604
11798ba1-0090-47e6-afa7-30c77eaee1f7,COM-68315,USR-2929,ServiceClient,"Service client injoignable, c'est insupportable !",10/7/2024 15:16,image_9352.jpg,élevé,Escaladé,,,REF-302544
31c5d8e5-72ff-4ae2-8eff-b914f6fbaab2,COM-91419,USR-6538,ServiceClient,"Réponse lente du service client, qualité médiocre.",6/5/2025 15:16,,faible,Escaladé,,,REF-179383
f0d4d2e0-f0c2-4e5d-9649-c77b5c4ef5a4,COM-29116,USR-5196,LivraisonRetard,"Livraison retardée de 2 heures, totalement inacceptable !",3/20/2025 15:16,,élevé,Ouvert,,,REF-434690
544fec4e-d86a-4d54-bf04-947e9e7b5c89,COM-52518,USR-9023,CommandeErronée,"Petite erreur, j'ai reçu pizza au lieu de burger.",6/26/2025 15:16,image_9727.jpg,faible,Escaladé,,,REF-465243
381ab029-8628-4514-8a6b-8502a3bf66de,COM-87266,USR-9023,MauvaiseQualité,"boisson était écrasé, totalement dégoûtant !",8/23/2024 15:16,,élevé,Ouvert,,,REF-223484
2fa5da2f-4c57-4051-a4e8-5b0b1e52b240,COM-22869,USR-9879,ProblèmePaiement,"Problème mineur avec le paiement, veuillez vérifier.",6/4/2025 15:16,image_5601.jpg,élevé,Ouvert,,,REF-662853
a9be14af-b530-4175-b8ff-d4b53b46c337,COM-32928,USR-5157,ProblèmePaiement,"Surfacturation de la commande, service client désastreux.",8/6/2024 15:16,,élevé,Escaladé,,,REF-581087
4a087e91-692b-4363-a739-9a5177614e1e,COM-83518,USR-3616,MauvaiseQualité,"salade était trempé, je ne commanderai plus.",12/29/2024 15:16,,faible,Résolu,12/30/2024 20:16,MOD-9,REF-855066
c8aca6b1-ce69-4c37-b921-3deb196c23c0,COM-29042,USR-7271,ProblèmePaiement,"Surfacturation de la commande, service client désastreux.",9/28/2024 15:16,,élevé,Escaladé,,,REF-451984
bf752611-a9b6-46b4-b584-3ef0d37cb6bc,COM-90231,USR-5954,CommandeErronée,"J'ai commandé boisson, mais j'ai reçu dessert.",7/10/2024 15:16,image_7377.jpg,faible,Escaladé,,,REF-555055
8fbafee4-d301-4f0a-922a-7256d459d9e2,COM-67908,USR-4768,ArticleManquant,"Je n'ai pas reçu sandwich, besoin d'un remboursement.",4/2/2025 15:16,image_6947.jpg,faible,Résolu,4/3/2025 7:16,MOD-18,REF-550982
a5c1274d-6398-433c-8821-0ec7ebc371a8,COM-72295,USR-7129,MauvaiseQualité,"Qualité médiocre de pizza, très frustrant.",11/29/2024 15:16,"image_3620.jpg,image_1846.jpg",élevé,Résolu,12/1/2024 0:16,MOD-10,REF-709770
c8ed7539-8670-4c5a-983c-357e1115a0b4,COM-64579,USR-1356,ServiceClient,"Service client correct, mais pourrait être plus rapide.",5/25/2025 15:16,,faible,Escaladé,,,REF-975259
131586ad-87e3-4581-9fe0-4c232a7474ca,COM-52529,USR-9965,CommandeErronée,"Mauvais article livré, pizza à la place de sushi.",8/5/2024 15:16,image_1929.jpg,faible,Escaladé,,,REF-129705
73572724-e23f-4518-84a1-5c46801d6ab6,COM-14795,USR-6774,ArticleManquant,"Je n'ai pas reçu sauce, besoin d'un remboursement.",10/20/2024 15:16,,faible,Résolu,10/22/2024 11:16,MOD-5,REF-942032
3b1ca7a1-3bdd-47e0-b217-410e81ede672,COM-53569,USR-1969,MauvaiseQualité,"La nourriture était moisi, pas à la hauteur.",8/30/2024 15:16,,élevé,Ouvert,,,REF-509255
4a414b8a-c02b-4239-9dc2-e7fecca2cbda,COM-72443,USR-9039,MauvaiseQualité,"pâtes n'était pas terrible, qualité moyenne.",8/15/2024 15:16,image_6117.jpg,moyen,Résolu,8/15/2024 17:16,MOD-2,REF-272116
d178bff4-4ace-4e09-a4c6-1b499e0a19c0,COM-39765,USR-5623,CommandeErronée,"Commande erronée livrée, j'ai eu sushi et non pâtes.",1/9/2025 15:16,,faible,Escaladé,,,REF-815937
ec2d42d5-1581-4322-b514-a36db73bc745,COM-82343,USR-9957,ProblèmePaiement,"J'ai été facturé deux fois pour ma commande, c'est inacceptable !",11/26/2024 15:16,image_8519.jpg,élevé,Ouvert,,,REF-991512
47503f2e-642e-452b-9932-288cb436cf50,COM-85396,USR-2452,MauvaiseQualité,"Très mauvaise qualité de sushi, immangeable.",8/19/2024 15:16,,élevé,Ouvert,,,REF-420828
b4fba93f-c72b-4f46-881a-4bc57606ad65,COM-39878,USR-5726,CommandeErronée,"Commande incorrecte, mais le goût de salade était acceptable.",4/29/2025 15:16,,faible,Ouvert,,,REF-523438
a0f3836b-cbb0-4eef-b0c8-36b39e14ff1a,COM-29089,USR-7034,NourritureEndommagée,"Tout était froid, expérience catastrophique.",11/10/2024 15:16,image_5448.jpg,élevé,Résolu,11/12/2024 4:16,MOD-13,REF-166151
c734993c-3641-44de-86cf-6b9443017c22,COM-16794,USR-1811,LivraisonRetard,"La commande a été livrée avec 2 heures de retard, la nourriture était froide.",4/22/2025 15:16,image_7727.jpg,élevé,Résolu,4/22/2025 18:16,MOD-3,REF-869308
5121b73b-e572-4ad6-baa9-4d3e76ab33e5,COM-33955,USR-8739,LivraisonRetard,"La commande a été livrée avec 3 heures de retard, la nourriture était froide.",8/26/2024 15:16,,élevé,Ouvert,,,REF-709444
3f3518cc-3071-4ca2-8678-032009a73467,COM-95925,USR-6704,CommandeErronée,"Livré sandwich, mais je voulais boisson, c'est inacceptable.",8/29/2024 15:16,,faible,Ouvert,,,REF-224793
9e01443b-61d7-4a13-91cf-cb8ed2cc60fc,COM-54725,USR-3256,NourritureEndommagée,"Tout était moisi, expérience catastrophique.",10/27/2024 15:16,,élevé,Ouvert,,,REF-993316
1d052fcc-27c0-4819-8059-efe0b3628094,COM-43833,USR-8115,MauvaiseQualité,"Qualité médiocre de frites, très frustrant.",11/11/2024 15:16,image_5976.jpg,élevé,Ouvert,,,REF-589713
0ff4d2f6-c7b3-4c0f-9ac5-d50509427b0c,COM-98601,USR-2933,ServiceClient,"Petit souci avec le support, mais acceptable.",8/26/2024 15:16,,faible,Ouvert,,,REF-219511
1577e7b1-f7fd-4125-bb72-5eac015f90c5,COM-25257,USR-2529,ProblèmePaiement,"Problème de paiement, remboursement requis immédiatement.",5/1/2025 15:16,image_8642.jpg,élevé,Ouvert,,,REF-321825
e80ac691-10f6-48d3-a0f3-eb80eb0ffa4b,COM-55540,USR-9415,NourritureEndommagée,"sauce est arrivé froid, besoin d'un remplacement.",10/16/2024 15:16,,faible,Ouvert,,,REF-278563
4ea449d6-9532-42d4-aeaa-ef85b466cab5,COM-42255,USR-9311,MauvaiseQualité,"pizza n'était pas terrible, qualité moyenne.",4/28/2025 15:16,,faible,Ouvert,,,REF-220747
ea5247ee-b4f1-4621-b95f-4daef87573ea,COM-35444,USR-5455,ServiceClient,"Service client correct, mais pourrait être plus rapide.",2/8/2025 15:16,,faible,Ouvert,,,REF-333200
e87faab9-8b29-4853-931a-310dbda18f24,COM-34029,USR-3009,ProblèmePaiement,"Surfacturation de la commande, service client désastreux.",3/31/2025 15:16,,élevé,Escaladé,,,REF-743354
a330158b-955d-45b5-bca1-027d4ae7ec97,COM-44630,USR-7955,ArticleManquant,"Commande incomplète, sushi non livré.",6/19/2025 15:16,,faible,Escaladé,,,REF-684912
71745a9f-adcc-470f-8e5d-98c1496a66f0,COM-41377,USR-1957,MauvaiseQualité,"pâtes était mal emballé, je ne commanderai plus.",6/9/2025 15:16,,faible,Ouvert,,,REF-289448
870f05cd-2a85-4371-be22-383c60b87b5f,COM-61216,USR-4751,CommandeErronée,"Livré sandwich, mais je voulais pizza, c'est inacceptable.",7/19/2024 15:16,image_3558.jpg,moyen,Ouvert,,,REF-400402
adc8119e-a56c-4708-b997-e66a3a28d7c6,COM-34714,USR-3344,ProblèmePaiement,"Petite erreur de facturation, mais gênante.",5/2/2025 15:16,,moyen,Escaladé,,,REF-686884
f7d011a0-ca1f-4eb1-87d5-35de1fd0a878,COM-36771,USR-8706,ServiceClient,"Petit souci avec le support, mais acceptable.",7/4/2024 15:16,,faible,Ouvert,,,REF-773740
54ac2faf-74fa-49fa-9a31-09675f931141,COM-42926,USR-1213,CommandeErronée,"Petite erreur, j'ai reçu boisson au lieu de salade.",8/15/2024 15:16,,faible,Ouvert,,,REF-120295
c8703ab8-1fcf-4286-85f5-26120a21c8c9,COM-98208,USR-8247,ArticleManquant,"Commande incomplète, boisson non livré.",8/16/2024 15:16,"image_9322.jpg,image_9499.jpg",faible,Escaladé,,,REF-415244
7331b54c-63b2-4828-879d-208166194b47,COM-33605,USR-1815,MauvaiseQualité,"Le goût de burger était un peu trempé, mais acceptable.",6/15/2025 15:16,,faible,Ouvert,,,REF-578906
61d4c592-5d3c-447b-a35d-e964a4b7603e,COM-23786,USR-2467,NourritureEndommagée,"La commande était moisi, très déçu.",12/18/2024 15:16,image_2492.jpg,élevé,Ouvert,,,REF-493172
5e7c8fd7-cebd-4456-9b6d-6ce6d2f789b6,COM-88058,USR-8656,CommandeErronée,"Commande incorrecte, mais le goût de boisson était acceptable.",7/8/2024 15:16,,faible,Résolu,7/9/2024 19:16,MOD-10,REF-555823
f2eb3e61-f0f5-4da7-ba3a-44046f4577c2,COM-82696,USR-3152,ProblèmePaiement,"J'ai été facturé deux fois pour ma commande, c'est inacceptable !",3/18/2025 15:16,,élevé,Résolu,3/19/2025 9:16,MOD-9,REF-372205
d00bfdb1-76c1-4dae-91ed-f0afd667e71b,COM-39954,USR-4276,LivraisonRetard,"La nourriture est arrivée avec 1 heure de retard, service décevant.",8/28/2024 15:16,,moyen,Résolu,8/29/2024 12:16,MOD-12,REF-760762
6d8e9795-077c-4ca1-b080-6cc17d71039e,COM-20682,USR-2863,ProblèmePaiement,"Erreur de facturation pour frites, très frustrant.",5/23/2025 15:16,,moyen,Résolu,5/25/2025 3:16,MOD-7,REF-471562
81b3b62d-2201-4707-b6aa-78b26388fff9,COM-45226,USR-8237,CommandeErronée,"Commande incorrecte, mais le goût de frites était acceptable.",9/25/2024 15:16,image_2011.jpg,moyen,Ouvert,,,REF-802260
213856e5-b59b-471e-8ef1-cf0a542f559a,COM-56365,USR-5143,MauvaiseQualité,"burger était trempé, totalement dégoûtant !",10/19/2024 15:16,,élevé,Résolu,10/19/2024 18:16,MOD-1,REF-172733
3cc23b79-a27b-4977-aaf1-cce55264235a,COM-52133,USR-7920,CommandeErronée,"Petite erreur, j'ai reçu salade au lieu de salade.",12/2/2024 15:16,,faible,Ouvert,,,REF-279821
e4bc7b3a-4de0-442a-a932-3f1968f4b77b,COM-51634,USR-4874,NourritureEndommagée,"dessert était un peu écrasé, mais mangeable.",3/8/2025 15:16,image_1109.jpg,faible,Escaladé,,,REF-185611
2f279f9e-ceda-4b8b-8a89-48561eef8f3d,COM-38946,USR-4297,ServiceClient,"Service client correct, mais pourrait être plus rapide.",10/8/2024 15:16,,faible,Escaladé,,,REF-131995
64ae202c-31f2-4321-9d37-dc5b7d5a99b8,COM-83485,USR-4675,NourritureEndommagée,"pâtes était sans goût, qualité inacceptable.",2/5/2025 15:16,,élevé,Résolu,2/6/2025 11:16,MOD-16,REF-684072
9a628ecc-6336-4b4c-b278-336ffcce123a,COM-84842,USR-4183,CommandeErronée,"Commande erronée livrée, j'ai eu burger et non burger.",1/4/2025 15:16,,faible,Escaladé,,,REF-292858
68cd347a-6883-4ac9-b290-65293234065c,COM-63451,USR-2438,CommandeErronée,"Mauvais article livré, sandwich à la place de salade.",6/18/2025 15:16,"image_7990.jpg,image_1560.jpg",faible,Résolu,6/20/2025 3:16,MOD-10,REF-330378
90644374-3e5d-4d7a-935f-17ff6cfc8cdb,COM-39974,USR-9341,NourritureEndommagée,"La nourriture était mal emballé, totalement immangeable.",2/1/2025 15:16,,élevé,Escaladé,,,REF-342120
6483ba79-e5e6-4b15-bbfb-3256bb647010,COM-86167,USR-2033,ArticleManquant,"Il manque dessert dans ma commande, très décevant.",6/1/2025 15:16,,moyen,Ouvert,,,REF-156571
e5ef38c6-8159-4714-91f9-3c65a15b1b32,COM-55519,USR-7017,ArticleManquant,"Manque boisson, service médiocre.",12/9/2024 15:16,,faible,Escaladé,,,REF-731923
333970cd-32ef-4753-acf5-b481b7298e32,COM-40357,USR-9315,ProblèmePaiement,"J'ai été facturé deux fois pour ma commande, c'est inacceptable !",9/17/2024 15:16,,élevé,Escaladé,,,REF-154748
33383e27-2acd-4e05-b474-ce0893b2b17a,COM-40916,USR-4767,ArticleManquant,"Manque pizza, service médiocre.",12/22/2024 15:16,,faible,Résolu,12/22/2024 17:16,MOD-9,REF-284563
2bd70d8f-151b-4536-883d-3658b0754960,COM-74104,USR-7782,ProblèmePaiement,"J'ai été facturé deux fois pour ma commande, c'est inacceptable !",3/3/2025 15:16,,élevé,Ouvert,,,REF-706318
5d98f360-0dde-47b8-a08b-ceeba20957a9,COM-10522,USR-2070,CommandeErronée,"Livré boisson, mais je voulais sushi, c'est inacceptable.",6/29/2025 15:16,"image_3290.jpg,image_6050.jpg",moyen,Résolu,6/30/2025 0:16,MOD-7,REF-718595
313a9bf6-7682-4453-856e-13867c88c76b,COM-43765,USR-1846,ProblèmePaiement,"J'ai été facturé deux fois pour ma commande, c'est inacceptable !",11/23/2024 15:16,image_8440.jpg,élevé,Escaladé,,,REF-748857
ae6ddd21-50e3-4787-85a5-18dc127b565c,COM-28508,USR-2559,LivraisonRetard,"Petit retard de 2 heures, mais la nourriture était correcte.",2/6/2025 15:16,,élevé,Escaladé,,,REF-417846
0ca9e36c-e97b-4905-b64d-3fbc7420cd61,COM-66804,USR-7414,MauvaiseQualité,"Le goût de boisson était un peu moisi, mais acceptable.",3/14/2025 15:16,"image_9052.jpg,image_1896.jpg",élevé,Ouvert,,,REF-897651
bc004f85-0218-4c09-9c31-f26d573b98ea,COM-98447,USR-5456,ProblèmePaiement,"Problème mineur avec le paiement, veuillez vérifier.",2/27/2025 15:16,image_4861.jpg,élevé,Escaladé,,,REF-120370
d4cb83e9-9ae4-4d48-b1b8-cf57dee96183,COM-59375,USR-4024,CommandeErronée,"Commande erronée livrée, j'ai eu sandwich et non boisson.",2/18/2025 15:16,,faible,Résolu,2/19/2025 5:16,MOD-6,REF-329845
13749874-b6d7-49e7-940f-ce6a10d81b53,COM-93151,USR-9250,ArticleManquant,"Pas de sauce, c'est inacceptable et frustrant !",7/14/2024 15:16,,moyen,Escaladé,,,REF-820094
97c287ce-b08f-419a-b5b9-9d0f3172a86f,COM-40351,USR-9281,LivraisonRetard,"Livraison retardée de 3 heures, totalement inacceptable !",12/8/2024 15:16,,élevé,Ouvert,,,REF-440165
3097c9ec-5c81-41f1-8556-f52108b2835c,COM-31355,USR-8050,MauvaiseQualité,"La nourriture était sans goût, pas à la hauteur.",7/8/2024 15:16,,faible,Résolu,7/10/2024 11:16,MOD-15,REF-681205
e88675a4-b6f2-4230-a670-0f2746e75f21,COM-89429,USR-2343,LivraisonRetard,"Petit retard de 3 heures, mais la nourriture était correcte.",12/7/2024 15:16,,élevé,Résolu,12/8/2024 11:16,MOD-1,REF-922372
5f02246e-ae6f-4951-979d-1023816e7a68,COM-96250,USR-1754,NourritureEndommagée,"La nourriture était trempé, totalement immangeable.",10/28/2024 15:16,,élevé,Résolu,10/29/2024 13:16,MOD-18,REF-793334
eee4a83f-3497-4352-95c1-6e826e4abb72,COM-48344,USR-1709,LivraisonRetard,"Livraison retardée de 30 minutes, totalement inacceptable !",8/8/2024 15:16,,faible,Résolu,8/9/2024 12:16,MOD-15,REF-763845
09286623-c85d-4792-9008-c892c50aa84a,COM-24169,USR-5905,ServiceClient,"Le service client n'a pas résolu mon problème, frustrant.",1/16/2025 15:16,image_3478.jpg,élevé,Ouvert,,,REF-765071
4774d99c-8dc3-425d-b9f6-d229dc85d75e,COM-25121,USR-6556,MauvaiseQualité,"La nourriture était gâté, pas à la hauteur.",3/26/2025 15:16,,élevé,Escaladé,,,REF-910559
b11ccd6c-0439-4ac3-9163-32f457ca2100,COM-30715,USR-8293,MauvaiseQualité,"Le goût de sushi était un peu brûlé, mais acceptable.",1/19/2025 15:16,,faible,Ouvert,,,REF-289737
18c71c7f-e505-4849-bad8-fec1e1b6e2d3,COM-98399,USR-5148,ArticleManquant,"Petit souci, il manquait dessert dans la commande.",10/1/2024 15:16,,faible,Résolu,10/1/2024 19:16,MOD-17,REF-649571
338f42e7-64c9-4582-8064-f9631cb8b385,COM-94417,USR-7518,LivraisonRetard,"J'ai attendu 3 heures pour ma commande, très frustrant.",4/19/2025 15:16,image_6298.jpg,élevé,Résolu,4/19/2025 20:16,MOD-19,REF-145293
2fbeb8f8-2f95-42c8-b95f-39185fc7fed5,COM-41994,USR-6465,ServiceClient,"Service client injoignable, c'est insupportable !",8/9/2024 15:16,,élevé,Ouvert,,,REF-223483
cdcd6819-0179-4c41-bdd9-6a1cf400edae,COM-26811,USR-4445,ArticleManquant,"Il manque pâtes dans ma commande, très décevant.",11/7/2024 15:16,image_4531.jpg,élevé,Escaladé,,,REF-557297
7a21572f-713a-44db-86ae-0b0ab0d5935f,COM-77653,USR-9953,LivraisonRetard,"Commande arrivée après 1 heure, vraiment pas satisfait.",4/1/2025 15:16,,moyen,Résolu,4/1/2025 23:16,MOD-12,REF-761105
3700be7c-b019-4677-b4f3-95c7b36ddb00,COM-14461,USR-9782,CommandeErronée,"Erreur sur ma commande : pâtes au lieu de sushi, très agaçant.",2/9/2025 15:16,"image_7612.jpg,image_1004.jpg",élevé,Ouvert,,,REF-604549
5708ca79-2ec8-45f8-af7a-2b9c2cf43f61,COM-10740,USR-5448,ArticleManquant,"Manque frites, service médiocre.",5/3/2025 15:16,image_3899.jpg,moyen,Ouvert,,,REF-839749
a504ab39-c090-4c4b-a26e-60ece39cae00,COM-18829,USR-7822,MauvaiseQualité,"La nourriture était brûlé, pas à la hauteur.",11/12/2024 15:16,,faible,Escaladé,,,REF-976690
3fe06519-1ac8-4c2c-9e63-dfff10e85ea0,COM-70036,USR-6456,ServiceClient,"Réponse lente du service client, qualité médiocre.",1/23/2025 15:16,,faible,Résolu,1/23/2025 20:16,MOD-4,REF-571564
7df5cff5-e8fc-44ca-ab01-af4217330f1f,COM-28106,USR-8356,MauvaiseQualité,"La nourriture était mal emballé, pas à la hauteur.",5/30/2025 15:16,image_7487.jpg,faible,Escaladé,,,REF-904567
54832788-e6e4-4048-9941-eeb9563fff95,COM-37302,USR-1578,ServiceClient,"Mauvaise expérience avec le support, très décevant.",10/1/2024 15:16,,moyen,Escaladé,,,REF-255016
76ed39d4-11d1-400c-ba5e-ea3d67c72e11,COM-41195,USR-8068,ArticleManquant,"Il manque sauce dans ma commande, très décevant.",1/30/2025 15:16,,moyen,Ouvert,,,REF-920644
cf0bc4ab-b3dc-4490-9569-f4891750eac6,COM-37058,USR-1204,NourritureEndommagée,"dessert était un peu moisi, mais mangeable.",6/28/2025 15:16,,élevé,Ouvert,,,REF-983123
948ccc22-c14d-4e32-8bfc-51f3715b9cb0,COM-97529,USR-9386,ArticleManquant,"Il manque dessert dans ma commande, très décevant.",6/13/2025 15:16,image_7864.jpg,élevé,Ouvert,,,REF-400578
9e2ee3d3-9beb-4378-af1c-41a6c4d405e8,COM-59183,USR-5232,LivraisonRetard,"Commande arrivée après 1 heure, vraiment pas satisfait.",2/26/2025 15:16,image_6552.jpg,élevé,Escaladé,,,REF-361713
2001a331-d1b3-425b-99c0-885f96bdabc1,COM-30238,USR-1590,NourritureEndommagée,"La commande était sans goût, très déçu.",1/11/2025 15:16,,faible,Ouvert,,,REF-597597
c6d5b3b6-9fd8-4029-91ce-f9854c0a7039,COM-69385,USR-7963,MauvaiseQualité,"boisson était écrasé, je ne commanderai plus.",9/17/2024 15:16,"image_3447.jpg,image_3717.jpg",faible,Résolu,9/19/2024 8:16,MOD-17,REF-215994
b4537c25-4ff2-454d-b9aa-7be56e3c5e6e,COM-11301,USR-1730,MauvaiseQualité,"La nourriture était froid, pas à la hauteur.",5/6/2025 15:16,"image_1996.jpg,image_2952.jpg",moyen,Ouvert,,,REF-278345
a7a497f9-9694-4851-8fae-d27558471088,COM-76445,USR-7643,ProblèmePaiement,"Problème mineur avec le paiement, veuillez vérifier.",6/11/2025 15:16,,moyen,Ouvert,,,REF-167187
6e801024-9f2f-4c24-900c-41f09ccd99d7,COM-30913,USR-5174,ProblèmePaiement,"Problème de paiement, remboursement requis immédiatement.",4/9/2025 15:16,,élevé,Résolu,4/11/2025 2:16,MOD-5,REF-749716
ea1020b3-fb15-41ca-96c1-0db858524d13,COM-45112,USR-1300,ProblèmePaiement,"Surfacturation de la commande, service client désastreux.",1/21/2025 15:16,image_7124.jpg,élevé,Escaladé,,,REF-129497
77b9ed4e-d25e-4da3-bc00-399aaa322cd0,COM-82584,USR-3604,MauvaiseQualité,"La nourriture était moisi, pas à la hauteur.",11/24/2024 15:16,,élevé,Escaladé,,,REF-428156
e163d546-751b-447f-9e13-bb0779e7ecff,COM-76784,USR-3986,CommandeErronée,"Commande erronée livrée, j'ai eu sauce et non burger.",7/10/2024 15:16,image_3689.jpg,faible,Ouvert,,,REF-708383
87c1e19b-bfdb-454d-99b2-6aa44646a19e,COM-25592,USR-5122,NourritureEndommagée,"frites est arrivé écrasé, besoin d'un remplacement.",6/26/2025 15:16,,faible,Escaladé,,,REF-226442
6fbebe46-d832-4265-a39b-e7640bbf8510,COM-44669,USR-3425,NourritureEndommagée,"Commande endommagée, pizza était légèrement gâté.",5/11/2025 15:16,,élevé,Résolu,5/11/2025 18:16,MOD-4,REF-886611
fe332a26-2584-4ba9-b13f-c1115ea63462,COM-88685,USR-3565,MauvaiseQualité,"La nourriture était gâté, pas à la hauteur.",2/6/2025 15:16,,élevé,Résolu,2/8/2025 9:16,MOD-12,REF-511577
0a823697-b305-4975-9f52-07b5143bb429,COM-81866,USR-5793,ServiceClient,"Service client injoignable, c'est insupportable !",6/8/2025 15:16,image_3845.jpg,élevé,Escaladé,,,REF-390897
76ded5ee-2823-4c2f-89dd-12b4f9badfb0,COM-26307,USR-2633,NourritureEndommagée,"Tout était sans goût, expérience catastrophique.",3/21/2025 15:16,,élevé,Ouvert,,,REF-255906
c15fc461-5df7-44b2-ae81-c1c32391d3bb,COM-69874,USR-7186,ProblèmePaiement,"J'ai été facturé deux fois pour ma commande, c'est inacceptable !",5/30/2025 15:16,,élevé,Escaladé,,,REF-859607
ee5ca9e6-f59b-4705-9ec5-f3c26b43c114,COM-67905,USR-9840,NourritureEndommagée,"pizza livré mal emballé, c'est scandaleux et dangereux !",3/11/2025 15:16,image_3197.jpg,élevé,Résolu,3/12/2025 19:16,MOD-8,REF-962884
addc9ab8-900d-4dfc-a166-c562e82edfd7,COM-87073,USR-7480,LivraisonRetard,"Livraison en retard de 3 heures, c'est gênant mais acceptable.",5/20/2025 15:16,,élevé,Résolu,5/21/2025 18:16,MOD-11,REF-681976
d5a47ef6-19b6-48cf-b60e-d462f1562aac,COM-18643,USR-6495,CommandeErronée,J'ai reçu boisson au lieu de burger.,7/22/2024 15:16,,faible,Escaladé,,,REF-985124
14ff9248-e3b7-4a52-88c2-6e5dd208a845,COM-27611,USR-2527,LivraisonRetard,"La commande a été livrée avec 3 heures de retard, la nourriture était froide.",10/19/2024 15:16,image_6185.jpg,élevé,Ouvert,,,REF-327709
9164cf29-913e-464a-8a74-c5748bc00a07,COM-37112,USR-4560,ServiceClient,"Petit souci avec le support, mais acceptable.",4/26/2025 15:16,,faible,Résolu,4/28/2025 3:16,MOD-11,REF-586100
147f6694-a77c-41bb-808b-bbf603000639,COM-63475,USR-8610,MauvaiseQualité,"sauce était froid, je ne commanderai plus.",9/11/2024 15:16,image_1008.jpg,moyen,Ouvert,,,REF-368923
b675061f-1fda-40f0-b1ec-5e8de7fda654,COM-90214,USR-5911,MauvaiseQualité,"Le goût de sandwich était un peu sans goût, mais acceptable.",2/25/2025 15:16,"image_9704.jpg,image_3460.jpg",moyen,Escaladé,,,REF-826142
95eed16a-9b5f-4b0a-9a50-9632fcd42470,COM-93877,USR-8383,ArticleManquant,"Je n'ai pas reçu frites, besoin d'un remboursement.",4/21/2025 15:16,,faible,Escaladé,,,REF-907126
be84a7bf-8479-4a06-85ca-990609667973,COM-72459,USR-8193,ArticleManquant,"Pas de dessert, c'est inacceptable et frustrant !",10/27/2024 15:16,,moyen,Ouvert,,,REF-378027
c8ab40de-9ad6-406f-bed4-cfc7c196195c,COM-62858,USR-5477,LivraisonRetard,"Petit retard de 2 heures, mais la nourriture était correcte.",3/27/2025 15:16,,élevé,Escaladé,,,REF-169701
bef46c39-5c6d-4b0d-bb95-ac35d18e5c0d,COM-80602,USR-5559,CommandeErronée,"J'ai commandé sushi, mais j'ai reçu dessert.",4/1/2025 15:16,,faible,Résolu,4/3/2025 10:16,MOD-5,REF-755108
4e600e45-5b0d-4fe5-8e10-590716c29a7e,COM-55661,USR-9764,ArticleManquant,"Je n'ai pas reçu sushi, besoin d'un remboursement.",4/15/2025 15:16,,faible,Escaladé,,,REF-375543
5346a10a-f9c3-47fb-adcf-fc7941282d41,COM-79592,USR-1668,LivraisonRetard,"Commande arrivée après 30 minutes, vraiment pas satisfait.",2/12/2025 15:16,,moyen,Résolu,2/12/2025 19:16,MOD-19,REF-213087
1421470c-6f90-4ced-b0f8-e21a3eb1be9c,COM-42371,USR-5229,ServiceClient,"Service client correct, mais pourrait être plus rapide.",8/20/2024 15:16,,faible,Escaladé,,,REF-740994
94a5470f-ccf4-473a-810b-40363b70cb9d,COM-15014,USR-3476,MauvaiseQualité,"Le goût de salade était un peu moisi, mais acceptable.",2/2/2025 15:16,,élevé,Résolu,2/3/2025 14:16,MOD-9,REF-676948
6c5bedcc-409d-423f-ba9f-0113ed3a6b22,COM-56056,USR-8632,ServiceClient,"Le service client n'a pas résolu mon problème, frustrant.",11/14/2024 15:16,,moyen,Résolu,11/16/2024 9:16,MOD-5,REF-961952
b2bee87e-4b74-4c8c-86ec-d70e43b53a0f,COM-55385,USR-8218,CommandeErronée,"J'ai commandé salade, mais j'ai reçu boisson.",10/3/2024 15:16,image_1228.jpg,faible,Escaladé,,,REF-844680
40fd7d77-2960-4ff6-bb4b-199e2785a75b,COM-82012,USR-7579,ServiceClient,"Réponse lente du service client, qualité médiocre.",11/4/2024 15:16,image_8601.jpg,moyen,Escaladé,,,REF-644243
65e2af7d-5ada-4ffc-8c4e-8c8e087ad5e8,COM-56949,USR-9177,LivraisonRetard,"Livraison en retard de 30 minutes, c'est gênant mais acceptable.",7/31/2024 15:16,,moyen,Ouvert,,,REF-141318
91600eae-62ca-470d-aed3-ad355d0e051c,COM-86719,USR-1558,CommandeErronée,"Petite erreur, j'ai reçu burger au lieu de dessert.",12/15/2024 15:16,,faible,Ouvert,,,REF-303348
1844d8df-3384-4ff7-9ba8-97af5c8a0b4b,COM-77073,USR-9145,ProblèmePaiement,"Problème mineur avec le paiement, veuillez vérifier.",9/7/2024 15:16,"image_2801.jpg,image_8879.jpg",élevé,Escaladé,,,REF-581336
bf272d8c-9abd-4902-b3b1-751ed43e3c9f,COM-43281,USR-5202,LivraisonRetard,"Retard de 90 minutes, c'est scandaleux et dérangeant !",1/26/2025 15:16,image_2346.jpg,élevé,Ouvert,,,REF-504893
8368f42b-3174-4253-8b8f-7c3e6cb1eca0,COM-78891,USR-3635,MauvaiseQualité,"dessert était moisi, je ne commanderai plus.",9/14/2024 15:16,,élevé,Ouvert,,,REF-279528
2568ffec-6a82-404c-be62-4504e2642afb,COM-29376,USR-6056,CommandeErronée,"Petite erreur, j'ai reçu dessert au lieu de pâtes.",5/6/2025 15:16,,faible,Résolu,5/8/2025 4:16,MOD-19,REF-859662
ce957d3f-1b95-4727-8a7f-636f483d66cc,COM-55533,USR-5620,ServiceClient,"Le service client n'a pas résolu mon problème, frustrant.",5/18/2025 15:16,image_2930.jpg,élevé,Ouvert,,,REF-266628
e815057f-f1aa-4817-b9c1-d1f1b9d5e87d,COM-36582,USR-5721,ArticleManquant,"Manque pizza, service médiocre.",12/7/2024 15:16,image_2102.jpg,moyen,Ouvert,,,REF-811994
0a8ad0d3-f08b-4606-87fd-379b1de559df,COM-30039,USR-7746,NourritureEndommagée,"sandwich était gâté, qualité inacceptable.",9/2/2024 15:16,image_3653.jpg,élevé,Résolu,9/3/2024 4:16,MOD-6,REF-125037
88c2513b-7761-49c7-8b8e-5c724dd59d8f,COM-60995,USR-8160,CommandeErronée,"J'ai commandé boisson, mais j'ai reçu burger.",1/12/2025 15:16,,faible,Escaladé,,,REF-442836
dfd4ad79-cbb1-4f9f-a79f-e6454f72d1c0,COM-30144,USR-6357,NourritureEndommagée,"burger livré gâté, c'est scandaleux et dangereux !",8/20/2024 15:16,,élevé,Ouvert,,,REF-993244
efa412e6-474d-4593-b00a-ab5b887d3ff3,COM-55319,USR-1201,NourritureEndommagée,"Commande endommagée, pizza était légèrement sans goût.",7/16/2024 15:16,,faible,Escaladé,,,REF-256035
23b06f9d-294d-4dfb-898d-4de3046160a0,COM-96967,USR-2230,MauvaiseQualité,"Qualité médiocre de sandwich, très frustrant.",12/3/2024 15:16,image_5740.jpg,élevé,Ouvert,,,REF-129279
fa1eaddb-ab07-4493-b235-d7b68c817faa,COM-95651,USR-3606,ServiceClient,"Service client correct, mais pourrait être plus rapide.",11/25/2024 15:16,,faible,Résolu,11/26/2024 14:16,MOD-3,REF-242964
5ca55dbf-37ba-4c46-b078-a69cec607a5f,COM-76009,USR-6756,MauvaiseQualité,"Très mauvaise qualité de sushi, immangeable.",2/25/2025 15:16,,élevé,Ouvert,,,REF-493516
469b4c50-d650-4f06-af58-be97eed5d7c2,COM-99865,USR-4732,ServiceClient,"Le service client n'a pas résolu mon problème, frustrant.",5/6/2025 15:16,,moyen,Escaladé,,,REF-567983
069f5bf3-189b-4844-af6b-6b9ae7fd3458,COM-62263,USR-9172,CommandeErronée,"Petite erreur, j'ai reçu salade au lieu de pâtes.",1/31/2025 15:16,,faible,Ouvert,,,REF-359025
5b392093-e0ed-4817-9d6d-67c8e84b75dc,COM-77277,USR-3813,ServiceClient,"Réponse lente du service client, qualité médiocre.",9/25/2024 15:16,,faible,Escaladé,,,REF-679030
a8a1daf5-abb6-44d8-a2a7-19ae557db993,COM-13266,USR-7855,ArticleManquant,"Je n'ai pas reçu frites, besoin d'un remboursement.",1/22/2025 15:16,"image_7521.jpg,image_4441.jpg",faible,Ouvert,,,REF-308630
26ccd39d-1925-4b12-b414-ac5cd07450b0,COM-28327,USR-1733,ProblèmePaiement,"Erreur de facturation pour pizza, très frustrant.",2/23/2025 15:16,,moyen,Escaladé,,,REF-763865
aeaf55b8-1868-465a-ac95-428f026cb7de,COM-62676,USR-4150,NourritureEndommagée,"Commande endommagée, burger était légèrement trempé.",5/27/2025 15:16,,faible,Ouvert,,,REF-779344
f6600762-1ee5-4eea-9efb-f3bdcbe2d834,COM-36156,USR-9789,LivraisonRetard,"Retard de 3 heures, c'est scandaleux et dérangeant !",3/8/2025 15:16,,élevé,Ouvert,,,REF-730666
2fcbab72-6d9f-40da-9695-71071b1e8583,COM-80057,USR-5984,ArticleManquant,"Pas de dessert, c'est inacceptable et frustrant !",6/9/2025 15:16,,moyen,Résolu,6/11/2025 7:16,MOD-15,REF-992331
2a7e9cc0-1fc5-48dd-aa66-2e169ba659c4,COM-41848,USR-9807,ArticleManquant,"pizza manquant, veuillez résoudre immédiatement.",10/6/2024 15:16,,moyen,Ouvert,,,REF-810680
b9404a25-a08f-4f75-a550-233e0eda6a8f,COM-37248,USR-3755,ArticleManquant,"Je n'ai pas reçu sauce, besoin d'un remboursement.",10/27/2024 15:16,,faible,Résolu,10/28/2024 19:16,MOD-4,REF-874439
300020d4-9a2b-49d5-8b27-e9455ed52319,COM-11049,USR-8830,LivraisonRetard,"La nourriture est arrivée avec 30 minutes de retard, service décevant.",3/12/2025 15:16,,moyen,Escaladé,,,REF-899693
fa9462c1-5f51-42b9-8b9e-fc249970e1bb,COM-54748,USR-5273,NourritureEndommagée,"La nourriture était gâté, totalement immangeable.",5/18/2025 15:16,image_4560.jpg,élevé,Escaladé,,,REF-756680
4f784506-3688-46f9-9513-6f168aa9c8c0,COM-29065,USR-8703,ProblèmePaiement,"Problème mineur avec le paiement, veuillez vérifier.",12/27/2024 15:16,,moyen,Ouvert,,,REF-578360
3e6d9429-16d1-4985-a78b-1cdf82d31712,COM-91762,USR-2471,ArticleManquant,"Pas de burger, c'est inacceptable et frustrant !",1/8/2025 15:16,image_6232.jpg,élevé,Ouvert,,,REF-923968
5e53caa9-04e0-4251-a797-621bea82457b,COM-58544,USR-7394,CommandeErronée,"Livré burger, mais je voulais frites, c'est inacceptable.",9/28/2024 15:16,,faible,Escaladé,,,REF-495864
a93b9bd7-30af-4209-9f23-22db65fbbdef,COM-95274,USR-1158,MauvaiseQualité,"sauce n'était pas terrible, qualité moyenne.",1/16/2025 15:16,,faible,Résolu,1/17/2025 0:16,MOD-13,REF-940982
1ba32f3f-e892-419d-a88f-38589697bd44,COM-33025,USR-6936,CommandeErronée,"Commande incorrecte, mais le goût de pizza était acceptable.",7/29/2024 15:16,image_4474.jpg,moyen,Résolu,7/31/2024 11:16,MOD-20,REF-574096
70189a82-e4c4-453e-a782-e09a8171b39f,COM-79010,USR-8584,MauvaiseQualité,"Qualité médiocre de sushi, très frustrant.",11/5/2024 15:16,,moyen,Ouvert,,,REF-402094
6099725f-4b36-4091-9159-85516d247871,COM-62937,USR-4561,ProblèmePaiement,"Problème de paiement, remboursement requis immédiatement.",12/8/2024 15:16,,élevé,Escaladé,,,REF-283792
1b387d7e-38ad-4a51-885b-4eefa4824bfe,COM-98427,USR-6357,CommandeErronée,"Erreur sur ma commande : sushi au lieu de sandwich, très agaçant.",2/28/2025 15:16,,moyen,Résolu,2/28/2025 19:16,MOD-6,REF-860474
83cf6a27-d0f2-4b24-b4e9-085b67212571,COM-35884,USR-5260,LivraisonRetard,"Retard de 30 minutes, c'est scandaleux et dérangeant !",1/14/2025 15:16,,moyen,Résolu,1/14/2025 19:16,MOD-6,REF-222286
b258001e-0750-4d96-9367-aaea2799ca4c,COM-62115,USR-3374,LivraisonRetard,"Livraison retardée de 30 minutes, totalement inacceptable !",5/29/2025 15:16,,faible,Ouvert,,,REF-635774
185de681-885b-4814-ad28-6cae8bcf18c0,COM-70335,USR-3740,LivraisonRetard,"La commande a été livrée avec 3 heures de retard, la nourriture était froide.",4/1/2025 15:16,,élevé,Escaladé,,,REF-268603
af2f177f-8500-41de-a78b-6d6bb56de4b0,COM-38053,USR-5014,ArticleManquant,"Je n'ai pas reçu sauce, besoin d'un remboursement.",12/1/2024 15:16,,faible,Ouvert,,,REF-746562
18ce4acd-0e2c-41d1-a347-c4a8151aed8d,COM-16395,USR-3452,ServiceClient,"Réponse lente du service client, qualité médiocre.",7/9/2024 15:16,,faible,Ouvert,,,REF-539446
98c440e9-2de3-432c-852c-2bb4ef8bd0d1,COM-47982,USR-5660,MauvaiseQualité,"La nourriture était trempé, pas à la hauteur.",9/26/2024 15:16,image_1216.jpg,faible,Escaladé,,,REF-319324
d0cc29e1-bca0-4b03-85e8-f58413e52017,COM-30828,USR-6751,MauvaiseQualité,"salade avait un goût écrasé, expérience horrible.",10/9/2024 15:16,"image_7318.jpg,image_6953.jpg",élevé,Résolu,10/11/2024 11:16,MOD-9,REF-591128
869736df-411c-47f3-b442-41da0959b785,COM-12986,USR-8185,ServiceClient,"Service client correct, mais pourrait être plus rapide.",7/27/2024 15:16,,faible,Ouvert,,,REF-587443
82b30d67-f521-4ca6-b799-90520ec80b53,COM-37324,USR-7424,ArticleManquant,"sauce manquant, veuillez résoudre immédiatement.",9/16/2024 15:16,,moyen,Résolu,9/17/2024 4:16,MOD-18,REF-729310
a23046b0-9cf2-4e7f-baf0-a9264b609553,COM-12119,USR-4435,LivraisonRetard,"Retard de 3 heures, c'est scandaleux et dérangeant !",9/18/2024 15:16,"image_5438.jpg,image_7954.jpg",élevé,Résolu,9/18/2024 22:16,MOD-3,REF-854233
6a0854a4-fd57-49ee-9ff8-9bc0b7acf7b6,COM-75486,USR-3295,CommandeErronée,"Petite erreur, j'ai reçu pizza au lieu de pizza.",8/7/2024 15:16,,faible,Résolu,8/8/2024 6:16,MOD-12,REF-336134
e4d28552-30df-4e80-be7b-de873e260abe,COM-76683,USR-8577,ServiceClient,"Réponse lente du service client, qualité médiocre.",7/5/2024 15:16,,faible,Escaladé,,,REF-761264
d7479c64-8a56-4ebb-bdcd-7e7b0bea554d,COM-12288,USR-4594,LivraisonRetard,"Retard de 2 heures, c'est scandaleux et dérangeant !",2/15/2025 15:16,,élevé,Résolu,2/16/2025 1:16,MOD-11,REF-913067
4901565d-fc48-42a6-b865-7dfcaa2189d1,COM-43355,USR-8685,CommandeErronée,"J'ai commandé sushi, mais j'ai reçu sushi.",12/14/2024 15:16,,faible,Ouvert,,,REF-423124
134407ce-e2e2-49a2-861a-6e03470799f3,COM-98219,USR-7482,ArticleManquant,"frites manquant, veuillez résoudre immédiatement.",1/11/2025 15:16,image_5001.jpg,élevé,Ouvert,,,REF-178081
c0805c73-ec3c-4807-9db8-2b99c3396bc9,COM-72501,USR-2097,NourritureEndommagée,"Tout était brûlé, expérience catastrophique.",6/15/2025 15:16,,élevé,Résolu,6/16/2025 4:16,MOD-14,REF-549097
8139f045-a220-4dc3-81e8-89f66a31743f,COM-15431,USR-5883,MauvaiseQualité,"Très mauvaise qualité de pizza, immangeable.",8/7/2024 15:16,,élevé,Résolu,8/8/2024 8:16,MOD-10,REF-335652
802ffc9f-b4bd-4252-9032-a1f73326f394,COM-33353,USR-5960,CommandeErronée,J'ai reçu pâtes au lieu de frites.,11/14/2024 15:16,image_8930.jpg,faible,Escaladé,,,REF-692453
78cc1a07-c43b-4ab2-9853-8345f820569e,COM-29849,USR-9161,ProblèmePaiement,"Petite erreur de facturation, mais gênante.",10/28/2024 15:16,,moyen,Ouvert,,,REF-401649
cf249364-b4a1-48c6-a89f-7f33407c69cf,COM-19418,USR-7657,LivraisonRetard,"Petit retard de 30 minutes, mais la nourriture était correcte.",11/1/2024 15:16,"image_7835.jpg,image_1355.jpg",moyen,Escaladé,,,REF-142394
7099f991-fec6-4a0b-a627-3c9cfd16111e,COM-95169,USR-4056,LivraisonRetard,"La nourriture est arrivée avec 2 heures de retard, service décevant.",11/16/2024 15:16,"image_8256.jpg,image_4827.jpg",élevé,Ouvert,,,REF-989831
0f33963f-ca28-4aea-9a05-d6dfd7fc5e89,COM-27166,USR-6689,ServiceClient,"Mauvaise expérience avec le support, très décevant.",9/24/2024 15:16,,moyen,Ouvert,,,REF-641863
d3d28c84-96d6-4960-9b8d-2de8c87de621,COM-83333,USR-4840,ServiceClient,"Service client injoignable, c'est insupportable !",9/2/2024 15:16,,élevé,Escaladé,,,REF-911619
619cb1e0-f820-4c81-993d-d36fe4ed5b52,COM-50208,USR-2760,CommandeErronée,"J'ai commandé sandwich, mais j'ai reçu boisson.",12/4/2024 15:16,,faible,Résolu,12/5/2024 3:16,MOD-5,REF-936770
ca25b587-baa3-4736-a54c-bf84cdb6c2d2,COM-71514,USR-1549,ServiceClient,"Réponse lente du service client, qualité médiocre.",11/20/2024 15:16,image_4428.jpg,moyen,Escaladé,,,REF-186161
16907776-7fc8-4332-9141-7c0cd3719019,COM-42683,USR-1807,ArticleManquant,Pourriez-vous vérifier pourquoi frites n'était pas inclus ?,3/28/2025 15:16,,faible,Escaladé,,,REF-531771
69085011-56b3-44bf-b81e-6b88c2b08a60,COM-81149,USR-2342,MauvaiseQualité,"burger était sans goût, je ne commanderai plus.",11/23/2024 15:16,image_8696.jpg,faible,Ouvert,,,REF-122793
b34c39db-504d-4f15-970b-0c5dfee11130,COM-64297,USR-9809,MauvaiseQualité,"Le goût de sandwich était un peu gâté, mais acceptable.",6/28/2025 15:16,"image_3676.jpg,image_3983.jpg",élevé,Ouvert,,,REF-753080
bb5ed575-915e-45a0-86f3-ae037ed6f388,COM-69495,USR-2760,ArticleManquant,"Il manque sauce dans ma commande, très décevant.",11/7/2024 15:16,image_9541.jpg,élevé,Ouvert,,,REF-296688
ca63c05e-2af3-45da-aa67-36bb712ad1c5,COM-63889,USR-6976,MauvaiseQualité,"sandwich n'était pas terrible, qualité moyenne.",7/19/2024 15:16,image_6837.jpg,moyen,Escaladé,,,REF-769438
d2bdb896-684e-4e40-96d7-64df10e8f7c4,COM-37630,USR-6658,ServiceClient,"Service client injoignable, c'est insupportable !",4/29/2025 15:16,,élevé,Escaladé,,,REF-104503
48fe170e-dc62-4cb6-bad7-67a837c45ab2,COM-88211,USR-6517,LivraisonRetard,"La nourriture est arrivée avec 2 heures de retard, service décevant.",5/6/2025 15:16,,élevé,Escaladé,,,REF-771085
5b1e9d0f-445b-40ce-af41-0cb305378761,COM-79158,USR-5605,NourritureEndommagée,"burger est arrivé gâté, besoin d'un remplacement.",8/20/2024 15:16,image_7003.jpg,élevé,Résolu,8/20/2024 19:16,MOD-17,REF-691577
e4482810-6a88-41f1-8eb6-0f774858707d,COM-52247,USR-8186,MauvaiseQualité,"La nourriture était trempé, pas à la hauteur.",12/8/2024 15:16,,faible,Ouvert,,,REF-811130
0aea1998-37f5-46e4-98d4-5ba3d8f9bbd6,COM-35468,USR-5142,ProblèmePaiement,"Problème mineur avec le paiement, veuillez vérifier.",2/16/2025 15:16,image_9345.jpg,élevé,Ouvert,,,REF-128549
596fb097-1cfd-403d-a71f-17d434113bcc,COM-11036,USR-5092,ServiceClient,"Service client correct, mais pourrait être plus rapide.",4/10/2025 15:16,"image_8980.jpg,image_1274.jpg",élevé,Escaladé,,,REF-944750
3cd2d68e-d61e-4da9-83d7-eab3ed89c4c9,COM-63389,USR-2559,ArticleManquant,"Petit souci, il manquait pâtes dans la commande.",4/26/2025 15:16,,faible,Escaladé,,,REF-482809
9e61125f-8895-47eb-9522-22b65ce6c128,COM-40729,USR-2721,MauvaiseQualité,"pâtes avait un goût moisi, expérience horrible.",12/24/2024 15:16,,élevé,Ouvert,,,REF-383911
3d09773a-4d94-4cb1-bd7a-452d0c3a87bf,COM-59460,USR-5608,ServiceClient,"Petit souci avec le support, mais acceptable.",8/8/2024 15:16,,faible,Escaladé,,,REF-277126
2822bc86-0474-42d7-864d-4b51a9f7377a,COM-64477,USR-3968,MauvaiseQualité,"sushi était moisi, totalement dégoûtant !",12/26/2024 15:16,image_7132.jpg,élevé,Escaladé,,,REF-456893
307b8450-38c8-46e7-8ff0-9fed98ea57d2,COM-76496,USR-4571,ProblèmePaiement,"Petite erreur de facturation, mais gênante.",1/12/2025 15:16,,moyen,Résolu,1/12/2025 21:16,MOD-14,REF-235406
bd8ec4fa-f55a-44f8-b9ae-01e6b7a42c21,COM-22798,USR-8871,ArticleManquant,"Commande incomplète, salade non livré.",8/17/2024 15:16,image_2700.jpg,faible,Escaladé,,,REF-259155
8759e759-d10e-4627-9a97-6e3054f98a9e,COM-33924,USR-4233,ServiceClient,"Service client injoignable, c'est insupportable !",5/6/2025 15:16,,élevé,Ouvert,,,REF-960664
5294b706-b58c-49b0-99b8-5101a5d59003,COM-12215,USR-1746,ServiceClient,"Le service client n'a pas résolu mon problème, frustrant.",7/30/2024 15:16,,moyen,Escaladé,,,REF-683804
9610a967-f402-4a07-a2ce-e53ab8ea1a15,COM-14562,USR-7240,ProblèmePaiement,"Surfacturation de la commande, service client désastreux.",4/15/2025 15:16,image_2137.jpg,élevé,Résolu,4/17/2025 12:16,MOD-13,REF-235324
b8c492dc-d921-4e6d-9020-7e60f8085927,COM-54676,USR-7792,CommandeErronée,"Commande incorrecte, mais le goût de salade était acceptable.",12/12/2024 15:16,,faible,Ouvert,,,REF-272336
a9aba33e-3e71-4594-8c5d-262ae20be2f7,COM-60976,USR-3509,NourritureEndommagée,"Commande endommagée, pâtes était légèrement froid.",8/10/2024 15:16,image_6431.jpg,moyen,Ouvert,,,REF-682537
c07f5c47-178a-4e49-a956-708cb8878686,COM-62180,USR-8334,CommandeErronée,"Commande incorrecte, mais le goût de pizza était acceptable.",3/20/2025 15:16,"image_4470.jpg,image_7331.jpg",moyen,Résolu,3/22/2025 6:16,MOD-3,REF-147670
bed58595-6bf9-4473-8699-99f0f16a5c8a,COM-41857,USR-8915,LivraisonRetard,"Petit retard de 2 heures, mais la nourriture était correcte.",3/20/2025 15:16,,élevé,Escaladé,,,REF-370736
12949a12-c115-4d59-8128-8f9858637b9f,COM-93348,USR-3562,LivraisonRetard,"J'ai attendu 1 heure pour ma commande, très frustrant.",12/20/2024 15:16,,moyen,Ouvert,,,REF-383661
6be40d61-d5e4-4831-a2f2-04fcc6521389,COM-23387,USR-6001,ProblèmePaiement,"Petite erreur de facturation, mais gênante.",9/1/2024 15:16,image_6373.jpg,élevé,Escaladé,,,REF-195457
54870b5f-ae7d-4e7c-8982-77422704d919,COM-77369,USR-2289,LivraisonRetard,"Retard de 2 heures, c'est scandaleux et dérangeant !",3/28/2025 15:16,image_1733.jpg,élevé,Résolu,3/29/2025 0:16,MOD-4,REF-996147
91bd9138-627b-4ea5-aaac-5c76902dff56,COM-45998,USR-9600,ProblèmePaiement,"Erreur de facturation pour pâtes, très frustrant.",9/28/2024 15:16,image_7206.jpg,élevé,Résolu,9/29/2024 1:16,MOD-7,REF-903829
f6bd7e50-57f4-439e-ba16-96ee891017da,COM-40363,USR-6445,CommandeErronée,"Commande incorrecte, mais le goût de burger était acceptable.",7/3/2024 15:16,,faible,Ouvert,,,REF-598975
25a0c4c4-87ae-4ee6-a20e-39bce5ebba76,COM-94522,USR-4241,ProblèmePaiement,"J'ai été facturé deux fois pour ma commande, c'est inacceptable !",1/22/2025 15:16,image_3182.jpg,élevé,Escaladé,,,REF-577013
c6db9c6b-daa5-4b67-8fb9-2fe0a596f7c4,COM-90287,USR-5498,NourritureEndommagée,"burger était un peu trempé, mais mangeable.",1/16/2025 15:16,image_2706.jpg,faible,Escaladé,,,REF-832278
b82318ea-b35a-46b5-a908-627c738f786a,COM-66097,USR-2670,ProblèmePaiement,"J'ai été facturé deux fois pour ma commande, c'est inacceptable !",9/13/2024 15:16,,élevé,Résolu,9/15/2024 7:16,MOD-6,REF-706878
619bbcca-542e-4fc0-ae60-7964154263e1,COM-54169,USR-7436,CommandeErronée,"Commande incorrecte, mais le goût de frites était acceptable.",3/7/2025 15:16,,faible,Résolu,3/8/2025 0:16,MOD-1,REF-735461
e90fe5b6-02e7-438b-b592-9c04610e855e,COM-52594,USR-8237,MauvaiseQualité,"La nourriture était gâté, pas à la hauteur.",6/24/2025 15:16,,élevé,Résolu,6/26/2025 9:16,MOD-6,REF-982843
fbe536b0-1865-4aaf-bbdb-938a9e818ed9,COM-45241,USR-5651,ArticleManquant,"Il manque frites dans ma commande, très décevant.",9/12/2024 15:16,,moyen,Résolu,9/13/2024 22:16,MOD-19,REF-208204
57cd9078-35ae-4bd4-ba58-88fdf2b4ebc4,COM-14410,USR-5499,ProblèmePaiement,"Petite erreur de facturation, mais gênante.",3/2/2025 15:16,,moyen,Ouvert,,,REF-403130
8fdcccc6-12fd-4361-ab64-56ea9683f39d,COM-89458,USR-7610,NourritureEndommagée,"sandwich est arrivé trempé, besoin d'un remplacement.",10/29/2024 15:16,,faible,Ouvert,,,REF-104663
7c6ec693-dbd2-49e2-9fc1-af029abdc032,COM-39783,USR-2450,NourritureEndommagée,"Commande endommagée, frites était légèrement froid.",3/7/2025 15:16,,faible,Ouvert,,,REF-682747
b0650c4a-5714-4217-baf4-1dc88ffdfbcf,COM-97656,USR-9784,ProblèmePaiement,"Problème de paiement, remboursement requis immédiatement.",3/1/2025 15:16,image_1010.jpg,élevé,Escaladé,,,REF-597632
d2b61f96-20d4-4118-9ad1-e4d1ffb36980,COM-24081,USR-6577,MauvaiseQualité,"sandwich était écrasé, je ne commanderai plus.",4/17/2025 15:16,,faible,Escaladé,,,REF-711685
02addae5-ec8c-42cc-9b42-8b72a4026651,COM-92824,USR-4967,ArticleManquant,"salade manquant, veuillez résoudre immédiatement.",3/20/2025 15:16,,moyen,Résolu,3/22/2025 7:16,MOD-19,REF-348476
3b525bf5-1471-411e-8b59-b9c5e5fc2524,COM-36558,USR-6804,ArticleManquant,"Commande incomplète, salade non livré.",10/10/2024 15:16,image_2640.jpg,faible,Ouvert,,,REF-425015
ce91911c-6c2d-4f09-92c9-22f86870b2da,COM-87139,USR-1161,LivraisonRetard,"Petit retard de 3 heures, mais la nourriture était correcte.",11/16/2024 15:16,,élevé,Ouvert,,,REF-358021
dbad68ac-f9ed-4247-bcb8-2d61c6169d3e,COM-97244,USR-8119,ServiceClient,"Réponse lente du service client, qualité médiocre.",1/15/2025 15:16,,faible,Résolu,1/16/2025 12:16,MOD-11,REF-414591
a1597dfa-3364-420f-ae91-891ca8e60210,COM-47389,USR-7553,MauvaiseQualité,"pâtes était trempé, je ne commanderai plus.",12/20/2024 15:16,,faible,Escaladé,,,REF-506033
36d3e181-5ed3-464d-8d92-7729ad86cef2,COM-34049,USR-4262,CommandeErronée,"Livré sandwich, mais je voulais frites, c'est inacceptable.",8/6/2024 15:16,,faible,Escaladé,,,REF-148396
13ba1fc4-807c-4260-b287-a1ac9c376df8,COM-93943,USR-9033,LivraisonRetard,"La nourriture est arrivée avec 1 heure de retard, service décevant.",11/29/2024 15:16,,moyen,Escaladé,,,REF-181885
7720aacf-530a-41fc-9aef-08a092c2a36a,COM-22728,USR-3857,CommandeErronée,"Petite erreur, j'ai reçu dessert au lieu de burger.",8/17/2024 15:16,,faible,Ouvert,,,REF-582626
23acd87f-ee10-4a49-9032-3fda9bac3aeb,COM-98359,USR-8737,NourritureEndommagée,"frites était un peu brûlé, mais mangeable.",5/20/2025 15:16,,faible,Résolu,5/21/2025 5:16,MOD-17,REF-864531
ca93fa28-02fe-4113-8f0e-c157e2a75206,COM-36706,USR-2289,MauvaiseQualité,"Le goût de salade était un peu brûlé, mais acceptable.",8/1/2024 15:16,image_2121.jpg,moyen,Ouvert,,,REF-531472
9a6a26e6-2461-40d9-a672-9d3865cf165d,COM-91643,USR-1836,ProblèmePaiement,"Erreur de facturation pour sushi, très frustrant.",9/11/2024 15:16,"image_2847.jpg,image_6439.jpg",élevé,Résolu,9/12/2024 14:16,MOD-1,REF-804478
4a744c31-574c-45be-bb5c-271321e0c41d,COM-14241,USR-2872,ProblèmePaiement,"Problème mineur avec le paiement, veuillez vérifier.",3/4/2025 15:16,image_1704.jpg,élevé,Résolu,3/5/2025 3:16,MOD-8,REF-392047
86218194-36ae-4bf7-a145-3c8fb0f4a658,COM-50354,USR-5911,LivraisonRetard,"La nourriture est arrivée avec 30 minutes de retard, service décevant.",4/23/2025 15:16,image_6094.jpg,élevé,Ouvert,,,REF-898996
0b41ce19-86ad-477a-bd43-3864d9c1d129,COM-59424,USR-6320,MauvaiseQualité,"Très mauvaise qualité de sushi, immangeable.",6/7/2025 15:16,,élevé,Ouvert,,,REF-291728
fea74379-72f0-437a-9544-b472c98034ba,COM-18721,USR-2784,ArticleManquant,"Il manque salade dans ma commande, très décevant.",7/4/2024 15:16,image_7328.jpg,élevé,Ouvert,,,REF-937225
e3e43013-f32d-4f9a-9130-faa51842e85f,COM-47107,USR-7083,ArticleManquant,"Petit souci, il manquait sauce dans la commande.",7/18/2024 15:16,,faible,Résolu,7/18/2024 19:16,MOD-7,REF-861891
00429a35-4b4f-4d2b-b2f6-b08688fb7bab,COM-96918,USR-8174,NourritureEndommagée,"Tout était sans goût, expérience catastrophique.",12/15/2024 15:16,,élevé,Ouvert,,,REF-153531
7caceeed-a1a9-461c-8807-f260c7b04039,COM-86026,USR-8100,ServiceClient,"Petit souci avec le support, mais acceptable.",7/13/2024 15:16,,faible,Escaladé,,,REF-587594
44400bf8-295c-4b43-b420-f719065a0b49,COM-80349,USR-4311,ProblèmePaiement,"Erreur de facturation pour sushi, très frustrant.",5/23/2025 15:16,"image_8903.jpg,image_6130.jpg",élevé,Escaladé,,,REF-968756
db9ef6c0-7361-4a04-94ec-9cdfaa571d4e,COM-53090,USR-4164,MauvaiseQualité,"Qualité médiocre de frites, très frustrant.",10/22/2024 15:16,,moyen,Résolu,10/23/2024 21:16,MOD-11,REF-708185
22a0d187-935c-4a62-947b-148d47674806,COM-28906,USR-4362,ArticleManquant,"Pas de pâtes, c'est inacceptable et frustrant !",8/4/2024 15:16,image_6250.jpg,élevé,Escaladé,,,REF-378860
4b486408-b48e-4d8d-b8cf-f218e734137a,COM-46931,USR-9290,MauvaiseQualité,"sandwich était gâté, totalement dégoûtant !",5/13/2025 15:16,,élevé,Résolu,5/15/2025 0:16,MOD-11,REF-949737
73542adf-8cc3-4661-bafd-04eb3b9b92ab,COM-96258,USR-3402,LivraisonRetard,"La nourriture est arrivée avec 1 heure de retard, service décevant.",8/10/2024 15:16,,moyen,Résolu,8/12/2024 2:16,MOD-20,REF-130368
ad76de87-201b-455a-a669-0efee877a7c5,COM-61643,USR-3831,LivraisonRetard,"J'ai attendu 2 heures pour ma commande, très frustrant.",11/26/2024 15:16,"image_8789.jpg,image_7387.jpg",élevé,Escaladé,,,REF-293520
9831c7e2-e51b-4bca-94bb-39b5b248aaed,COM-21521,USR-8667,LivraisonRetard,"Retard de 1 heure, c'est scandaleux et dérangeant !",6/24/2025 15:16,"image_7413.jpg,image_6335.jpg",élevé,Résolu,6/25/2025 1:16,MOD-9,REF-310638
6860ce1a-c6a6-4c37-9cb2-43fe545103e1,COM-99365,USR-9067,ArticleManquant,Pourriez-vous vérifier pourquoi boisson n'était pas inclus ?,12/13/2024 15:16,,faible,Ouvert,,,REF-559215
5f5424f6-11c5-4328-b44e-92323270668d,COM-41239,USR-6187,MauvaiseQualité,"Qualité médiocre de salade, très frustrant.",10/20/2024 15:16,image_1732.jpg,élevé,Ouvert,,,REF-137405
43eb0757-944d-4fb5-b46a-3dfd3ead17dc,COM-48990,USR-6230,CommandeErronée,"Erreur sur ma commande : sandwich au lieu de sandwich, très agaçant.",12/23/2024 15:16,image_2393.jpg,élevé,Ouvert,,,REF-406293
4102e4a9-6919-41ed-9f91-58b6893433c2,COM-74808,USR-2932,ServiceClient,"Service client injoignable, c'est insupportable !",3/1/2025 15:16,,élevé,Résolu,3/3/2025 14:16,MOD-7,REF-350599
e7f6ff50-5296-4e37-bbef-22aa0066b771,COM-97950,USR-8080,NourritureEndommagée,"dessert était brûlé, qualité inacceptable.",1/1/2025 15:16,,élevé,Ouvert,,,REF-368680
e886497f-f226-4b83-93cf-61ef0ca4c783,COM-55500,USR-9856,ServiceClient,"Service client correct, mais pourrait être plus rapide.",9/18/2024 15:16,image_7567.jpg,moyen,Ouvert,,,REF-580855
e5e7b6e7-68f3-4d4c-8c1d-76592b0881e1,COM-21274,USR-6425,CommandeErronée,"Petite erreur, j'ai reçu sushi au lieu de pâtes.",6/20/2025 15:16,,faible,Escaladé,,,REF-314086
a0d97712-e41d-471b-a9ef-d3632f94e916,COM-66946,USR-6190,MauvaiseQualité,"Très mauvaise qualité de dessert, immangeable.",9/24/2024 15:16,,élevé,Résolu,9/25/2024 23:16,MOD-7,REF-351929
a6265c2d-611e-46b6-9efd-083250b4ab30,COM-97060,USR-1772,MauvaiseQualité,"pâtes était sans goût, totalement dégoûtant !",2/27/2025 15:16,,élevé,Escaladé,,,REF-635366
bd09548e-8a78-4459-b4f0-8de5d2fad256,COM-90908,USR-9113,ServiceClient,"Mauvaise expérience avec le support, très décevant.",11/14/2024 15:16,,moyen,Ouvert,,,REF-448609
a43d9004-5e2c-4b21-9440-3fedf4d64ea6,COM-42976,USR-3735,LivraisonRetard,"Livraison retardée de 30 minutes, totalement inacceptable !",8/6/2024 15:16,,faible,Résolu,8/8/2024 13:16,MOD-8,REF-849347
e3966f0a-796d-4951-b812-d542a446ec1e,COM-46139,USR-6072,LivraisonRetard,"Livraison retardée de 30 minutes, totalement inacceptable !",5/25/2025 15:16,,faible,Résolu,5/27/2025 12:16,MOD-6,REF-926677
8af52413-11ce-410b-b7e6-2c975552cc48,COM-63289,USR-3217,NourritureEndommagée,"sushi était trempé, qualité inacceptable.",1/30/2025 15:16,,élevé,Résolu,2/1/2025 5:16,MOD-18,REF-434512
75254e4b-14ef-4d59-9bfa-a61f4870be29,COM-69097,USR-6238,ProblèmePaiement,"Surfacturation de la commande, service client désastreux.",7/1/2025 15:16,,élevé,Escaladé,,,REF-202973
564a97b6-c39d-44cb-9ab5-074c0c4973be,COM-55585,USR-3152,ProblèmePaiement,"Erreur de facturation pour sandwich, très frustrant.",12/25/2024 15:16,"image_6884.jpg,image_7391.jpg",élevé,Résolu,12/26/2024 19:16,MOD-9,REF-825434
d43170eb-7470-4be3-8cd5-8e34da3cc31e,COM-47255,USR-8875,ServiceClient,"Service client injoignable, c'est insupportable !",8/23/2024 15:16,,élevé,Ouvert,,,REF-916743
24fbdd21-6fb9-44b3-915c-6142412d6665,COM-81766,USR-6065,ServiceClient,"Petit souci avec le support, mais acceptable.",4/9/2025 15:16,,faible,Escaladé,,,REF-334386
99867508-3d5a-4469-aa8b-7f29b5865fd4,COM-14196,USR-7506,MauvaiseQualité,"sushi était trempé, totalement dégoûtant !",8/17/2024 15:16,,élevé,Ouvert,,,REF-205138
d0f97490-4324-4762-958b-fe05b384bbf6,COM-14223,USR-8481,ServiceClient,"Service client correct, mais pourrait être plus rapide.",4/27/2025 15:16,,faible,Ouvert,,,REF-696946
39597c10-a71a-4c5c-845e-0b6a23145066,COM-82182,USR-7218,LivraisonRetard,"Livraison retardée de 90 minutes, totalement inacceptable !",1/17/2025 15:16,,moyen,Résolu,1/17/2025 16:16,MOD-10,REF-745104
acb3c7af-2616-4f0f-8814-bd9e53a5a85d,COM-13689,USR-7766,MauvaiseQualité,"pizza n'était pas terrible, qualité moyenne.",8/9/2024 15:16,image_4940.jpg,moyen,Résolu,8/10/2024 12:16,MOD-4,REF-548170
a658f8e7-7074-49d6-9a49-68adc9d5b171,COM-70830,USR-8051,ProblèmePaiement,"Problème de paiement, remboursement requis immédiatement.",12/24/2024 15:16,,élevé,Escaladé,,,REF-362457
c483a143-612e-4af1-896f-abec35f8ed5e,COM-85203,USR-7835,ArticleManquant,"Commande incomplète, boisson non livré.",9/5/2024 15:16,,faible,Résolu,9/7/2024 11:16,MOD-9,REF-109917
5290771c-0ca4-49de-b5a5-247d78b31ab7,COM-89753,USR-5415,ArticleManquant,"Manque sauce, service médiocre.",10/17/2024 15:16,,faible,Résolu,10/18/2024 1:16,MOD-9,REF-229233
b9490ebc-abd2-4e43-bd02-4774616a17a0,COM-99909,USR-5862,NourritureEndommagée,"pizza était un peu gâté, mais mangeable.",8/25/2024 15:16,image_1389.jpg,élevé,Ouvert,,,REF-346822
a74eef18-634a-499d-81e3-92ce75e12f15,COM-51321,USR-4355,ArticleManquant,Pourriez-vous vérifier pourquoi boisson n'était pas inclus ?,1/20/2025 15:16,,faible,Résolu,1/21/2025 10:16,MOD-20,REF-386925
2cf631a5-e70a-4aa6-a937-e9e9252bf521,COM-42717,USR-8099,NourritureEndommagée,"La commande était gâté, très déçu.",2/7/2025 15:16,image_1830.jpg,élevé,Résolu,2/8/2025 18:16,MOD-5,REF-346776
9dd775ae-c21d-47b8-8274-d090a74d55c1,COM-50116,USR-9182,ServiceClient,"Mauvaise expérience avec le support, très décevant.",4/23/2025 15:16,image_6351.jpg,élevé,Résolu,4/25/2025 6:16,MOD-6,REF-466385
1cf177b0-c954-4b96-84eb-2a5bae4f06cc,COM-45727,USR-2560,LivraisonRetard,"J'ai attendu 30 minutes pour ma commande, très frustrant.",11/15/2024 15:16,,moyen,Ouvert,,,REF-273653
7c4e6ffe-ba56-415d-badd-dc63e1ecf2f2,COM-50561,USR-8524,LivraisonRetard,"Retard de 2 heures, c'est scandaleux et dérangeant !",1/27/2025 15:16,,élevé,Résolu,1/28/2025 17:16,MOD-17,REF-425731
120dd645-fbcd-4f07-925a-8141580a45fe,COM-20073,USR-9643,MauvaiseQualité,"sushi avait un goût moisi, expérience horrible.",2/3/2025 15:16,,élevé,Ouvert,,,REF-283062
1e12904c-303f-477e-80eb-2a9013400aa7,COM-85712,USR-6248,LivraisonRetard,"La nourriture est arrivée avec 1 heure de retard, service décevant.",8/8/2024 15:16,"image_4594.jpg,image_5740.jpg",élevé,Escaladé,,,REF-549915
df9a8452-5432-4119-8694-62fac55bf745,COM-75781,USR-6932,NourritureEndommagée,"La nourriture était moisi, totalement immangeable.",6/1/2025 15:16,,élevé,Résolu,6/1/2025 16:16,MOD-10,REF-878147
dc982587-114f-4ca1-88ef-2c464c90dc00,COM-43770,USR-4088,ArticleManquant,"Petit souci, il manquait sushi dans la commande.",5/22/2025 15:16,image_7474.jpg,faible,Résolu,5/24/2025 3:16,MOD-8,REF-987065
cd578446-777b-4370-88b1-638e695ba518,COM-64979,USR-2714,MauvaiseQualité,"Très mauvaise qualité de dessert, immangeable.",10/31/2024 15:16,,élevé,Résolu,11/2/2024 15:16,MOD-5,REF-840540
30244a6e-f8d3-417d-94f9-f946acda3c6d,COM-61760,USR-7689,ProblèmePaiement,"Surfacturation de la commande, service client désastreux.",9/10/2024 15:16,image_2166.jpg,élevé,Escaladé,,,REF-776337
8ea326e8-ae1d-4e29-8db9-45fba22b09bf,COM-43778,USR-5053,ArticleManquant,"Je n'ai pas reçu burger, besoin d'un remboursement.",1/10/2025 15:16,,faible,Ouvert,,,REF-726422
95cebef2-d4d7-49fa-8749-1de11e8f07d9,COM-56920,USR-5063,LivraisonRetard,"La commande a été livrée avec 3 heures de retard, la nourriture était froide.",11/8/2024 15:16,,élevé,Ouvert,,,REF-691966
0dc8b62d-b75f-4a97-b5f1-f40c68b5cf81,COM-21779,USR-3699,ServiceClient,"Réponse lente du service client, qualité médiocre.",12/17/2024 15:16,,faible,Escaladé,,,REF-508863
c53df24c-80ff-4ebd-938d-fef2722386fd,COM-39334,USR-1018,ArticleManquant,Pourriez-vous vérifier pourquoi sandwich n'était pas inclus ?,10/14/2024 15:16,,faible,Résolu,10/16/2024 13:16,MOD-19,REF-812758
a785d885-c4f3-43c7-8904-db7e67910ecc,COM-72199,USR-9102,CommandeErronée,"Commande erronée livrée, j'ai eu burger et non sauce.",10/17/2024 15:16,image_6556.jpg,faible,Escaladé,,,REF-583442
0612a637-a4a5-4213-b502-1910d4a17ac4,COM-84613,USR-4026,NourritureEndommagée,"sushi était un peu sans goût, mais mangeable.",8/6/2024 15:16,image_6199.jpg,faible,Escaladé,,,REF-246844
c9bd5f41-a667-47e0-9cd7-f980e33d9e95,COM-46551,USR-3222,NourritureEndommagée,"dessert est arrivé mal emballé, besoin d'un remplacement.",11/6/2024 15:16,image_4437.jpg,faible,Ouvert,,,REF-833097
0a566504-7c97-4ef2-82dd-2f7b45febb4f,COM-45680,USR-6065,MauvaiseQualité,"frites avait un goût trempé, expérience horrible.",10/23/2024 15:16,,élevé,Ouvert,,,REF-221186
da7c28ee-a065-4172-a2a6-202916866cb3,COM-82954,USR-6877,CommandeErronée,"Commande erronée livrée, j'ai eu salade et non boisson.",11/7/2024 15:16,image_9499.jpg,faible,Ouvert,,,REF-127081
a550f287-635a-4ac2-ab6a-03af1c93f249,COM-70870,USR-5644,ServiceClient,"Petit souci avec le support, mais acceptable.",3/15/2025 15:16,,faible,Escaladé,,,REF-983399
78f60a54-2ff4-4c0a-9202-6993a40dfee9,COM-92940,USR-6800,ServiceClient,"Service client injoignable, c'est insupportable !",1/21/2025 15:16,image_2076.jpg,élevé,Escaladé,,,REF-451052
a5b79109-0651-4b50-8292-be4eda949969,COM-96388,USR-3547,ArticleManquant,"Je n'ai pas reçu dessert, besoin d'un remboursement.",10/23/2024 15:16,,faible,Ouvert,,,REF-247684
5ca5aeed-9c94-4b31-8b4f-f10e7c494a57,COM-63306,USR-5932,LivraisonRetard,"Retard de 2 heures, c'est scandaleux et dérangeant !",5/7/2025 15:16,"image_6679.jpg,image_9495.jpg",élevé,Ouvert,,,REF-186331
46380bd9-0202-4d5c-bf35-6da08bf88e2a,COM-43283,USR-8556,ServiceClient,"Le service client n'a pas résolu mon problème, frustrant.",12/20/2024 15:16,image_1347.jpg,élevé,Escaladé,,,REF-750014
33cf205b-9466-4d84-b686-f2589c48d2bf,COM-45506,USR-3348,MauvaiseQualité,"burger était brûlé, totalement dégoûtant !",3/2/2025 15:16,,élevé,Ouvert,,,REF-698297
0778dc21-820a-4754-a848-971e30eb2e26,COM-89234,USR-8698,ArticleManquant,"Commande incomplète, burger non livré.",10/16/2024 15:16,,faible,Ouvert,,,REF-409327
60735dfc-090c-480e-8186-398f3088a5b5,COM-60242,USR-1534,ArticleManquant,"Il manque boisson dans ma commande, très décevant.",7/25/2024 15:16,image_9718.jpg,élevé,Ouvert,,,REF-158081
18f41f9e-c3c7-4ca9-8c48-98fbf5ffa728,COM-57373,USR-3310,ProblèmePaiement,"Problème de paiement, remboursement requis immédiatement.",4/6/2025 15:16,,élevé,Escaladé,,,REF-302655
2092e292-dc0f-4f31-9592-0e8f5743c179,COM-75590,USR-5400,ArticleManquant,"boisson manquant, veuillez résoudre immédiatement.",1/16/2025 15:16,,moyen,Ouvert,,,REF-203765
42abbc5e-4651-4c32-87b4-430c0f57ec34,COM-35904,USR-1016,ProblèmePaiement,"Petite erreur de facturation, mais gênante.",3/8/2025 15:16,image_4949.jpg,élevé,Ouvert,,,REF-909021
4a457444-fdc0-405b-a529-e2d4f21e0e4c,COM-63337,USR-8951,LivraisonRetard,"La nourriture est arrivée avec 3 heures de retard, service décevant.",5/7/2025 15:16,,élevé,Ouvert,,,REF-469340
475e6f45-3048-4643-9453-c6b5ff5f4f34,COM-75757,USR-2966,NourritureEndommagée,"sauce était un peu gâté, mais mangeable.",10/9/2024 15:16,image_3903.jpg,élevé,Escaladé,,,REF-717049
aa3127f1-b275-4448-b60e-855121cd580e,COM-93033,USR-8195,ProblèmePaiement,"Problème mineur avec le paiement, veuillez vérifier.",11/13/2024 15:16,"image_6205.jpg,image_4816.jpg",élevé,Ouvert,,,REF-376938
e31b70c0-0b25-405a-90f2-baf31f9a86d9,COM-99880,USR-8171,MauvaiseQualité,"Le goût de pizza était un peu gâté, mais acceptable.",7/23/2024 15:16,,élevé,Ouvert,,,REF-136787
811c43b1-ce73-4eb7-b89e-16bde095ec9b,COM-62237,USR-3578,ProblèmePaiement,"Problème mineur avec le paiement, veuillez vérifier.",4/5/2025 15:16,,moyen,Résolu,4/7/2025 8:16,MOD-6,REF-692543
0835ff86-88f2-4c19-a25d-38ef9f3ad230,COM-87279,USR-2477,NourritureEndommagée,"Tout était moisi, expérience catastrophique.",6/5/2025 15:16,,élevé,Escaladé,,,REF-448288
dd1586f1-3619-4472-a218-eda80694c7c3,COM-98322,USR-3088,ProblèmePaiement,"Erreur de facturation pour sushi, très frustrant.",6/22/2025 15:16,,moyen,Ouvert,,,REF-244541
97172a5f-2568-4357-8f97-df39cefcbde4,COM-24662,USR-5347,ServiceClient,"Réponse lente du service client, qualité médiocre.",12/18/2024 15:16,,faible,Ouvert,,,REF-672545
c0198001-1392-4451-951d-01a43dfc6a28,COM-37447,USR-8114,NourritureEndommagée,"dessert livré brûlé, c'est scandaleux et dangereux !",12/24/2024 15:16,image_8080.jpg,élevé,Résolu,12/25/2024 12:16,MOD-4,REF-957248
bfd73ecf-91e5-4858-b030-84d56a426aa5,COM-53453,USR-6818,ProblèmePaiement,"Erreur de facturation pour sandwich, très frustrant.",4/15/2025 15:16,,moyen,Escaladé,,,REF-884933
d82cafea-2de5-475d-b807-558975e0c45d,COM-15367,USR-2052,ProblèmePaiement,"J'ai été facturé deux fois pour ma commande, c'est inacceptable !",4/2/2025 15:16,"image_1450.jpg,image_6536.jpg",élevé,Ouvert,,,REF-233083
777500e3-d713-4a17-89af-d0eb550cb529,COM-89108,USR-3909,ProblèmePaiement,"Erreur de facturation pour dessert, très frustrant.",6/10/2025 15:16,,moyen,Résolu,6/11/2025 17:16,MOD-18,REF-446127
32892fc8-1774-4218-b7c3-59085162c618,COM-45733,USR-1719,NourritureEndommagée,"frites était trempé, qualité inacceptable.",11/30/2024 15:16,,élevé,Résolu,12/1/2024 5:16,MOD-13,REF-163626
eba7c8bb-fe2c-494e-8c80-2599188d43bd,COM-33255,USR-6136,ProblèmePaiement,"Erreur de facturation pour burger, très frustrant.",8/25/2024 15:16,image_9559.jpg,élevé,Ouvert,,,REF-581292
18beb4b5-e176-411e-94ba-252676cfac0c,COM-16805,USR-7605,MauvaiseQualité,"La nourriture était froid, pas à la hauteur.",2/3/2025 15:16,,faible,Escaladé,,,REF-130490
afbf6795-e30e-42aa-8ac7-d12a192fac05,COM-24543,USR-8405,ProblèmePaiement,"Problème de paiement, remboursement requis immédiatement.",11/2/2024 15:16,image_2620.jpg,élevé,Ouvert,,,REF-133895
db977ff6-b59e-45e4-9e83-d0eca6ab96d0,COM-30586,USR-3149,NourritureEndommagée,"boisson était sans goût, qualité inacceptable.",10/25/2024 15:16,image_3873.jpg,élevé,Escaladé,,,REF-698679
b974fd8c-c001-4c7e-9367-df295082232d,COM-88466,USR-3373,ServiceClient,"Le service client n'a pas résolu mon problème, frustrant.",2/22/2025 15:16,,moyen,Ouvert,,,REF-793004
26d643b5-2457-47a4-8d96-46930446581e,COM-91647,USR-9019,NourritureEndommagée,"burger était un peu sans goût, mais mangeable.",9/22/2024 15:16,,faible,Ouvert,,,REF-254890
5a81a641-d8d9-42d3-9222-c6a2fd3a3af0,COM-57831,USR-3604,CommandeErronée,"Commande incorrecte, mais le goût de sauce était acceptable.",5/26/2025 15:16,"image_8170.jpg,image_7390.jpg",élevé,Résolu,5/27/2025 8:16,MOD-11,REF-582634
57b89d96-17e9-4c93-b22a-dbdf16017824,COM-99954,USR-5081,ArticleManquant,"Pas de burger, c'est inacceptable et frustrant !",3/25/2025 15:16,image_5309.jpg,élevé,Résolu,3/26/2025 7:16,MOD-7,REF-273312
4d69ff1c-8625-498b-9cc8-b7e716c14713,COM-82326,USR-4070,MauvaiseQualité,"pâtes était sans goût, je ne commanderai plus.",12/3/2024 15:16,,faible,Escaladé,,,REF-265820
c37e22a8-9429-4644-9471-cacb30e3e7c6,COM-67717,USR-6109,MauvaiseQualité,"burger était brûlé, totalement dégoûtant !",10/3/2024 15:16,,élevé,Ouvert,,,REF-414476
f9f48129-0a90-446d-90ca-7828412e64c9,COM-15732,USR-3819,ServiceClient,"Le service client n'a pas résolu mon problème, frustrant.",5/23/2025 15:16,,moyen,Escaladé,,,REF-242962
f3b1909b-903a-43be-acc1-4bd9142f9661,COM-66023,USR-8786,LivraisonRetard,"J'ai attendu 30 minutes pour ma commande, très frustrant.",5/4/2025 15:16,,moyen,Résolu,5/5/2025 14:16,MOD-16,REF-709835
028b4a27-a3f2-464a-8a79-33fb6edde7fc,COM-50609,USR-8014,LivraisonRetard,"Retard de 2 heures, c'est scandaleux et dérangeant !",9/18/2024 15:16,,élevé,Escaladé,,,REF-293169
8ac632b6-972d-4e8e-ace2-79c096d189c1,COM-51077,USR-8137,LivraisonRetard,"La commande a été livrée avec 90 minutes de retard, la nourriture était froide.",9/20/2024 15:16,,moyen,Ouvert,,,REF-150877
d0a1239e-ae9d-4fa1-b455-e2241c517745,COM-27295,USR-9583,ServiceClient,"Petit souci avec le support, mais acceptable.",11/23/2024 15:16,image_6136.jpg,moyen,Escaladé,,,REF-600682
e7d14c6b-f034-40e1-8145-4ac07512f4dd,COM-56448,USR-9159,ArticleManquant,"Je n'ai pas reçu burger, besoin d'un remboursement.",11/15/2024 15:16,,faible,Escaladé,,,REF-417861
96d8be11-d7c4-45eb-b161-7c40d18f87e1,COM-71647,USR-4304,ProblèmePaiement,"Petite erreur de facturation, mais gênante.",10/8/2024 15:16,image_7087.jpg,élevé,Ouvert,,,REF-780821
29874ffc-ca3c-454d-95f3-be69e19d1658,COM-90261,USR-9894,NourritureEndommagée,"sauce était un peu mal emballé, mais mangeable.",4/4/2025 15:16,image_3338.jpg,faible,Escaladé,,,REF-516349
1a3ed5ab-e70c-4c99-811b-f8d161fb3eb8,COM-88773,USR-5307,ArticleManquant,"Il manque pizza dans ma commande, très décevant.",6/30/2025 15:16,image_6512.jpg,élevé,Résolu,7/2/2025 14:16,MOD-9,REF-114106
5b78d9bc-808c-4e8c-b890-3a6657981299,COM-57368,USR-3425,ArticleManquant,"Petit souci, il manquait burger dans la commande.",11/20/2024 15:16,,faible,Résolu,11/20/2024 16:16,MOD-4,REF-234689
96e1bfd4-6c96-43df-b141-810d17bee424,COM-78208,USR-4752,CommandeErronée,"Commande incorrecte, mais le goût de boisson était acceptable.",8/18/2024 15:16,,faible,Escaladé,,,REF-192537
7eacb404-9e4b-4957-bc58-1c2704f13013,COM-10186,USR-2009,ProblèmePaiement,"J'ai été facturé deux fois pour ma commande, c'est inacceptable !",2/24/2025 15:16,,élevé,Escaladé,,,REF-568155
3b5977b2-8af4-416e-9b0e-1f84db5b12c1,COM-84191,USR-1849,MauvaiseQualité,"sushi était froid, je ne commanderai plus.",4/7/2025 15:16,,faible,Ouvert,,,REF-997380
48dd4e58-7c01-423d-99ad-10ede43c37f3,COM-88150,USR-6112,ArticleManquant,Pourriez-vous vérifier pourquoi boisson n'était pas inclus ?,3/24/2025 15:16,,faible,Résolu,3/25/2025 6:16,MOD-19,REF-688578
d7b7670d-7721-434a-a4d4-4018f69cd8a1,COM-65972,USR-8777,LivraisonRetard,"La commande a été livrée avec 30 minutes de retard, la nourriture était froide.",9/3/2024 15:16,image_1046.jpg,moyen,Résolu,9/5/2024 4:16,MOD-10,REF-305830
faac976b-f0e0-4de1-bd53-df160e69a0cc,COM-80832,USR-4308,MauvaiseQualité,"Qualité médiocre de sandwich, très frustrant.",12/15/2024 15:16,image_8606.jpg,élevé,Résolu,12/15/2024 16:16,MOD-7,REF-334628
7e5ca6b4-225c-42c7-ac04-c1669a8d8057,COM-30657,USR-1184,LivraisonRetard,"La commande a été livrée avec 90 minutes de retard, la nourriture était froide.",1/22/2025 15:16,,moyen,Escaladé,,,REF-577797
429801bb-2030-449d-831c-8bfe0a2fde00,COM-38578,USR-6206,ServiceClient,"Réponse lente du service client, qualité médiocre.",11/2/2024 15:16,image_1031.jpg,moyen,Escaladé,,,REF-738368
683f4d1f-9133-4d3c-a1a8-381815e63d6d,COM-99418,USR-9099,ServiceClient,"Service client injoignable, c'est insupportable !",2/4/2025 15:16,,élevé,Résolu,2/6/2025 13:16,MOD-3,REF-578636
15d60f64-00f5-498a-b926-6a46982d4408,COM-53778,USR-7524,ProblèmePaiement,"Problème de paiement, remboursement requis immédiatement.",8/21/2024 15:16,,élevé,Résolu,8/22/2024 11:16,MOD-10,REF-238786
381608d1-d857-412f-a7b4-34860e98f199,COM-80310,USR-1091,ArticleManquant,Pourriez-vous vérifier pourquoi sushi n'était pas inclus ?,4/6/2025 15:16,image_7705.jpg,faible,Escaladé,,,REF-621343
c5f6d818-05b6-4640-a5f7-192d5aa6d11f,COM-45322,USR-4607,ArticleManquant,"Je n'ai pas reçu sushi, besoin d'un remboursement.",1/10/2025 15:16,image_7007.jpg,faible,Résolu,1/11/2025 20:16,MOD-15,REF-765095
b5bf770a-8755-411d-ace6-8972e28397b1,COM-43538,USR-1243,ProblèmePaiement,"Problème de paiement, remboursement requis immédiatement.",4/3/2025 15:16,image_7907.jpg,élevé,Escaladé,,,REF-148971
a750d779-f62c-4e18-aec9-eb7e8e709cd9,COM-36399,USR-1383,NourritureEndommagée,"pâtes était froid, qualité inacceptable.",2/23/2025 15:16,,élevé,Escaladé,,,REF-867497
bf7d0787-6322-49d8-82a4-77f1cb8ba444,COM-36120,USR-8485,CommandeErronée,"Erreur sur ma commande : burger au lieu de pizza, très agaçant.",10/26/2024 15:16,"image_2800.jpg,image_1045.jpg",élevé,Escaladé,,,REF-936198
901aa695-3162-483f-8b10-05077031ae2f,COM-80076,USR-3222,ArticleManquant,"Il manque pâtes dans ma commande, très décevant.",8/5/2024 15:16,,moyen,Ouvert,,,REF-364604
9fdc6038-2aac-4eaf-b09f-fbc24b85b653,COM-53868,USR-7559,ServiceClient,"Réponse lente du service client, qualité médiocre.",1/25/2025 15:16,image_7465.jpg,moyen,Escaladé,,,REF-631574
9738d176-b3ad-4e3d-a073-88e4ec3b23a0,COM-56717,USR-3357,LivraisonRetard,"Petit retard de 3 heures, mais la nourriture était correcte.",1/10/2025 15:16,,élevé,Résolu,1/12/2025 12:16,MOD-8,REF-973072
aae0c386-5c2f-4306-b9e9-e5f3323b6abd,COM-33976,USR-6021,NourritureEndommagée,"La commande était trempé, très déçu.",5/18/2025 15:16,"image_6057.jpg,image_3301.jpg",faible,Résolu,5/18/2025 23:16,MOD-17,REF-276824
f9a685aa-6688-49ae-a4f8-ae6e0948ad53,COM-60580,USR-5171,ProblèmePaiement,"Surfacturation de la commande, service client désastreux.",7/23/2024 15:16,,élevé,Résolu,7/25/2024 10:16,MOD-16,REF-763889
17d52c29-fd3f-428c-8c90-f09a85944608,COM-45810,USR-8885,CommandeErronée,"Petite erreur, j'ai reçu boisson au lieu de frites.",5/25/2025 15:16,image_4630.jpg,faible,Résolu,5/26/2025 18:16,MOD-18,REF-137907
255730dd-b82c-44bd-85f1-ef0ec1ae8f48,COM-31923,USR-9322,ArticleManquant,"Il manque boisson dans ma commande, très décevant.",7/20/2024 15:16,,moyen,Ouvert,,,REF-377000
c330f8f5-155b-4992-b486-bc0f249076ad,COM-50855,USR-9406,ServiceClient,"Service client injoignable, c'est insupportable !",6/30/2025 15:16,image_7688.jpg,élevé,Ouvert,,,REF-777255
5d8619d4-6572-410a-9acc-d8d9e158d877,COM-52832,USR-4087,MauvaiseQualité,"Très mauvaise qualité de burger, immangeable.",9/20/2024 15:16,image_2023.jpg,élevé,Escaladé,,,REF-805470
0e922f9a-a4c8-4158-aa60-95f4442f50c5,COM-39713,USR-6858,ProblèmePaiement,"Problème mineur avec le paiement, veuillez vérifier.",8/17/2024 15:16,,moyen,Ouvert,,,REF-561331
accaa13b-140c-4c4e-912a-5a595e1ab22b,COM-11943,USR-4665,ProblèmePaiement,"Petite erreur de facturation, mais gênante.",7/26/2024 15:16,,moyen,Résolu,7/27/2024 2:16,MOD-2,REF-920442
de818a07-570a-461e-85ef-8a2c15f89663,COM-61244,USR-2601,NourritureEndommagée,"burger était un peu mal emballé, mais mangeable.",3/23/2025 15:16,image_7039.jpg,faible,Ouvert,,,REF-938376
a5f44ee2-9873-411c-a17d-79e60dadd286,COM-55936,USR-9293,MauvaiseQualité,"frites avait un goût moisi, expérience horrible.",6/10/2025 15:16,image_6444.jpg,élevé,Résolu,6/11/2025 22:16,MOD-20,REF-798886
eec181ee-4a27-489e-a1e3-5a77e1453d45,COM-84120,USR-4619,ServiceClient,"Le service client n'a pas résolu mon problème, frustrant.",9/11/2024 15:16,,moyen,Résolu,9/13/2024 0:16,MOD-20,REF-671739
b2866b5b-da63-49cc-a83d-64a67a1fd04b,COM-87897,USR-3931,ArticleManquant,"sauce manquant, veuillez résoudre immédiatement.",7/20/2024 15:16,,moyen,Résolu,7/20/2024 19:16,MOD-17,REF-527661
46366d21-8a80-4511-9c41-311081625678,COM-72051,USR-1779,LivraisonRetard,"La nourriture est arrivée avec 2 heures de retard, service décevant.",10/13/2024 15:16,,élevé,Ouvert,,,REF-983973
3331b13c-356a-496d-b3b9-d8cbd7a990b0,COM-39342,USR-9336,ArticleManquant,"salade manquant, veuillez résoudre immédiatement.",12/3/2024 15:16,,moyen,Ouvert,,,REF-338546
6364e359-1b93-4bf4-9fa8-fa932c348773,COM-82924,USR-7664,LivraisonRetard,"Petit retard de 1 heure, mais la nourriture était correcte.",2/5/2025 15:16,,moyen,Escaladé,,,REF-155030
9cb79e9a-9338-4995-8edf-7fd91bafb4ef,COM-71066,USR-9520,NourritureEndommagée,"sauce livré gâté, c'est scandaleux et dangereux !",1/9/2025 15:16,image_2965.jpg,élevé,Ouvert,,,REF-553497
ce892db6-0fbe-4656-97b3-4947da1093f5,COM-82173,USR-3463,ArticleManquant,"Pas de dessert, c'est inacceptable et frustrant !",1/1/2025 15:16,,moyen,Ouvert,,,REF-654991
46d2ceeb-957e-4ea1-a79a-80b247608b5a,COM-37783,USR-6084,LivraisonRetard,"Livraison en retard de 90 minutes, c'est gênant mais acceptable.",3/4/2025 15:16,,moyen,Ouvert,,,REF-271881
ab12857b-beb0-40c7-bde5-5b4784c48078,COM-69439,USR-3765,NourritureEndommagée,"pâtes livré brûlé, c'est scandaleux et dangereux !",6/8/2025 15:16,image_6074.jpg,élevé,Ouvert,,,REF-938178
9403f167-53c4-46bd-832e-6b8a3643683e,COM-51948,USR-6416,ArticleManquant,"frites manquant, veuillez résoudre immédiatement.",7/27/2024 15:16,"image_6680.jpg,image_4398.jpg",élevé,Escaladé,,,REF-210714
279f5048-5194-4b24-9f60-465282b9042c,COM-70570,USR-6427,ServiceClient,"Service client injoignable, c'est insupportable !",8/4/2024 15:16,image_9063.jpg,élevé,Ouvert,,,REF-470551
b4b9f39e-d6f4-45f4-857c-9ac90c5bc7ab,COM-46559,USR-5201,ProblèmePaiement,"Erreur de facturation pour sandwich, très frustrant.",2/20/2025 15:16,,moyen,Ouvert,,,REF-579129
7466958c-1043-4ef4-9e08-5f897eddedba,COM-32365,USR-3057,NourritureEndommagée,"dessert est arrivé trempé, besoin d'un remplacement.",5/30/2025 15:16,,faible,Ouvert,,,REF-463372
c355befb-a41e-4fef-a0f8-38092b89ebbe,COM-36539,USR-8504,MauvaiseQualité,"La nourriture était trempé, pas à la hauteur.",10/25/2024 15:16,,faible,Résolu,10/25/2024 16:16,MOD-1,REF-444222
4a254035-88cc-469c-aedb-1b913baa7b46,COM-12828,USR-5875,NourritureEndommagée,"Commande endommagée, frites était légèrement gâté.",8/27/2024 15:16,,élevé,Résolu,8/27/2024 16:16,MOD-3,REF-849874
1bce9724-41e4-4d9b-8b86-f12c9ae9fa4b,COM-97969,USR-3027,ProblèmePaiement,"Surfacturation de la commande, service client désastreux.",9/23/2024 15:16,image_1200.jpg,élevé,Résolu,9/25/2024 5:16,MOD-5,REF-142578
b85a41b9-d4e9-4652-9ce7-2a4a476eb886,COM-64025,USR-9431,NourritureEndommagée,"Commande endommagée, sandwich était légèrement froid.",2/2/2025 15:16,"image_5529.jpg,image_5320.jpg",moyen,Ouvert,,,REF-557753
3ae22558-0655-49a0-8132-efabe28f8cec,COM-71781,USR-2824,LivraisonRetard,"La commande a été livrée avec 3 heures de retard, la nourriture était froide.",10/23/2024 15:16,,élevé,Escaladé,,,REF-520405
ecbc6bfa-1a3b-45cf-ab64-2c50a0e9986a,COM-84818,USR-7849,ProblèmePaiement,"Surfacturation de la commande, service client désastreux.",1/21/2025 15:16,,élevé,Escaladé,,,REF-540548
f64cf1b8-31e8-49b2-b1bc-9c3b00cd6959,COM-93668,USR-4961,NourritureEndommagée,"burger était un peu trempé, mais mangeable.",10/31/2024 15:16,"image_9474.jpg,image_6782.jpg",faible,Escaladé,,,REF-376180
bcab6174-78d4-4a7d-9abd-e433b7e88ee3,COM-57581,USR-7703,NourritureEndommagée,"La commande était écrasé, très déçu.",2/28/2025 15:16,,faible,Escaladé,,,REF-275258
84f16a34-26b0-4981-9ad1-298894cc412c,COM-65129,USR-6756,ArticleManquant,"Pas de sandwich, c'est inacceptable et frustrant !",1/19/2025 15:16,,moyen,Ouvert,,,REF-652296
f2aa482e-9318-48d7-81e2-2de6c0e76be4,COM-61343,USR-1083,ProblèmePaiement,"J'ai été facturé deux fois pour ma commande, c'est inacceptable !",3/31/2025 15:16,,élevé,Ouvert,,,REF-571213
281b1da3-3e71-4c6f-b0fb-496df1ba953c,COM-66943,USR-1120,NourritureEndommagée,"sauce était un peu froid, mais mangeable.",1/21/2025 15:16,image_7059.jpg,moyen,Ouvert,,,REF-569513
b639374a-9c5e-4b7f-852e-8d09bac892d8,COM-20960,USR-2187,ServiceClient,"Petit souci avec le support, mais acceptable.",10/4/2024 15:16,,faible,Résolu,10/6/2024 12:16,MOD-9,REF-990326
8e79772d-8c77-429e-b02b-62bb4fb53418,COM-98292,USR-4399,ProblèmePaiement,"Problème de paiement, remboursement requis immédiatement.",5/8/2025 15:16,image_2311.jpg,élevé,Ouvert,,,REF-160045
93d8c4ad-7683-4fca-82ef-737385cf37a7,COM-21913,USR-8876,CommandeErronée,J'ai reçu frites au lieu de frites.,9/17/2024 15:16,,faible,Escaladé,,,REF-850789
f5fab70f-34ee-49ab-bd16-74c4199c1c2e,COM-94415,USR-9211,ArticleManquant,"Pas de burger, c'est inacceptable et frustrant !",8/7/2024 15:16,,moyen,Résolu,8/8/2024 2:16,MOD-14,REF-647278
d405a14b-9584-412b-a169-5d5cead60ce4,COM-27846,USR-1119,ServiceClient,"Mauvaise expérience avec le support, très décevant.",2/3/2025 15:16,,moyen,Résolu,2/4/2025 22:16,MOD-6,REF-310274
2d6ab0ff-c288-4f28-8a06-6460ad811596,COM-43312,USR-5666,MauvaiseQualité,"Très mauvaise qualité de sauce, immangeable.",4/22/2025 15:16,,élevé,Résolu,4/24/2025 3:16,MOD-18,REF-730748
715bd1c1-dd2a-467d-868a-ed0ba3cfb402,COM-86951,USR-5185,ServiceClient,"Service client correct, mais pourrait être plus rapide.",1/7/2025 15:16,,faible,Ouvert,,,REF-688753
feefdcb4-c1b4-4546-9bf0-9f804e66cc44,COM-16585,USR-7701,NourritureEndommagée,"burger était brûlé, qualité inacceptable.",7/23/2024 15:16,"image_2187.jpg,image_2043.jpg",élevé,Ouvert,,,REF-708664
e803933d-def6-41d4-a1d7-78474fe5b2ec,COM-64621,USR-7528,ProblèmePaiement,"J'ai été facturé deux fois pour ma commande, c'est inacceptable !",12/11/2024 15:16,,élevé,Escaladé,,,REF-426074
278c9c38-a2e9-439f-8414-9f5e92aea05f,COM-45777,USR-8497,NourritureEndommagée,"La nourriture était écrasé, totalement immangeable.",4/18/2025 15:16,"image_1603.jpg,image_9863.jpg",élevé,Escaladé,,,REF-898077
14519601-8a53-4f01-819e-479b57a09723,COM-36226,USR-4602,ProblèmePaiement,"J'ai été facturé deux fois pour ma commande, c'est inacceptable !",8/14/2024 15:16,image_9877.jpg,élevé,Résolu,8/16/2024 9:16,MOD-6,REF-357617
6cf69562-ba57-4d17-bf83-d8ccaa33e8a7,COM-72114,USR-5856,ArticleManquant,"Je n'ai pas reçu burger, besoin d'un remboursement.",5/4/2025 15:16,,faible,Ouvert,,,REF-118447
a697086e-5a6d-4dbd-8a3a-21b127b288c2,COM-53470,USR-5301,NourritureEndommagée,"La nourriture était gâté, totalement immangeable.",3/31/2025 15:16,,élevé,Résolu,3/31/2025 23:16,MOD-13,REF-110414
062962fb-31e1-46b4-ba9a-f12bec066313,COM-37158,USR-8526,CommandeErronée,"Erreur sur ma commande : frites au lieu de boisson, très agaçant.",9/2/2024 15:16,"image_5065.jpg,image_7351.jpg",élevé,Ouvert,,,REF-284142
aa8cbc3a-16f5-4f0e-a1ea-bd5b20495e68,COM-20606,USR-1406,NourritureEndommagée,"boisson était un peu mal emballé, mais mangeable.",9/21/2024 15:16,,faible,Escaladé,,,REF-350421
1fe37835-4b68-4314-9774-ef155e4aed7c,COM-67682,USR-5607,CommandeErronée,"Commande erronée livrée, j'ai eu pizza et non sauce.",9/14/2024 15:16,,faible,Ouvert,,,REF-597441
8f8f4f24-c5d1-45f6-b8e1-1450f8b02529,COM-45301,USR-1493,ArticleManquant,"Commande incomplète, dessert non livré.",5/24/2025 15:16,image_4386.jpg,faible,Escaladé,,,REF-753139
80cd18c8-08bc-47c4-8fd9-573e3d3f1f25,COM-62445,USR-6943,MauvaiseQualité,"sandwich était gâté, totalement dégoûtant !",12/30/2024 15:16,,élevé,Résolu,12/31/2024 18:16,MOD-16,REF-431962
fa104bdd-d6be-40e5-b0f3-675a14ac44f5,COM-82417,USR-2766,LivraisonRetard,"J'ai attendu 3 heures pour ma commande, très frustrant.",11/21/2024 15:16,image_1523.jpg,élevé,Résolu,11/22/2024 1:16,MOD-18,REF-545704
cb764b42-ec2c-421d-bec0-548b4cac4d8f,COM-58772,USR-5594,MauvaiseQualité,"sushi n'était pas terrible, qualité moyenne.",4/5/2025 15:16,,faible,Ouvert,,,REF-961839
2891384b-34d5-40f6-b652-b902cfd6774d,COM-48859,USR-7512,ArticleManquant,Pourriez-vous vérifier pourquoi salade n'était pas inclus ?,10/31/2024 15:16,,faible,Ouvert,,,REF-962225
21348f55-3600-4c65-bbe7-1419733ebe57,COM-26004,USR-1208,NourritureEndommagée,"pâtes est arrivé moisi, besoin d'un remplacement.",3/30/2025 15:16,,élevé,Ouvert,,,REF-198752
565aba8f-fd0b-43c0-8035-84b4fe3c6c55,COM-52854,USR-1050,LivraisonRetard,"La commande a été livrée avec 1 heure de retard, la nourriture était froide.",11/30/2024 15:16,image_3180.jpg,élevé,Résolu,12/1/2024 5:16,MOD-13,REF-216201
52f97678-584b-46a7-aa53-129dd0f9b223,COM-18271,USR-2876,ProblèmePaiement,"Petite erreur de facturation, mais gênante.",11/7/2024 15:16,image_5707.jpg,élevé,Escaladé,,,REF-313719
f1a93f18-75f3-435c-9850-5d598b17cb9f,COM-22460,USR-5681,CommandeErronée,"Erreur sur ma commande : dessert au lieu de sushi, très agaçant.",3/11/2025 15:16,,moyen,Escaladé,,,REF-615946
003f9856-1d8c-4f2c-837e-e374239e027d,COM-29341,USR-9309,ServiceClient,"Le service client n'a pas résolu mon problème, frustrant.",11/14/2024 15:16,,moyen,Résolu,11/15/2024 16:16,MOD-7,REF-707107
99c5e877-2d9d-49ac-8d97-494fef99cc14,COM-96973,USR-7637,ServiceClient,"Le service client n'a pas résolu mon problème, frustrant.",9/25/2024 15:16,,moyen,Escaladé,,,REF-649976
42a47cb8-8ad5-40c0-8863-1ff5f95018a7,COM-72815,USR-1602,ServiceClient,"Réponse lente du service client, qualité médiocre.",12/28/2024 15:16,,faible,Résolu,12/29/2024 6:16,MOD-1,REF-870545
c3cea07c-2a3e-48fa-aac6-abb7ca5fca42,COM-39456,USR-8072,ProblèmePaiement,"Petite erreur de facturation, mais gênante.",9/26/2024 15:16,image_7890.jpg,élevé,Escaladé,,,REF-207580
1bdf016f-d2b8-4f14-8382-26202271b5ec,COM-28934,USR-8414,LivraisonRetard,"Livraison retardée de 30 minutes, totalement inacceptable !",1/5/2025 15:16,,faible,Résolu,1/6/2025 13:16,MOD-4,REF-823564
395bb198-f799-4f9b-b4d7-7a3aede670b7,COM-73847,USR-1510,ArticleManquant,"Je n'ai pas reçu dessert, besoin d'un remboursement.",6/1/2025 15:16,,faible,Résolu,6/2/2025 4:16,MOD-8,REF-857586
c16b81b5-1489-4e3e-a97c-79eec665434f,COM-49663,USR-4249,LivraisonRetard,"Livraison retardée de 2 heures, totalement inacceptable !",11/21/2024 15:16,image_7360.jpg,élevé,Ouvert,,,REF-407389
ecaa2edd-a0b1-41bc-bd59-68c5cde5dd3e,COM-68776,USR-7678,LivraisonRetard,"La nourriture est arrivée avec 1 heure de retard, service décevant.",4/13/2025 15:16,image_5854.jpg,élevé,Ouvert,,,REF-399537
8e073faa-ed7a-4045-b3ca-3c0a85f9d22d,COM-72481,USR-7240,CommandeErronée,"Petite erreur, j'ai reçu frites au lieu de sauce.",1/2/2025 15:16,image_9240.jpg,faible,Résolu,1/3/2025 2:16,MOD-12,REF-597795
7b41a0c6-00cf-45d6-8b43-8482a102a9fd,COM-47621,USR-6453,LivraisonRetard,"La commande a été livrée avec 3 heures de retard, la nourriture était froide.",1/19/2025 15:16,,élevé,Escaladé,,,REF-303005
0c199c4e-a232-4e0e-a360-7391ec2f6875,COM-34156,USR-8375,LivraisonRetard,"J'ai attendu 1 heure pour ma commande, très frustrant.",2/19/2025 15:16,image_8010.jpg,élevé,Ouvert,,,REF-965369
12b6916f-0d3c-4e01-9cc1-c34d1d5c195d,COM-16995,USR-2702,LivraisonRetard,"Livraison en retard de 3 heures, c'est gênant mais acceptable.",10/14/2024 15:16,,élevé,Résolu,10/15/2024 14:16,MOD-10,REF-979393
67962fa9-03aa-4182-85d7-4135fd3f0f26,COM-88003,USR-1303,NourritureEndommagée,"La nourriture était écrasé, totalement immangeable.",9/30/2024 15:16,,élevé,Escaladé,,,REF-534499
324f53dd-0f8c-4243-8170-330970305b98,COM-73739,USR-9151,NourritureEndommagée,"La commande était brûlé, très déçu.",1/5/2025 15:16,,faible,Ouvert,,,REF-688275
658c8b3a-4b3f-4c41-b4d4-6775e02b7327,COM-96008,USR-4174,NourritureEndommagée,"La commande était trempé, très déçu.",11/19/2024 15:16,,faible,Escaladé,,,REF-105355
